tree
version=v4
num_class=1
num_tree_per_iteration=1
label_index=0
max_feature_idx=25
objective=binary sigmoid:1
feature_names=Column_0 Column_1 Column_2 Column_3 Column_4 Column_5 Column_6 Column_7 Column_8 Column_9 Column_10 Column_11 Column_12 Column_13 Column_14 Column_15 Column_16 Column_17 Column_18 Column_19 Column_20 Column_21 Column_22 Column_23 Column_24 Column_25
feature_infos=[0:10] [0:10] [0:1] [0:1] [0:120] [0:1] [0:1] [0:1] [0:1] [0:1] [0:1] [0:1] none none none none none [0:1] [0:1] [0:1] [0:1] [0:1] [0:1] [1:23] [0:1] [0.14285714285714285:0.5714285714285714]
tree_sizes=1744 1752 1747 1749 1753 1747 1745 1749 1756 1756 1760 1768 1769 1766 1756 1758 1782 1767 1753 1761 1768 1766 1767 1766 1759 1779 1772 1769 1762 1765 1771 1772 1779 1772 1780 1772 1774 1787 1777 1788 1784 1794 1782 1776 1774 1800 1783 1767 1797 1794 1777 1756 1798 1793 1774 1801 1793 1788 1769 1796 1798 1760 1797 1789 1780 1805 1775 1801 1804 1797 1800 1774 1808 1803 1789 1792 1812 1807 1781 1809 1818 1820 1801 1778 1788 1776 1795 1788 1793 1796 1799 1800 1795 1790 1803 1792 1786 1816 1796 1796 1790 1802 1781 1814 1791 1803 1793 1819 1797 1804 1814 1810 1827 1804 1807 1786 1802 1800 1794 1795

Tree=0
num_leaves=15
num_cat=0
split_feature=22 1 1 3 5 5 2 10 17 8 5 22 0 3
split_gain=10518.4 690.355 1127.93 589.153 509.135 383.819 272.406 193.886 295.099 79.5254 72.0162 60.9827 72.5105 72.8196
threshold=1.0000000180025095e-35 0.27023231515880991 6.8924747435913929 1.0000000180025095e-35 1.0000000180025095e-35 1.0000000180025095e-35 1.0000000180025095e-35 1.0000000180025095e-35 1.0000000180025095e-35 0.77931034482758632 1.0000000180025095e-35 0.25657894736842107 0.2119144930074062 1.0000000180025095e-35
decision_type=2 2 2 2 2 2 2 2 2 2 2 2 2 2
left_child=1 3 10 6 -5 9 -1 8 -8 11 -3 12 13 -2
right_child=5 2 -4 4 -6 -7 7 -9 -10 -11 -12 -13 -14 -15
leaf_value=-0.63364800157656642 -1.0778263996402444 -1.2978126292782881 -0.70288654221610236 -1.2988819699248451 -0.64744216104594021 -0.7826747558648508 -0.76461789071085562 -0.66174438998626339 -1.2961000988112816 -0.92728768642414638 -0.8612068723060784 -1.2931977666318055 -1.2777587757983297 -1.2971285551340979
leaf_weight=526.61227864958346 75.697726520709693 100.95768278371543 118.90376584883779 48.821558018215001 30.800319761969149 23.969685022719204 36.435704904608428 46.606848041526973 29.954269586130977 9.0456209331750852 5.3410893473774186 2030.4636183222756 195.26342983264476 35.010248614475131
leaf_count=9381 3087 2513 2265 1011 544 746 709 834 622 276 121 64391 7966 1426
internal_value=-1.13468 -0.774484 -0.971037 -0.71337 -1.0429 -1.27837 -0.672633 -0.858154 -1.00283 -1.28364 -1.27267 -1.28514 -1.23119 -1.14832
internal_weight=3313.88 944.434 225.203 719.231 79.6219 2369.45 639.609 112.997 66.39 2345.48 106.299 2336.44 305.971 110.708
internal_count=95892 18000 4899 13101 1555 77892 11546 2165 1331 77146 2634 76870 12479 4513
is_linear=0
shrinkage=1


Tree=1
num_leaves=15
num_cat=0
split_feature=22 4 0 5 3 10 0 0 5 25 22 1 3 10
split_gain=7242.01 408.713 344.212 290.168 143.947 287.393 179.969 363.377 164.068 120.897 68.6149 77.7945 69.8859 67.9113
threshold=0.055727554179566569 6.5000000000000009 1.0000150460031552 1.0000000180025095e-35 1.0000000180025095e-35 1.0000000180025095e-35 0.22030936730337305 0.99890514129716002 1.0000000180025095e-35 0.2142857142857143 0.25657894736842107 0.21444859473281233 1.0000000180025095e-35 1.0000000180025095e-35
decision_type=2 2 2 2 2 2 2 2 2 2 2 2 2 2
left_child=1 2 4 10 6 -6 9 8 -8 13 11 12 -2 -1
right_child=3 -3 -4 -5 5 -7 7 -9 -10 -11 -12 -13 -14 -15
leaf_value=0.12014892139733002 0.063124916771999801 -0.16173629144217352 -0.1556040670776011 0.26347216102998455 -0.15694118279813912 0.34959200514223154 -0.15695780917792623 0.30970076322125328 0.32133602288335567 0.35413525624525632 -0.1507606904481463 -0.13519221147958313 -0.15598328614303855 0.33665629145771336
leaf_weight=66.912078333087265 80.729715093970299 34.586204186081886 28.103601125068963 28.021546737290919 33.36083272472024 37.514520309865475 51.618998991325498 143.70017524063587 13.675742752850054 651.93533606268466 1869.7412065542303 181.46092836465687 32.056979689747095 37.612390306778252
leaf_count=1251 3181 782 838 745 744 548 1372 2279 217 9420 64550 7981 1426 558
internal_value=-0.0021923 0.265248 0.279313 -0.136363 0.291297 0.112717 0.304228 0.197024 -0.0522251 0.333436 -0.141704 -0.0837207 -0.000278756 0.201413
internal_weight=3291.03 1099.02 1064.43 2192.01 1036.33 70.8754 965.455 208.995 65.2947 756.46 2163.99 294.248 112.787 104.524
internal_count=95892 18009 17227 77883 16389 1292 15097 3868 1589 11229 77138 12588 4607 1809
is_linear=0
shrinkage=0.12775


Tree=2
num_leaves=15
num_cat=0
split_feature=22 4 0 5 3 10 0 0 5 25 8 22 0 3
split_gain=5450.8 284.391 237.037 230.625 87.5641 206.862 109.966 240.582 126.485 77.1341 67.0774 55.4722 54.779 49.112
threshold=0.055727554179566569 6.5000000000000009 1.0000150460031552 1.0000000180025095e-35 1.0000000180025095e-35 1.0000000180025095e-35 0.22030936730337305 0.99890514129716002 1.0000000180025095e-35 0.2142857142857143 0.77931034482758632 0.25657894736842107 0.2119144930074062 1.0000000180025095e-35
decision_type=2 2 2 2 2 2 2 2 2 2 2 2 2 2
left_child=1 2 4 10 6 -6 9 8 -8 -1 11 12 13 -2
right_child=3 -3 -4 -5 5 -7 7 -9 -10 -11 -12 -13 -14 -15
leaf_value=0.16518293194003747 0.039317978191189755 -0.15553182256008322 -0.15006951406762406 0.21246357485558418 -0.15141162676016168 0.28111795945886336 -0.15110996135085661 0.24747091540268487 0.26057381485536646 0.28342379916331356 0.18339827919879298 -0.14562868616447436 -0.12891604786102109 -0.15054490534934145
leaf_weight=111.12623349484056 80.15536748059094 31.622661881614476 25.631959869526327 30.438649081625044 30.407594305463135 40.744130602106452 47.118980681058019 156.13757749833167 14.92466644849628 706.06580474879593 9.5972669273614866 1703.7117196377367 167.05442923028022 29.210112834349275
leaf_count=1809 3085 782 838 745 744 548 1372 2279 217 9420 276 64391 7960 1426
internal_value=-0.00308292 0.216993 0.227574 -0.129926 0.236497 0.0969041 0.245949 0.163506 -0.0485807 0.267649 -0.135306 -0.136977 -0.0831974 -0.0126301
internal_weight=3183.95 1163.78 1132.16 2020.17 1106.52 71.1517 1035.37 218.181 62.0436 817.192 1989.73 1980.13 276.42 109.365
internal_count=95892 18009 17227 77883 16389 1292 15097 3868 1589 11229 77138 76862 12471 4511
is_linear=0
shrinkage=0.12775


Tree=3
num_leaves=15
num_cat=0
split_feature=22 4 5 0 0 22 3 0 0 3 5 2 10 0
split_gain=4268.02 211.993 187.876 175.613 64.6396 85.7268 71.5392 59.4034 254.936 74.8492 159.857 62.8629 67.9082 39.6679
threshold=0.055727554179566569 6.5000000000000009 1.0000000180025095e-35 1.0000150460031552 0.20317150167950285 0.34313725490196084 1.0000000180025095e-35 0.30448946361487123 0.99890514129716002 1.0000000180025095e-35 1.0000000180025095e-35 1.0000000180025095e-35 1.0000000180025095e-35 0.29332427125658561
decision_type=2 2 2 2 2 2 2 2 2 2 2 2 2 2
left_child=1 3 4 7 5 6 -2 9 -9 11 -11 -1 -13 -4
right_child=2 -3 13 -5 -6 -7 -8 8 -10 10 -12 12 -14 -15
leaf_value=0.24213143732552678 0.037680408244371084 -0.15026899076859995 0.23335010916240134 -0.1453189530354243 -0.14632236709213964 -0.12423782005377401 -0.14911491158481005 -0.14975955417028958 0.20849482991901486 -0.14723166711807192 0.24136719294306916 0.06408383183687627 0.2437831063347993 -0.15020165146034153
leaf_weight=715.62206007912755 117.11538107413799 28.785082830581814 27.565383062697951 23.288523094728589 1231.9596111834981 430.34089372586459 45.272126575931907 39.416176594328135 161.44680387061089 27.685982055496424 41.639545097015798 77.512065326794982 62.236376176588237 4.2176242563873521
leaf_count=9430 4568 782 635 838 52678 17628 2264 1272 2279 748 544 1298 818 110
internal_value=-0.0035189 0.186594 -0.124164 0.195204 -0.129563 -0.0944721 -0.0152102 0.202418 0.137654 0.216261 0.0863302 0.226636 0.145706 0.178339
internal_weight=3034.1 1177.63 1856.47 1148.85 1824.69 592.728 162.388 1125.56 200.863 924.696 69.3255 855.371 139.748 31.783
internal_count=95892 18009 77883 17227 77138 24460 6832 16389 3551 12838 1292 11546 2116 745
is_linear=0
shrinkage=0.12775


Tree=4
num_leaves=15
num_cat=0
split_feature=22 4 5 0 0 22 2 3 0 0 0 5 3 10
split_gain=3420.55 165.563 153.241 137.157 62.8091 74.9071 65.7907 165.262 150.504 49.7239 117.59 87.0876 55.2534 127.827
threshold=0.080128205128205135 6.5000000000000009 1.0000000180025095e-35 1.0000150460031552 0.20317150167950285 0.34313725490196084 1.0000000180025095e-35 1.0000000180025095e-35 0.0017735901571924908 0.20317150167950285 0.99890514129716002 1.0000000180025095e-35 1.0000000180025095e-35 1.0000000180025095e-35
decision_type=2 2 2 2 2 2 2 2 2 2 2 2 2 2
left_child=1 3 4 9 5 6 7 8 -2 12 11 -11 -1 -14
right_child=2 -3 -4 -5 -6 -7 -8 -9 -10 10 -12 -13 13 -15
leaf_value=0.2016281841239333 0.44431065416183396 -0.14578223937697488 0.15283317613299061 -0.14131895389802207 -0.14202165129216079 -0.11859130034381331 -0.11839503879874688 -0.14515290101515993 0.024890731464907483 -0.11739690216677738 0.18122484930613803 0.20131538959490236 -0.14335102657448467 0.21423050764840154
leaf_weight=820.48640446644276 21.36217447090894 26.319538372103125 32.060371710918844 21.332015990745276 1114.2187827802263 395.63817997742444 60.249823315069079 40.672276450321078 36.64177704975009 45.418255337513983 162.46344416309148 18.60110274516046 25.232674071099609 41.242892805486917
leaf_count=11209 736 806 732 864 52531 17628 2354 2238 1397 1517 2309 258 760 553
internal_value=-0.00375872 0.165165 -0.119116 0.172544 -0.124462 -0.0889186 -0.0146667 0.0494236 0.186062 0.178724 0.123847 -0.0225105 0.192524 0.0783461
internal_weight=2861.94 1161.1 1700.84 1134.78 1668.78 554.564 158.926 98.6762 58.004 1113.44 226.483 64.0194 886.962 66.4756
internal_count=95892 18276 77616 17470 76884 24353 6725 4371 2133 16606 4084 1775 12522 1313
is_linear=0
shrinkage=0.12775


Tree=5
num_leaves=15
num_cat=0
split_feature=22 4 5 0 0 22 2 3 0 23 0 0 5 2
split_gain=2773.4 130.321 129.029 107.255 62.1329 67.7184 53.623 125.804 92.2633 41.3458 39.0464 102.898 70.4603 56.1406
threshold=0.055727554179566569 6.5000000000000009 1.0000000180025095e-35 1.0000150460031552 0.2119144930074062 0.34313725490196084 1.0000000180025095e-35 1.0000000180025095e-35 0.0017735901571924908 3.5000000000000004 0.22030936730337305 0.99890514129716002 1.0000000180025095e-35 1.0000000180025095e-35
decision_type=2 2 2 2 2 2 2 2 2 2 2 2 2 2
left_child=1 3 4 10 5 6 7 8 -2 -7 13 12 -12 -1
right_child=2 -3 -4 -5 -6 9 -8 -9 -10 -11 11 -13 -14 -15
leaf_value=0.18736220600899395 0.3322606981600873 -0.14175015019618775 0.13408691727011091 -0.13748175230361662 -0.13812275460711762 -0.042392926886491829 -0.11049196182798458 -0.14175687265425116 0.022210702661775876 -0.13957531629793588 -0.14054477389978112 0.16045004558758783 0.17569265655014743 0.098449376625697013
leaf_weight=725.69620676664636 25.431422147899866 23.616083456203341 32.392039386555552 19.063184602186084 1004.3419218799099 99.511620841920376 57.233731703832746 36.828801829367876 38.199533546343446 266.8336566076614 36.54461380885914 160.01264187600464 15.186759922653435 143.8942762715742
leaf_count=10405 758 782 745 838 52504 2193 2397 2264 1450 15572 1372 2279 217 2116
internal_value=-0.00392858 0.148971 -0.114075 0.155379 -0.119451 -0.083397 -0.0132392 0.0429104 0.15053 -0.113434 0.16071 0.110149 -0.0455644 0.172828
internal_weight=2684.79 1124.01 1560.77 1100.4 1528.38 524.039 157.693 100.46 63.631 366.345 1081.33 211.744 51.7314 869.59
internal_count=95892 18009 77883 17227 77138 24634 6869 4472 2208 17765 16389 3868 1589 12521
is_linear=0
shrinkage=0.12775


Tree=6
num_leaves=15
num_cat=0
split_feature=22 5 4 0 0 3 2 1 22 3 5 25 0 0
split_gain=2266.35 107.457 105.224 86.7948 59.4044 63.9803 162.867 321.468 68.6901 38.853 104.88 45.3798 63.3076 69.2442
threshold=0.080128205128205135 1.0000000180025095e-35 6.5000000000000009 1.0000150460031552 0.2119144930074062 1.0000000180025095e-35 1.0000000180025095e-35 0.0005150982323195698 0.37171052631578955 1.0000000180025095e-35 1.0000000180025095e-35 0.2142857142857143 0.20317150167950285 0.99890514129716002
decision_type=2 2 2 2 2 2 2 2 2 2 2 2 2 2
left_child=2 4 3 9 5 6 7 8 -2 11 -11 -1 -13 -14
right_child=1 -3 -4 -5 -6 -7 -8 -9 -10 10 -12 12 13 -15
leaf_value=0.07770512256704018 0.27939306370632067 0.11794617450373772 -0.13827228144505388 -0.13433105738798928 -0.13466513375077219 -0.14448507294444193 -0.12487525845171221 -0.048375648146447653 0.74256406697624688 -0.14522120290173485 0.18046509524788212 0.18218387896691607 -0.020514746894959381 0.14408943466089705
leaf_weight=122.31813708227128 25.33398471493274 31.96706117130816 21.485736064612865 17.393635574728251 904.62370100524276 161.3326630378142 184.72002984629944 110.30832373257726 6.7444811966270199 26.037187962327152 38.03190207388252 646.62676431145519 56.288519836962223 156.2593377539888
leaf_count=1847 697 732 806 864 52357 9235 9400 5022 173 765 548 9362 1775 2309
internal_value=-0.00401772 -0.10988 0.135056 0.140752 -0.115219 -0.0789279 -0.0461254 0.0562546 0.403262 0.145499 0.0478387 0.151798 0.162205 0.100646
internal_weight=2509.47 1425.03 1084.44 1062.96 1393.06 488.439 327.107 142.387 32.0785 1045.56 64.0691 981.493 859.175 212.548
internal_count=95892 77616 18276 17470 76884 24527 15292 5892 870 16606 1313 15293 13446 4084
is_linear=0
shrinkage=0.12775


Tree=7
num_leaves=15
num_cat=0
split_feature=22 5 4 0 22 1 1 0 3 25 4 10 3 2
split_gain=1868.47 90.7538 85.8039 70.6993 59.1466 46.891 60.6478 46.0276 38.9599 51.8081 52.499 37.9807 106.026 92.0137
threshold=0.080128205128205135 1.0000000180025095e-35 6.5000000000000009 1.0000150460031552 0.34313725490196084 0.21444859473281233 6.8924747435913929 0.99912496131386719 1.0000000180025095e-35 0.2142857142857143 6.5000000000000009 1.0000000180025095e-35 1.0000000180025095e-35 1.0000000180025095e-35
decision_type=2 2 2 2 2 2 2 2 2 2 2 2 2 2
left_child=2 4 3 11 5 8 -7 -8 9 -2 -11 12 13 -1
right_child=1 -3 -4 -5 -6 6 7 -9 -10 10 -12 -13 -14 -15
leaf_value=0.14431417307070638 -0.08456337893452183 0.1048761611276163 -0.13507460679200634 -0.13127888957647399 -0.12685697157895343 -0.14118974751584573 0.51025743685083202 0.0041469367452094492 -0.13589372301014757 0.13969097212247242 -0.14602935913210519 0.17853829988695175 -0.1415919826618276 0.003664109989265842
leaf_weight=646.84596504317597 42.186820272821933 31.556322185322642 19.357781215105206 15.670224780216811 956.8617169931531 142.73693154240027 1.92262169858441 26.809741327073425 29.403655141126364 59.802462142426521 11.498145919293163 239.97334535513073 23.549940265715122 86.059378903359175
leaf_count=10882 2008 732 806 864 57717 10379 137 1895 2238 1998 512 3630 760 1334
internal_value=-0.00405154 -0.105703 0.124309 0.129447 -0.111038 -0.0625468 -0.107313 0.0597449 -0.00831738 0.0259662 0.091726 0.133722 0.119207 0.127836
internal_weight=2334.24 1302.78 1031.46 1012.1 1271.22 314.36 171.469 28.7324 142.891 113.487 71.3006 996.429 756.455 732.905
internal_count=95892 77616 18276 17470 76884 19167 12411 2032 6756 4518 2510 16606 12976 12216
is_linear=0
shrinkage=0.12775


Tree=8
num_leaves=15
num_cat=0
split_feature=22 0 4 5 3 2 0 0 1 25 10 1 0 3
split_gain=1539.97 91.222 74.0233 72.2606 60.3673 132.586 203.057 58.0589 138.207 49.0721 36.2933 35.5433 83.5468 35.2771
threshold=0.055727554179566569 0.20317150167950285 2.5000000000000004 1.0000000180025095e-35 1.0000000180025095e-35 1.0000000180025095e-35 0.0017735901571924908 0.30448946361487123 6.6323431762046399 0.2142857142857143 1.0000000180025095e-35 6.8924747435913929 0.99901350511398923 1.0000000180025095e-35
decision_type=2 2 2 2 2 2 2 2 2 2 2 2 2 2
left_child=2 3 7 4 5 6 -2 9 -9 10 -1 -3 -13 -11
right_child=1 11 -4 -5 -6 -7 -8 8 -10 13 -12 12 -14 -15
leaf_value=0.013425011206445708 0.30289852114352755 -0.1405212697595504 -0.059136561070529163 0.14762571213499456 -0.13995416639073471 -0.11545191386548639 -0.041285114073135287 -0.1426450861998754 0.11671709679501249 0.16092030775639199 0.16296409394493444 0.49467737647253657 -0.082475066159715768 0.049859804374660838
leaf_weight=82.360301225446165 37.701269391924143 632.30241584219038 37.635991165880114 25.662394786253572 130.47298175748438 155.57697607995942 97.558529680129141 42.258681303355843 144.71105545666069 580.47756324894726 37.868084053508937 2.8891071379184714 112.87597151799127 52.416261765174568
leaf_count=1251 962 44945 1308 604 9261 9443 4794 1905 2289 9480 558 139 7735 1218
internal_value=-0.00406457 -0.101294 0.114751 -0.055382 -0.0681868 -0.0354847 0.0567302 0.121788 0.0574837 0.137619 0.0618336 -0.128575 -0.0624405 0.15185
internal_weight=2172.77 1195.04 977.728 446.972 421.31 290.837 135.26 940.092 186.97 753.122 120.228 748.067 115.765 632.894
internal_count=95892 77883 18009 25064 24460 15199 5756 16701 4194 12507 1809 52819 7874 10698
is_linear=0
shrinkage=0.12775


Tree=9
num_leaves=15
num_cat=0
split_feature=22 1 4 22 0 1 25 11 10 23 10 3 2 1
split_gain=1281.36 74.9364 73.3497 57.0253 52.7 128.844 50.7236 49.7474 133.515 47.6443 46.2639 45.7086 95.2816 60.3989
threshold=0.12916666666666668 0.19887102038679749 1.0000000180025095e-35 0.52786377708978338 0.30448946361487123 6.6323431762046399 0.2142857142857143 1.0000000180025095e-35 1.0000000180025095e-35 2.5000000000000004 1.0000000180025095e-35 1.0000000180025095e-35 1.0000000180025095e-35 0.0005150982323195698
decision_type=2 2 2 2 2 2 2 2 2 2 2 2 2 2
left_child=2 3 4 11 6 -6 7 8 -1 -5 -4 12 13 -2
right_child=1 -3 10 9 5 -7 -8 -9 -10 -11 -12 -13 -14 -15
leaf_value=-0.19153918656109759 0.23740173018676972 -0.12682716851571263 -0.15341579117231502 0.034858979154063822 -0.14041531252584596 0.10947428184773983 0.14364029833674477 0.14679571569587299 0.15188105322900186 -0.13327981933458402 0.071353770007983916 -0.11407448181514486 -0.087283239730068199 0.021286841768697193
leaf_weight=34.87971178535372 36.064407571218908 664.53200935805216 27.095653512747958 32.458062946796417 42.757159186061472 141.75072343600914 589.26987948501483 51.160040634684265 36.317012661136687 162.35924348817207 30.238350645173341 48.731180720962584 66.2929273606278 49.067013333551586
leaf_count=676 884 51439 1470 633 2701 2568 11106 825 594 12489 760 3814 3905 2028
internal_value=-0.0040042 -0.100632 0.10336 -0.056272 0.112316 0.0509562 0.128096 0.052471 -0.0168035 -0.105219 -0.0359747 -0.0082384 0.0265408 0.115156
internal_weight=2012.97 1059.5 953.469 394.973 896.135 184.508 711.627 122.357 71.1967 194.817 57.334 200.156 151.424 85.1314
internal_count=95892 75192 20700 23753 18470 5269 13201 2095 1270 13122 2230 10631 6817 2912
is_linear=0
shrinkage=0.12775


Tree=10
num_leaves=15
num_cat=0
split_feature=22 0 4 0 1 5 3 25 4 1 2 3 10 5
split_gain=1064.25 70.3155 61.2017 51.7458 87.0475 50.3055 47.0098 55.0784 75.9676 87.2015 46.8363 52.0802 74.6091 43.5045
threshold=0.12916666666666668 0.2119144930074062 6.5000000000000009 0.22030936730337305 6.8924747435913929 1.0000000180025095e-35 1.0000000180025095e-35 0.2142857142857143 6.5000000000000009 0.0020551073098664724 1.0000000180025095e-35 1.0000000180025095e-35 1.0000000180025095e-35 1.0000000180025095e-35
decision_type=2 2 2 2 2 2 2 2 2 2 2 2 2 2
left_child=2 5 3 10 13 6 7 -2 9 -9 11 -1 -13 -5
right_child=1 -3 -4 4 -6 -7 -8 8 -10 -11 -12 12 -14 -15
leaf_value=0.14769678768309197 -0.10301136266071968 -0.12427768892815984 -0.13125306035594034 -0.13396906421677801 0.10081866067880284 0.1301672674722201 -0.13662671080836228 0.23046838438816908 -0.13928027769707754 -0.011183580607526198 0.050102887150333279 -0.14289709082227509 0.14703205699501082 0.11531875908953292
leaf_weight=489.24745378596708 107.72627801308408 591.88109004567377 17.798039140878245 49.800504329614341 134.70554399350658 21.675820124335587 104.16557360091247 35.706241839565337 36.163281429791823 70.756465604528785 136.75066291028634 24.96561543084681 30.836035304702818 13.561695713084189
leaf_count=9574 7686 51083 1109 3282 2533 488 8991 905 2461 3578 2438 923 580 261
internal_value=-0.00399009 -0.0968335 0.0961306 0.100928 0.0430496 -0.0533595 -0.0650397 -0.0346711 0.0174368 0.0717664 0.117621 0.134393 0.0170013 -0.0792984
internal_weight=1865.74 968.075 897.666 879.868 198.068 376.194 354.518 250.352 142.626 106.463 681.8 545.049 55.8017 63.3622
internal_count=95892 75192 20700 19591 6076 24109 23621 14630 6944 4483 13515 11077 1503 3543
is_linear=0
shrinkage=0.12775


Tree=11
num_leaves=15
num_cat=0
split_feature=22 4 0 10 3 2 11 0 1 3 25 4 1 10
split_gain=890.762 66.0633 54.0998 46.4385 69.951 59.0488 126.436 83.8805 111.557 37.8115 52.0039 63.419 71.2418 36.3624
threshold=0.17156862745098042 1.0000000180025095e-35 0.2119144930074062 1.0000000180025095e-35 1.0000000180025095e-35 1.0000000180025095e-35 1.0000000180025095e-35 0.20317150167950285 6.6323431762046399 1.0000000180025095e-35 0.2142857142857143 6.5000000000000009 0.0020551073098664724 1.0000000180025095e-35
decision_type=2 2 2 2 2 2 2 2 2 2 2 2 2 2
left_child=1 3 9 4 5 7 -7 -1 -9 10 -2 12 -12 -3
right_child=2 13 -4 -5 -6 6 -8 8 -10 -11 11 -13 -14 -15
leaf_value=0.13936135981419132 -0.10126540431469144 -0.15064474517296969 -0.12344985501495989 0.15482373279740227 -0.14008171204005043 -0.18434325122584289 0.11751827497198165 -0.12323162868826278 0.094772035424817103 -0.12388262514415269 0.19837996862831525 -0.13569328666331165 -0.013820968341115592 0.050513030624311735
leaf_weight=355.75724492734298 93.829966801218688 26.927575274370611 515.88338604406454 169.10515363421291 21.706710847560316 37.422469177283347 53.029351571574807 52.11052808817476 134.03183633228764 95.330167239299044 40.547224878333509 31.097325202077627 66.802557437680662 29.382715555140749
leaf_count=7779 7369 1985 49176 3449 984 852 947 4032 2925 8753 936 2391 3405 909
internal_value=-0.00394549 0.0859454 -0.0976584 0.0951013 0.0793682 0.0871885 -0.00825956 0.103101 0.0332864 -0.0566988 -0.0285594 0.0212265 0.0678231 -0.046977
internal_weight=1722.96 879.474 843.491 823.163 654.058 632.351 90.4518 541.9 186.142 327.607 232.277 138.447 107.35 56.3103
internal_count=95892 23862 72030 20968 17519 16535 1799 14736 6957 22854 14101 6732 4341 2894
is_linear=0
shrinkage=0.12775


Tree=12
num_leaves=15
num_cat=0
split_feature=22 4 0 10 3 2 11 0 1 22 23 10 4 1
split_gain=745.958 55.2922 50.6475 41.2104 58.7034 50.5795 102.442 73.4431 91.211 34.5422 41.6988 31.4539 29.3059 28.7594
threshold=0.17156862745098042 1.0000000180025095e-35 0.2119144930074062 1.0000000180025095e-35 1.0000000180025095e-35 1.0000000180025095e-35 1.0000000180025095e-35 0.20317150167950285 6.6323431762046399 0.52786377708978338 2.5000000000000004 1.0000000180025095e-35 2.5000000000000004 6.8924747435913929
decision_type=2 2 2 2 2 2 2 2 2 2 2 2 2 2
left_child=1 3 9 4 5 7 -7 -1 -9 12 -11 -3 -2 -4
right_child=2 11 13 -5 -6 6 -8 8 -10 10 -12 -13 -14 -15
leaf_value=0.13294359977927775 0.017820489046203949 -0.14800918366451557 -0.13471472232588705 0.14852501658605455 -0.13692064241490437 -0.17409604751792085 0.10366216192247302 -0.11788283538035624 0.086316656849830614 0.03740993562884895 -0.12759946848452483 0.044808260109327126 -0.12401675209207856 -0.04698508175754907
leaf_weight=327.2688008104451 122.18053767154925 24.115848970366642 388.86301903310232 154.77079729782417 19.545377484057099 34.816786929965019 52.645101575180888 47.865169925382361 128.85727815702558 30.462902907282114 125.44075796380639 29.088162835221738 28.073949670419097 74.578853924525902
leaf_count=7779 7037 1985 41922 3449 984 852 947 4032 2925 640 12685 909 2492 7254
internal_value=-0.00392071 0.0808757 -0.0941405 0.0896232 0.0744033 0.0816878 -0.00788977 0.0972121 0.0305268 -0.0534598 -0.0953122 -0.0441155 -0.00956399 -0.120777
internal_weight=1588.57 818.973 769.6 765.769 610.999 591.453 87.4619 503.991 176.722 306.158 155.904 53.204 150.254 463.442
internal_count=95892 23862 72030 20968 17519 16535 1799 14736 6957 22854 13325 2894 9529 49176
is_linear=0
shrinkage=0.12775


Tree=13
num_leaves=15
num_cat=0
split_feature=22 0 1 0 4 2 3 1 0 1 2 3 5 5
split_gain=623.522 60.3031 48.3616 62.9657 41.2751 45.5738 70.5783 72.9787 37.6389 47.3059 35.1675 37.727 51.5862 29.3677
threshold=0.055727554179566569 0.2119144930074062 6.8924747435913929 0.99912496131386719 6.5000000000000009 1.0000000180025095e-35 1.0000000180025095e-35 0.0005150982323195698 0.22030936730337305 6.6323431762046399 1.0000000180025095e-35 1.0000000180025095e-35 1.0000000180025095e-35 1.0000000180025095e-35
decision_type=2 2 2 2 2 2 2 2 2 2 2 2 2 2
left_child=8 4 -3 -4 5 6 7 -2 10 13 11 -1 -13 -10
right_child=1 2 3 -5 -6 -7 -8 -9 9 -11 -12 12 -14 -15
leaf_value=0.13045499311050221 0.20549838185598091 -0.13347430806474278 0.371341007204879 -0.054384710685448763 -0.13435973800109299 -0.088426294956302817 -0.10444252898109757 -0.00062744426744063941 -0.13059915558395185 0.073124209135168997 0.037969854267706722 -0.13585158219840301 0.13272459934939801 0.099584180222416219
leaf_weight=372.48505433974788 42.360209655947983 362.56950599234551 4.7575857874471685 74.705417962744832 61.795001012273133 97.703581894282252 50.629715494578704 78.053007632726803 36.49449119810015 116.03765927068889 118.93750410550274 20.860020851483569 23.197246587369591 10.769404095131902
leaf_count=9185 1192 44769 258 7616 6588 8180 5349 3931 2575 2289 2165 1011 544 240
internal_value=-0.00390451 -0.0829257 -0.113751 -0.02302 -0.041403 -0.0194543 0.0203346 0.0733853 0.0834528 0.0294477 0.0998049 0.117278 0.00529784 -0.0768194
internal_weight=1471.36 772.574 442.033 79.463 330.542 268.747 171.043 120.413 698.781 163.302 535.48 416.542 44.0573 47.2639
internal_count=95892 77883 52643 7874 25240 18652 10472 5123 18009 5104 12905 10740 1555 2815
is_linear=0
shrinkage=0.12775


Tree=14
num_leaves=15
num_cat=0
split_feature=22 23 0 1 23 4 1 25 3 1 4 1 0 2
split_gain=527.592 57.6924 40.1798 34.5117 32.1152 28.1572 27.829 27.1566 35.9881 21.3331 21.1723 20.1206 32.4265 19.9994
threshold=0.20526315789473687 4.5000000000000009 0.22030936730337305 0.20709009191543507 5.5000000000000009 6.5000000000000009 6.8924747435913929 0.2142857142857143 1.0000000180025095e-35 0.0020551073098664724 6.5000000000000009 6.8924747435913929 0.99901350511398923 1.0000000180025095e-35
decision_type=2 2 2 2 2 2 2 2 2 2 2 2 2 2
left_child=1 10 4 13 5 7 -5 -2 9 -9 -1 -4 -13 -3
right_child=2 3 11 6 -6 -7 -8 8 -10 -11 -12 12 -14 -15
leaf_value=0.098735653031267759 -0.075389580027997116 0.079239373287423004 -0.1328128586827122 -0.10970896195494251 -0.10837702912352258 -0.12961252095154033 0.031329716289042325 0.17956266835235862 -0.084317139146737899 0.032790354016211248 -0.11417474336815889 0.31447105730787772 -0.073351529747457692 -0.01437056691179916
leaf_weight=466.28764346148819 40.722439236007631 131.83887196425349 294.64048819325399 46.822351059759967 99.202243736479431 27.639691198244691 42.470901733729988 27.571853123605251 23.282715224660933 38.351606291718781 6.6597960349172345 2.3741915863938621 63.859995442209765 51.181273087859154
leaf_count=7798 2395 7761 40231 6456 14213 1997 2172 502 1527 1317 284 73 6868 2298
internal_value=-0.003804 0.0684996 -0.0910052 0.0215083 -0.0519593 -0.0158102 -0.0431677 0.00950146 0.0488095 0.0965881 0.0954157 -0.118485 -0.0533443 0.0531495
internal_weight=1362.91 745.261 617.645 272.313 256.771 157.568 89.2933 129.929 89.2062 65.9235 472.947 360.875 66.2342 183.02
internal_count=95892 26769 69123 18687 21951 7738 8628 5741 3346 1819 8082 47172 6941 10059
is_linear=0
shrinkage=0.12775


Tree=15
num_leaves=15
num_cat=0
split_feature=22 23 0 23 0 1 4 1 0 4 10 2 3 1
split_gain=436.094 47.8395 38.0359 28.5927 27.9402 30.406 22.2134 20.5717 25.1146 20.4706 19.2177 21.4772 22.4266 20.3432
threshold=0.20526315789473687 4.5000000000000009 0.22030936730337305 4.5000000000000009 0.30448946361487123 6.8924747435913929 6.5000000000000009 6.8924747435913929 0.99901350511398923 1.0000000180025095e-35 1.0000000180025095e-35 1.0000000180025095e-35 1.0000000180025095e-35 0.0020551073098664724
decision_type=2 2 2 2 2 2 2 2 2 2 2 2 2 2
left_child=1 -1 3 6 9 -6 -2 -4 -9 10 11 12 13 -3
right_child=2 4 7 -5 5 -7 -8 8 -10 -11 -12 -13 -14 -15
leaf_value=0.087897046177784974 0.02742062718805539 0.14319440572952236 -0.13184278964258714 -0.087311194877432483 -0.13156017273163334 0.027661969342801195 -0.1250298816789891 0.25519481606065092 -0.068710821832234523 -0.08203023508233695 0.13740572706742488 -0.048403877604659369 -0.12474628156553171 0.020738077913851374
leaf_weight=449.31828559190035 88.702218696475029 45.729138117283583 261.098739330424 135.34689475735649 34.548774937284179 42.161651351489127 17.491918561980128 2.8346928618848315 59.833861883496866 17.318468310520984 38.397333415690809 35.36833108169958 7.938739218749105 42.798407868249342
leaf_count=8082 3402 2652 40231 17354 5951 2172 1195 73 6868 1358 1972 1538 870 2174
internal_value=-0.00376313 0.0625846 -0.0874614 -0.0486838 0.0193143 -0.045101 0.00103384 -0.116063 -0.0489012 0.0457972 0.0593541 0.035439 0.0664271 0.0852144
internal_weight=1278.89 713.579 565.308 241.541 264.261 76.7104 106.194 323.767 62.6686 187.55 170.232 131.835 96.4663 88.5275
internal_count=95892 26769 69123 21951 18687 8123 4597 47172 6941 10564 9206 7234 5696 4826
is_linear=0
shrinkage=0.12775


Tree=16
num_leaves=15
num_cat=0
split_feature=22 4 10 3 2 11 1 0 23 23 4 2 3 1
split_gain=358.741 43.098 43.1762 42.7009 44.5244 83.4058 67.7121 37.4431 25.602 25.3557 22.4822 24.6489 30.5344 24.7457
threshold=0.20526315789473687 1.0000000180025095e-35 1.0000000180025095e-35 1.0000000180025095e-35 1.0000000180025095e-35 1.0000000180025095e-35 0.0020551073098664724 0.22030936730337305 5.5000000000000009 3.5000000000000004 6.5000000000000009 1.0000000180025095e-35 1.0000000180025095e-35 0.0005150982323195698
decision_type=2 2 2 2 2 2 2 2 2 2 2 2 2 2
left_child=1 2 3 4 6 -6 -1 8 10 -8 11 12 13 -2
right_child=7 -3 -4 -5 5 -7 9 -9 -10 -11 -12 -13 -14 -15
leaf_value=0.14352714609663852 0.19510538675198713 -0.057324714311839928 0.13522290240667881 -0.13487023198314166 -0.1717335388854388 0.077892607189304214 0.075785689518383492 -0.1136027546479563 -0.099856142304032836 -0.0038913747504195199 -0.12649788628869799 -0.070704539783562212 -0.078422013959152076 0.03027712789092667
leaf_weight=147.87146710790694 22.888267761096358 48.570359359262511 119.38533263420686 18.365912872366607 35.750918549485505 51.780181594658643 126.65369858965278 290.73167742951773 84.795468205120414 132.52951251110062 22.240356593392789 40.903802311047912 21.807971707545221 40.004979486577213
leaf_count=4845 413 3527 3574 1146 994 1067 2010 47172 14213 9606 1997 2467 1527 1334
internal_value=-0.00367031 0.057412 0.0663302 0.0499777 0.0571963 -0.0251418 0.0749269 -0.0830806 -0.0444943 0.0352382 -0.0121151 0.00928722 0.0484285 0.0931493
internal_weight=1204.28 680.907 632.337 512.952 494.586 87.5311 407.055 523.373 232.641 259.183 147.845 125.605 84.7012 62.8932
internal_count=95892 26769 23242 19668 18522 2061 16461 69123 21951 11616 7738 5741 3274 1747
is_linear=0
shrinkage=0.12775


Tree=17
num_leaves=15
num_cat=0
split_feature=22 4 10 3 2 1 11 23 0 0 1 6 3 25
split_gain=300.181 45.9743 45.2661 40.6424 42.385 76.0699 75.5401 33.3948 29.2756 24.9779 23.0898 20.3646 18.2245 17.9636
threshold=0.25657894736842107 6.5000000000000009 1.0000000180025095e-35 1.0000000180025095e-35 1.0000000180025095e-35 0.0020551073098664724 1.0000000180025095e-35 4.5000000000000009 0.17947797697107901 1.0000150460031552 6.8924747435913929 1.0000000180025095e-35 1.0000000180025095e-35 0.2142857142857143
decision_type=2 2 2 2 2 2 2 2 2 2 2 2 2 2
left_child=1 2 3 4 5 -1 -6 8 12 11 -10 -7 13 -2
right_child=7 -3 -4 -5 6 9 -8 -9 10 -11 -12 -13 -14 -15
leaf_value=0.14096142588950608 -0.053755641616531111 -0.12899656498752343 0.12129564361108802 -0.13308208930476556 -0.1649106104620171 -0.17498288228410239 0.06550932957245402 -0.11744264487723892 -0.12342611992883355 -0.12424161576235394 0.026699826618063596 0.040075393098896281 -0.092428714653214117 0.078148724746901224
leaf_weight=135.79397262632847 23.947199497371912 21.542444119113497 134.54312115581706 20.346882729791105 38.840600906871259 6.0542995646828777 53.72039120644331 241.81612451560795 81.805277412291616 15.9486978611676 20.38327101431787 257.65564432239626 22.769930455833673 49.859309297055006
leaf_count=4989 1367 2817 4412 1645 1293 493 1242 50832 8164 2722 1422 11470 1593 1431
internal_value=-0.00351044 0.0494023 0.0554544 0.0384175 0.0456266 0.0630099 -0.0321773 -0.0856089 -0.04634 0.0246551 -0.0935239 0.0342571 0.00419718 0.035151
internal_weight=1125.03 684.446 662.904 528.36 508.014 415.453 92.561 440.581 198.765 279.659 102.189 263.71 96.5764 73.8065
internal_count=95892 31083 28266 23854 22209 19674 2535 64809 13977 14685 9586 11963 4391 2798
is_linear=0
shrinkage=0.12775


Tree=18
num_leaves=15
num_cat=0
split_feature=22 23 23 1 1 1 1 22 4 0 4 25 5 3
split_gain=248.968 41.5106 31.4306 25.6621 22.9592 22.2112 30.7862 21.6604 16.317 15.9893 15.1178 16.0887 14.7256 28.4202
threshold=0.25657894736842107 4.5000000000000009 4.5000000000000009 0.2583348565044789 6.8924747435913929 0.21444859473281233 6.8924747435913929 0.06458333333333334 6.5000000000000009 0.99912496131386719 1.0000000180025095e-35 0.2142857142857143 1.0000000180025095e-35 1.0000000180025095e-35
decision_type=2 2 2 2 2 2 2 2 2 2 2 2 2 2
left_child=1 12 3 8 -5 10 -7 9 -2 -8 11 -3 13 -1
right_child=2 5 -4 4 -6 6 7 -9 -10 -11 -12 -13 -14 -15
leaf_value=0.06923120387415603 0.021933845810621494 -0.015951131958363687 -0.11468163316613088 -0.12875112760422475 0.022958804116749429 -0.1131103961453309 0.1203154953022641 0.14772506324260176 -0.1212286635025598 -0.084048582725529841 -0.072753129460859364 0.072795248323478279 0.13149260728577028 -0.12548528737055512
leaf_weight=306.25973999686539 87.281640061642975 46.693017060402781 217.64248293847777 67.126008881255984 20.864518676884472 47.598667159327306 7.1258535822853473 15.576036074664442 13.850688166916369 22.683152483776212 18.157780752633698 111.54714176501147 59.02317132614553 11.51532452739775
leaf_count=6215 3518 2379 50832 7814 1422 8740 293 1347 1223 947 1656 7639 1443 424
internal_value=-0.00351611 0.0457412 -0.0816559 -0.0430972 -0.0929773 0.00737821 -0.0427602 0.0321764 0.00096537 -0.0320479 0.0339336 0.0466963 0.0730414 0.0616656
internal_weight=1052.95 646.18 406.765 189.123 87.9905 269.382 92.9837 45.385 101.132 29.809 176.398 158.24 376.798 317.775
internal_count=95892 31083 64809 13977 9236 23001 11327 2587 4741 1240 11674 10018 8082 6639
is_linear=0
shrinkage=0.12775


Tree=19
num_leaves=15
num_cat=0
split_feature=22 4 10 23 3 2 1 11 0 24 1 1 1 0
split_gain=205.486 44.4782 47.5801 37.1733 35.1216 34.9097 82.473 63.7481 22.6383 20.8669 18.3045 30.2075 26.9524 29.1334
threshold=0.34313725490196084 6.5000000000000009 1.0000000180025095e-35 3.5000000000000004 1.0000000180025095e-35 1.0000000180025095e-35 0.0020551073098664724 1.0000000180025095e-35 1.0000150460031552 0.10818713450292398 6.8924747435913929 0.22228841073190517 7.337121748246199 0.99999869483917114
decision_type=2 2 2 2 2 2 2 2 2 2 2 2 2 2
left_child=1 2 4 -2 5 6 -1 -7 9 -8 11 -11 -12 -14
right_child=3 -3 -4 -5 -6 7 8 -9 -10 10 12 -13 13 -15
leaf_value=0.1386372191082077 -0.026145837791233993 -0.12777603929601017 0.11512938401620998 -0.11711676489076255 -0.13199698647474001 -0.15873575556426786 0.069873935170569029 0.05200725406744601 -0.12360950017873325 0.014244628837108926 0.15673222196923078 -0.1267813226168959 -0.18220783620103584 0.04090162129833131
leaf_weight=118.66474000178277 112.22157728951424 24.441945655737072 121.3058337115217 215.39009934093338 20.509934921748936 38.928601301740855 95.453788834856823 54.79852636763826 17.233348463429138 66.047639823518693 22.405041211517528 38.077193368342705 10.705525959143413 44.298392401775345
leaf_count=5106 6885 4276 4618 50988 2126 1642 2453 1518 3723 2793 725 6211 732 2096
internal_value=-0.00342915 0.0369616 0.0434282 -0.0861944 0.0266714 0.0334345 0.0493901 -0.036551 0.0129182 0.0219805 -0.00353831 -0.0383059 0.043081 -0.00590338
internal_weight=1000.48 672.871 648.429 327.612 527.123 506.613 412.886 93.7271 294.221 276.988 181.534 104.125 77.409 55.0039
internal_count=95892 38019 33743 57873 29125 26999 23839 3160 18733 15010 12557 9004 3553 2828
is_linear=0
shrinkage=0.12775


Tree=20
num_leaves=15
num_cat=0
split_feature=22 0 1 23 2 3 1 5 1 0 4 10 17 0
split_gain=170.152 39.0142 71.4062 35.6747 35.3343 35.4974 38.8235 34.9777 29.145 38.8933 24.502 23.1232 54.8576 16.9313
threshold=0.34313725490196084 0.22030936730337305 6.8924747435913929 3.5000000000000004 1.0000000180025095e-35 1.0000000180025095e-35 0.0020551073098664724 1.0000000180025095e-35 7.337121748246199 0.99999869483917114 1.0000000180025095e-35 1.0000000180025095e-35 1.0000000180025095e-35 0.17384798626463419
decision_type=2 2 2 2 2 2 2 2 2 2 2 2 2 2
left_child=1 4 -3 13 5 6 -1 -7 -4 -10 -8 12 -6 -2
right_child=3 2 8 -5 11 7 10 -9 9 -11 -12 -13 -14 -15
leaf_value=0.13792562178632367 0.022899532695626685 -0.10739703417996894 0.15003321220013924 -0.11462661075349508 0.04584805477634267 -0.13073588410642434 0.055321994305615331 0.10336604197078401 -0.17136685599983711 0.050936989927793691 -0.17586936031028019 0.087338862215164362 -0.15278041081202784 -0.076474629325068946
leaf_weight=149.46298690815456 59.336451170034707 77.366542422387283 32.542917679529637 193.44184990297072 54.430061736842617 23.509869338129647 120.72860769787803 16.622882250696421 14.500260703498496 65.979635102907196 6.6460155800450584 32.789684986695647 36.99373369384557 50.786985666956753
leaf_count=7003 2169 13390 900 50988 1518 3275 4344 665 919 2507 406 1206 1886 4716
internal_value=-0.0033643 0.0344089 -0.0138573 -0.0817532 0.0552162 0.0777645 0.093989 -0.0335597 0.0506933 0.00868076 0.0415118 -0.00254406 -0.0355966 -0.0233075
internal_weight=935.138 631.573 190.389 303.565 441.184 316.97 276.838 40.1328 113.023 80.4799 127.375 124.213 91.4238 110.123
internal_count=95892 38019 17716 57873 20303 15693 11753 3940 4326 3426 4750 4610 3404 6885
is_linear=0
shrinkage=0.12775


Tree=21
num_leaves=15
num_cat=0
split_feature=22 4 10 23 3 2 1 23 0 1 3 7 25 25
split_gain=141.177 33.9676 38.9333 33.5017 25.4696 22.9711 65.3536 18.0974 14.003 18.9831 12.008 11.5712 25.0543 11.3791
threshold=0.34313725490196084 2.5000000000000004 1.0000000180025095e-35 3.5000000000000004 1.0000000180025095e-35 1.0000000180025095e-35 0.0020551073098664724 3.5000000000000004 0.17384798626463419 6.8924747435913929 1.0000000180025095e-35 0.98979591836734704 0.35714285714285715 0.2142857142857143
decision_type=2 2 2 2 2 2 2 2 2 2 2 2 2 2
left_child=1 2 4 8 5 6 -1 -8 10 -10 13 12 -9 -2
right_child=3 -3 -4 -5 -6 -7 7 11 9 -11 -12 -13 -14 -15
leaf_value=0.13479866028155374 -0.040354356825186385 -0.086576584658535738 0.11399526199661357 -0.11199317415581292 -0.12931436688515102 -0.02930676602422216 0.053108220273321176 -0.0059980208228014482 -0.11648036522303314 0.066181946041309003 -0.086003668492944288 0.16181106399591735 -0.1915012886038237 0.09026047123792659
leaf_weight=94.332318868022412 15.05484510399401 35.694353268714622 94.535984051879495 174.02049569867086 15.617553245741872 84.823162575252354 104.01809725351632 148.26275825314224 35.989521247334778 11.353080514818428 12.440474438481031 4.4967438622843465 11.554288677638395 32.600795887410641
leaf_count=5105 713 5429 4197 50988 1971 3104 2026 14516 4025 691 729 197 1474 727
internal_value=-0.00326609 0.0320754 0.0398643 -0.0775624 0.0244393 0.0301846 0.044157 0.0117677 -0.0210845 -0.0720458 0.0197746 -0.014626 -0.0209267 0.0490235
internal_weight=874.794 593.335 557.641 281.459 463.105 447.487 362.664 268.332 107.439 47.3426 60.0961 164.314 159.817 47.6556
internal_count=95892 38019 32590 57873 28393 26422 23318 18213 6885 4716 2169 16187 15990 1440
is_linear=0
shrinkage=0.12775


Tree=22
num_leaves=15
num_cat=0
split_feature=22 0 1 23 2 3 1 5 1 0 4 0 10 0
split_gain=119.543 47.0882 90.8051 32.74 31.4152 38.294 46.8741 31.8901 26.7793 41.3541 25.1015 18.7992 17.205 11.1183
threshold=0.51190476190476197 0.30448946361487123 6.6323431762046399 2.5000000000000004 1.0000000180025095e-35 1.0000000180025095e-35 0.0020551073098664724 1.0000000180025095e-35 7.5920624752267774 0.99999869483917114 1.0000000180025095e-35 0.99999948222521573 1.0000000180025095e-35 0.99999987461990159
decision_type=2 2 2 2 2 2 2 2 2 2 2 2 2 2
left_child=1 4 -3 -2 5 6 -1 -7 -4 -10 -8 -11 -6 -13
right_child=3 2 8 -5 12 7 10 -9 9 11 -12 13 -14 -15
leaf_value=0.14084570425610327 0.0051892914701773775 -0.13154071807200529 0.13539107679371365 -0.12151230503622637 -0.033967277752141679 -0.12903139583429918 0.048818955070504315 0.094624794204223178 -0.18052621144480607 0.12650010484487215 -0.15953881409777682 -0.15110416103977575 0.072571641218208097 0.020628862864999979
leaf_weight=128.69159623747692 43.015423309057951 80.851689032220747 34.520168120856397 144.1113422595663 96.45954631571658 26.082088818657212 136.50331775774248 15.521169801242648 14.836788479820823 26.807090558926575 8.8000109327840601 6.0434019380481905 31.747078810236417 34.841925932443701
leaf_count=7159 2049 20647 1231 41277 4962 4978 5851 686 1366 1069 906 452 1453 1806
internal_value=-0.00310249 0.0231264 -0.0285607 -0.0925614 0.0461917 0.067776 0.0850753 -0.0452333 0.0432731 0.00315668 0.0348246 0.0462053 -0.00709611 -0.00884129
internal_weight=828.833 641.706 197.901 187.127 443.805 315.598 273.995 41.6033 117.049 82.5292 145.303 67.6924 128.207 40.8853
internal_count=95892 52566 26571 43326 25995 19580 13916 5664 5924 4693 6757 3327 6415 2258
is_linear=0
shrinkage=0.12775


Tree=23
num_leaves=15
num_cat=0
split_feature=22 0 1 23 2 3 1 5 1 0 4 0 10 24
split_gain=100.126 38.6017 78.7079 30.7252 26.5331 31.4757 45.4247 27.5823 22.8267 27.7978 21.113 15.5691 13.537 10.3126
threshold=0.51190476190476197 0.30448946361487123 6.6323431762046399 2.5000000000000004 1.0000000180025095e-35 1.0000000180025095e-35 0.0020551073098664724 1.0000000180025095e-35 7.337121748246199 0.99999869483917114 1.0000000180025095e-35 0.99999948222521573 1.0000000180025095e-35 0.10818713450292398
decision_type=2 2 2 2 2 2 2 2 2 2 2 2 2 2
left_child=1 4 -3 -2 5 6 -1 -7 -4 -10 13 -11 -6 -8
right_child=3 2 8 -5 12 7 10 -9 9 11 -12 -13 -14 -15
leaf_value=0.13897287745318662 0.0045304372387495358 -0.13062942650461912 0.13222768761586393 -0.11972317760411896 -0.029945825556821529 -0.12762765040194943 0.087827365418799 0.088443264913265179 -0.13675989230932428 0.11736005448407448 -0.15561349824964468 -0.0077367187533431475 0.06567132056919521 0.01516734506053191
leaf_weight=114.70269726705737 43.165461233817041 71.628842849109787 29.923098567058332 128.62237157428171 95.676884927088395 23.204634180699941 51.043469629017636 14.641175110824404 16.686362971668132 25.408109260373749 7.9599799829302347 40.839144535828382 30.812049515778199 83.220983864506707
leaf_count=7159 2049 20647 1105 41277 4962 4978 1476 686 1484 1069 906 2266 1453 4375
internal_value=-0.00303035 0.0214148 -0.0271783 -0.0887134 0.0427146 0.063635 0.0796194 -0.0438677 0.039262 0.00411168 0.0308801 0.0416513 -0.00619879 0.0434002
internal_weight=777.535 605.747 184.486 171.788 421.262 294.773 256.927 37.8458 112.857 82.9336 142.224 66.2473 126.489 134.264
internal_count=95892 52566 26571 43326 25995 19580 13916 5664 5924 4819 6757 3335 6415 5851
is_linear=0
shrinkage=0.12775


Tree=24
num_leaves=15
num_cat=0
split_feature=22 4 10 23 23 3 0 1 2 11 8 25 1 0
split_gain=83.7445 32.9986 32.9888 28.7309 22.0749 14.1628 10.3214 33.1667 22.1206 40.8497 9.90561 14.5849 9.54062 9.49118
threshold=0.51190476190476197 6.5000000000000009 1.0000000180025095e-35 2.5000000000000004 4.5000000000000009 1.0000000180025095e-35 0.2119144930074062 6.8924747435913929 1.0000000180025095e-35 1.0000000180025095e-35 0.7543103448275863 0.35714285714285715 0.0020551073098664724 0.99945197784882256
decision_type=2 2 2 2 2 2 2 2 2 2 2 2 2 2
left_child=1 2 4 -2 5 6 8 -8 12 -10 11 -6 -1 -9
right_child=3 -3 -4 -5 10 -7 7 13 9 -11 -12 -13 -14 -15
leaf_value=0.13455149967748326 0.0039569871959331876 -0.12441546952905506 0.096021755166674133 -0.11782782446009453 -0.013612403650606167 -0.11941120811604834 -0.11556955463294281 0.13448750091398096 -0.14702873590628426 0.07987391398565806 0.140315061054232 -0.14462158589542212 0.057306650539345971 0.023092127869546123
leaf_weight=50.277078595943749 43.296900254674256 23.431243233266287 90.851229742402211 114.92276214895537 188.37524128588848 7.7752599599771193 24.222290553618222 17.1450016470626 19.572059742175043 32.551788873970509 4.8632517429068676 13.638877678778952 60.208689773455262 40.637053243815899
leaf_count=2335 2049 7640 4917 41277 26941 593 2604 413 458 500 413 3014 1621 1117
internal_value=-0.00288712 0.0198453 0.0262843 -0.0847541 0.0122438 0.0375112 0.0431379 0.00602702 0.0616458 -0.00691332 -0.0186263 -0.0233742 0.0936777 0.0585001
internal_weight=731.769 573.549 550.118 158.22 459.267 252.389 244.614 82.0043 162.61 52.1238 206.877 202.014 110.486 57.7821
internal_count=95892 52566 44926 43326 40009 9641 9048 4134 4914 958 30368 29955 3956 1530
is_linear=0
shrinkage=0.12775


Tree=25
num_leaves=15
num_cat=0
split_feature=22 8 4 23 10 25 0 3 2 11 1 0 24 1
split_gain=69.6689 30.131 30.7132 26.7574 25.7288 23.0206 16.2338 14.8276 14.4537 45.0552 43.2399 10.9338 9.86852 6.90125
threshold=0.51190476190476197 0.7543103448275863 1.0000000180025095e-35 2.5000000000000004 1.0000000180025095e-35 0.35714285714285715 1.0000150460031552 1.0000000180025095e-35 1.0000000180025095e-35 1.0000000180025095e-35 0.0020551073098664724 6.1282915557041504e-05 0.10818713450292398 6.8924747435913929
decision_type=2 2 2 2 2 2 2 2 2 2 2 2 2 2
left_child=1 2 4 -2 5 6 7 8 10 -10 -1 -7 -12 -14
right_child=3 -3 -4 -5 -6 11 -8 -9 9 -11 12 -13 13 -15
leaf_value=0.13681873541747774 0.0034574624940080429 0.14415176341507627 -0.092736941335212264 -0.11581025096464344 0.098279126178557968 0.0089232118280304518 -0.11766891317989556 -0.11720240816279692 -0.14178106809226526 0.046643226606336019 0.052439463689311128 -0.19056784848978892 -0.02718786308618738 0.025669110677156867
leaf_weight=57.115754591999575 43.412048638798296 27.951385610736907 41.427377055690158 102.81271527562058 58.906579322647303 6.5417251383187276 13.042160876793785 11.033882209449073 30.681570895016193 57.271754547953606 72.782028951623943 12.103379381122066 89.8862198011484 70.861256188247353
leaf_count=4487 2049 1580 9652 41277 3401 584 5266 2478 2326 2107 2740 2057 11277 4611
internal_value=-0.00275671 0.0181295 0.0110162 -0.0806987 0.0202055 0.00900587 0.0156029 0.0204615 0.0248827 -0.0202558 0.0385733 -0.124765 0.0138854 -0.00386721
internal_weight=695.83 549.605 521.654 146.225 480.226 421.32 402.675 389.632 378.599 87.9533 290.645 18.6451 233.53 160.747
internal_count=95892 52566 50986 43326 41334 37933 35292 30026 27548 4433 23115 2641 18628 15888
is_linear=0
shrinkage=0.12775


Tree=26
num_leaves=15
num_cat=0
split_feature=22 8 23 4 1 1 0 2 0 0 11 10 3 1
split_gain=57.7559 26.4965 24.8086 24.6824 21.4968 39.0141 22.7925 15.634 15.237 16.3825 13.3466 32.8263 12.9426 27.785
threshold=0.51190476190476197 0.7543103448275863 2.5000000000000004 1.0000000180025095e-35 0.23921432451592886 6.8924747435913929 0.99912496131386719 1.0000000180025095e-35 0.99999892663579504 0.99999948222521573 1.0000000180025095e-35 1.0000000180025095e-35 1.0000000180025095e-35 0.0020551073098664724
decision_type=2 2 2 2 2 2 2 2 2 2 2 2 2 2
left_child=1 3 -2 4 7 -6 -7 12 -8 -10 11 -9 13 -1
right_child=2 -3 -4 -5 5 6 8 10 9 -11 -12 -13 -14 -15
leaf_value=0.13428499134694516 0.003022013910369826 0.14101202076672839 -0.11365590278361568 -0.085145775691572848 -0.10900452568301396 0.14295978861301042 -0.09254626835795858 -0.13932317311264034 0.11646490680398558 -0.020954025383781091 0.040975630491134958 0.059735665285223567 -0.034692221498871724 0.030193864495716521
leaf_weight=66.86688327929005 43.512924389913678 25.140564822359011 92.113008189364336 39.608095171279274 52.073112818878144 20.025266544893384 22.060177938896231 27.705819505965337 20.747927480610088 38.415823150193319 57.069450040347874 24.161974461050704 20.744473045400809 111.07254223444033
leaf_count=5931 2049 1580 41277 9652 15916 749 1792 2329 927 2224 2107 1197 3285 4877
internal_value=-0.00267529 0.0165382 -0.076567 0.00991774 0.018315 -0.0206395 0.0256578 0.0377359 -0.00515848 0.0287858 -0.00119029 -0.0474451 0.0589406 0.0700386
internal_weight=661.318 525.692 135.626 500.552 460.943 153.322 101.249 307.621 81.2239 59.1638 108.937 51.8678 198.684 177.939
internal_count=95892 52566 43326 50986 41334 21608 5692 19726 4943 3151 5633 3526 14093 10808
is_linear=0
shrinkage=0.12775


Tree=27
num_leaves=15
num_cat=0
split_feature=22 8 23 23 4 10 25 0 1 2 3 1 0 4
split_gain=47.9137 23.1856 22.8905 21.0667 12.0216 9.39694 14.3394 7.49861 18.563 8.74392 7.73757 7.43021 6.81811 6.61518
threshold=0.51190476190476197 0.7543103448275863 2.5000000000000004 3.5000000000000004 1.0000000180025095e-35 1.0000000180025095e-35 0.35714285714285715 0.30448946361487123 6.6323431762046399 1.0000000180025095e-35 1.0000000180025095e-35 0.0020551073098664724 1.0000150460031552 6.5000000000000009
decision_type=2 2 2 2 2 2 2 2 2 2 2 2 2 2
left_child=1 3 13 7 5 6 12 9 -9 10 11 -1 -5 -2
right_child=2 -3 -4 4 -6 -7 -8 8 -10 -11 -12 -13 -14 -15
leaf_value=0.13228377255634105 0.023680270408116284 0.13772873916028203 -0.1113519145253198 -0.00087443361522706101 -0.094985079560523447 0.06311623119991866 -0.1451401656166198 -0.12117237396127641 0.044597034007610843 0.011129257225177472 -0.025540658778528073 0.054449705816268366 -0.11093282335444142 -0.10775465808178214
leaf_weight=37.888222815468907 37.528357367031276 22.649953491054475 82.663295994861983 210.4113708701916 25.230228207423352 28.171338474727236 11.370301133807514 13.699007797986267 39.677263987250626 47.97890140209347 9.937655156478284 47.843862029490992 8.2334062049631012 6.072940830141305
leaf_count=1968 1597 1580 41277 25028 8709 2421 2339 1719 952 972 669 1338 4871 452
internal_value=-0.00246467 0.0152325 -0.0723829 0.00908144 -0.0132122 -0.00476099 -0.0133996 0.0410199 8.00535e-05 0.0560873 0.0781575 0.0903908 -0.00568542 0.00264218
internal_weight=629.356 503.092 126.265 480.442 283.417 258.186 230.015 197.025 53.3763 143.649 95.6697 85.7321 218.645 43.6013
internal_count=95892 52566 43326 50986 43368 34659 32238 7618 2671 4947 3975 3306 29899 2049
is_linear=0
shrinkage=0.12775


Tree=28
num_leaves=15
num_cat=0
split_feature=22 23 5 3 0 1 2 1 1 0 25 7 0 10
split_gain=39.6379 20.8101 20.4002 18.3649 19.121 44.6267 22.3575 31.3937 17.2498 23.3031 11.577 18.7817 11.2174 10.347
threshold=0.51190476190476197 2.5000000000000004 1.0000000180025095e-35 1.0000000180025095e-35 0.20317150167950285 6.6323431762046399 1.0000000180025095e-35 0.0005150982323195698 7.5920624752267774 0.99999869483917114 0.35714285714285715 0.98979591836734704 0.99999940937069842 1.0000000180025095e-35
decision_type=2 2 2 2 2 2 2 2 2 2 2 2 2 2
left_child=2 -2 3 4 6 -6 7 -1 -7 -10 -9 -12 -11 -4
right_child=1 -3 13 -5 5 8 -8 10 9 12 11 -13 -14 -15
leaf_value=0.13680174067951681 0.0018679141043114298 -0.10888740223106128 -0.051082178140088273 -0.12341460412930179 -0.11533207425737498 0.11090471512894545 -0.014661296708206116 0.034528829647598056 -0.1479806910467831 0.10416858654244676 -0.19678405248457184 0.10818545829092985 -0.0098016326183719936 0.11621970170245818
leaf_weight=55.976599701330997 43.5811115084216 74.320460186514538 6.2515105832135296 16.062146179581759 55.713464716478484 26.713319870061241 105.70183565409388 95.286899348662701 13.855143840773961 19.708310276269913 7.8644325998029654 4.0347230387851596 41.901271386654116 40.269210586557165
leaf_count=5162 2049 41277 479 4978 21591 1231 6103 4249 1366 935 748 218 2392 3114
internal_value=-0.00234938 -0.0683977 0.0137112 0.00512859 0.010347 -0.0248054 0.0310116 0.0604753 0.0254299 -0.00626822 0.0193884 -0.0928817 0.0281328 0.0929174
internal_weight=607.24 117.902 489.339 442.818 426.756 157.892 268.864 163.163 102.178 75.4647 107.186 11.8992 61.6096 46.5207
internal_count=95892 43326 52566 48973 43995 27515 16480 10377 5924 4693 5215 966 3327 3593
is_linear=0
shrinkage=0.12775


Tree=29
num_leaves=15
num_cat=0
split_feature=4 10 22 23 3 23 1 1 2 11 1 0 0 0
split_gain=34.9872 29.6904 19.4264 17.0524 13.6579 13.1521 8.5506 26.7204 14.769 33.9178 14.6202 11.1362 13.6218 7.77619
threshold=6.5000000000000009 1.0000000180025095e-35 0.51190476190476197 2.5000000000000004 1.0000000180025095e-35 6.5000000000000009 0.21444859473281233 6.8924747435913929 1.0000000180025095e-35 1.0000000180025095e-35 0.0020551073098664724 0.99945197784882256 0.99999142433573962 0.30448946361487123
decision_type=2 2 2 2 2 2 2 2 2 2 2 2 2 2
left_child=1 2 4 -4 5 6 8 -8 10 -10 -1 -9 -13 -3
right_child=-2 13 3 -5 -6 -7 7 11 9 -11 -12 12 -14 -15
leaf_value=0.13212030909673372 -0.1250111535799 0.087095912867152903 0.0088612571445146858 -0.10640189303239182 -0.12411052469812002 -0.031414821502788598 -0.10454315162188862 0.12097280272100508 -0.13742894988507443 0.056055176701939241 0.035011053836755353 -0.19226088459663201 0.0263365134798332 -0.10747672977303814
leaf_weight=37.678202660055831 34.181731725955615 73.460299542581197 34.424409800209105 51.358089997578645 11.353009587328414 90.980196211457951 29.730667086667381 17.591288018040359 20.705467934254557 43.413914660457522 76.188749462366104 3.726642425870522 51.821917775087059 2.381697773031191
leaf_count=3639 18385 5157 1537 30547 3048 18336 7053 665 1101 1037 2717 291 2122 257
internal_value=-0.00222383 0.00577482 -0.00629322 -0.0607362 0.00606798 0.0104847 0.0241444 -0.00515192 0.0409865 -0.00799646 0.0683358 0.0364319 0.00738644 0.0791828
internal_weight=578.996 544.815 468.973 85.7825 383.19 371.837 280.857 102.871 177.986 64.1194 113.867 73.1398 55.5486 75.842
internal_count=95892 77507 72093 32084 40009 36961 18625 10131 8494 2138 6356 3078 2413 5414
is_linear=0
shrinkage=0.12775


Tree=30
num_leaves=15
num_cat=0
split_feature=4 0 1 2 1 3 10 0 11 10 0 0 1 4
split_gain=30.5683 25.3543 52.7301 19.5144 18.0372 42.6485 19.89 17.9197 15.4947 22.6179 14.3153 13.6519 10.0095 7.85735
threshold=6.5000000000000009 0.30448946361487123 6.6323431762046399 1.0000000180025095e-35 0.0020551073098664724 1.0000000180025095e-35 1.0000000180025095e-35 0.99912496131386719 1.0000000180025095e-35 1.0000000180025095e-35 0.99999892663579504 0.99999940937069842 0.034009744775756856 1.0000000180025095e-35
decision_type=2 2 2 2 2 2 2 2 2 2 2 2 2 2
left_child=1 3 -3 4 5 -1 -7 -4 9 -5 -9 -12 -6 -14
right_child=-2 2 7 8 12 6 -8 10 -10 -11 11 -13 13 -15
leaf_value=0.14271902363472314 -0.12415202270670413 -0.12795330964872187 0.12468768298553186 -0.13491032250434329 -0.085988556603702998 -0.12569683851846694 0.084395230659173495 -0.08387568569782787 0.027263922090572334 0.02317764000867523 0.11711683871141226 -0.010486247210599087 0.033131796423003845 -0.14908597337034307
leaf_weight=67.463204922270961 30.286285142268753 61.809037608618382 19.558714401733596 31.323152764758561 12.759671511652412 16.925840869429521 11.073479721730111 26.058105031319428 61.679416223894805 26.303487186029088 17.704776912694797 47.708838197926525 120.17121234201477 2.648666081018745
leaf_count=7255 18385 34183 1085 4722 762 5879 762 3714 3847 1727 1165 4405 7847 154
internal_value=-0.00225297 0.00511009 -0.0347596 0.0248382 0.0464112 0.0885476 -0.0425463 0.0180494 -0.0169917 -0.0638917 -0.00625936 0.0257488 0.0161522 0.027597
internal_weight=553.474 523.188 172.839 350.348 231.042 95.4625 27.9993 111.03 119.306 57.6266 91.4717 65.4136 135.58 122.82
internal_count=95892 77507 44552 32955 22659 13896 6641 10369 10296 6449 9284 5570 8763 8001
is_linear=0
shrinkage=0.12775


Tree=31
num_leaves=15
num_cat=0
split_feature=4 8 23 0 1 0 2 3 0 10 25 5 22 17
split_gain=26.741 21.7458 19.7277 19.1411 31.9074 19.5678 14.9059 14.6551 38.1622 10.8789 10.3658 12.8929 9.2745 9.10999
threshold=6.5000000000000009 0.7543103448275863 1.5000000000000002 0.22975817812639013 6.8924747435913929 0.99901350511398923 1.0000000180025095e-35 1.0000000180025095e-35 0.00044663229079903625 1.0000000180025095e-35 0.35714285714285715 1.0000000180025095e-35 0.06458333333333334 1.0000000180025095e-35
decision_type=2 2 2 2 2 2 2 2 2 2 2 2 2 2
left_child=1 2 -1 6 -5 -6 7 8 -4 -9 -10 -12 -7 -8
right_child=-2 -3 3 4 5 12 13 9 10 -11 11 -13 -14 -15
leaf_value=0.071448457670042681 -0.12325295897676754 0.13951429568684301 0.14640290264817357 -0.11515414615259782 0.15451204714922645 -0.057658947179076145 0.007454751731359315 -0.12368932406430819 0.020151200687672882 0.05542798299944586 -0.19207864742646802 0.064054824828465251 0.026898621507999154 -0.069392105600246001
leaf_weight=53.514401187188923 26.845636637619464 17.383333736332133 43.33660232834518 62.301745882607065 10.644467505859209 45.585822253953665 53.009800170781091 14.30956218740903 97.453236072702566 7.5567659043008453 7.3191045640851353 4.2178031629882753 37.416803878964856 46.166628827515524
leaf_count=1101 18385 1607 5734 35731 560 1611 3801 5837 6026 595 598 329 7710 6267
internal_value=-0.0022558 0.00455757 -0.000683167 -0.00987351 -0.0453831 0.00202779 0.0105092 0.0329267 0.0470113 -0.0621708 0.00616128 -0.101585 -0.0197238 -0.0287767
internal_weight=527.062 500.216 482.833 429.318 155.949 93.6471 273.37 174.193 152.327 21.8663 108.99 11.5369 83.0026 99.1764
internal_count=95892 77507 75900 74799 45612 9881 29187 19119 12687 6432 6953 927 9321 10068
is_linear=0
shrinkage=0.12775


Tree=32
num_leaves=15
num_cat=0
split_feature=4 10 0 3 24 5 8 25 23 0 22 23 0 2
split_gain=23.4685 19.6028 13.6132 13.9872 12.1668 8.07621 7.48054 11.7487 6.19328 4.72589 4.65008 7.62114 4.48634 4.14791
threshold=6.5000000000000009 1.0000000180025095e-35 1.0000150460031552 1.0000000180025095e-35 0.060661764705882359 1.0000000180025095e-35 0.7543103448275863 0.35714285714285715 9.5000000000000018 6.1282915557041504e-05 0.56696428571428581 2.5000000000000004 0.016259742219616478 1.0000000180025095e-35
decision_type=2 2 2 2 2 2 2 2 2 2 2 2 2 2
left_child=1 2 3 4 13 12 7 8 10 -9 -6 -12 -3 -1
right_child=-2 5 -4 -5 6 -7 -8 9 -10 -11 11 -13 -14 -15
leaf_value=0.050382210034304611 -0.1223048358219728 0.036545212120982017 -0.11851126606769069 -0.1223709018948059 0.0061460756692772187 0.11235204658015577 0.12781740397317801 0.043699503131167779 -0.067277708891190502 -0.15798420895739004 0.031096931707688309 -0.08765358835095946 -0.11624798390557411 -0.0030127948683495932
leaf_weight=89.911628544476116 23.807656157587189 31.077195734251291 15.495971536671275 13.637676079466472 189.41269186587306 32.4694631244638 4.7471711984835556 1.6356327584944654 25.040892175282352 10.823113245394778 13.250243276357649 22.016703108325601 2.1335331626469261 31.889209153130651
leaf_count=6029 18385 1978 12637 5879 18023 3153 502 199 9601 4028 603 13059 283 1533
internal_value=-0.00206285 0.004187 -0.00608303 -0.00136477 0.00329633 0.0683119 -0.0119755 -0.0151595 -0.00876157 -0.129797 -0.00187074 -0.0435442 0.022503 0.0365249
internal_weight=507.349 483.541 417.861 402.365 388.727 65.6802 266.926 262.179 249.721 12.4587 224.68 35.2669 33.2107 121.801
internal_count=95892 77507 72093 59456 53577 5414 46015 45513 41286 4227 31685 13662 2261 7562
is_linear=0
shrinkage=0.12775


Tree=33
num_leaves=15
num_cat=0
split_feature=4 7 23 1 1 0 2 1 3 1 0 1 0 17
split_gain=20.5288 17.0625 14.2698 13.9397 28.0851 16.2969 12.0312 12.3656 32.2125 8.52878 8.34908 10.9871 10.1064 7.93398
threshold=6.5000000000000009 0.85607142857142871 1.5000000000000002 0.23921432451592886 6.8924747435913929 0.99901350511398923 1.0000000180025095e-35 0.0020551073098664724 1.0000000180025095e-35 0.034009744775756856 0.99999892663579504 7.5920624752267774 0.99999940937069842 1.0000000180025095e-35
decision_type=2 2 2 2 2 2 2 2 2 2 2 2 2 2
left_child=1 2 -1 6 -5 -6 7 8 -4 -9 11 -7 -12 -8
right_child=-2 -3 3 4 5 10 13 9 -10 -11 12 -13 -14 -15
leaf_value=0.062988112258200876 -0.12129885139508831 0.13289911149435923 0.14018451682845118 -0.11340545357698438 0.14670628836662908 0.039795834174676741 0.0071570372708635831 -0.094744508769955313 -0.060045060070297106 0.016740359135880675 0.09697361959352474 -0.12626583126786811 -0.021140839551320689 -0.065302213988052193
leaf_weight=49.321434097364545 21.125926942244405 14.715676484222056 39.492571971029975 52.813615858991398 9.8460299940779787 8.8587140802992526 52.81228616158478 11.314628722378982 18.364672432158841 94.158438481070334 14.824259663291739 18.521647539455444 42.554423573834356 44.499156503094127
leaf_count=1101 18385 1599 5950 35611 560 738 3801 734 6433 6130 1115 3169 4299 6267
internal_value=-0.00207591 0.00359557 -0.000950001 -0.00886343 -0.0400689 0.00190833 0.00890388 0.0299976 0.0767103 0.00371674 -0.0169831 -0.0732032 0.0109285 -0.0264252
internal_weight=493.223 472.098 457.382 408.06 147.419 94.6051 260.642 163.33 57.8572 105.473 84.759 27.3804 57.3787 97.3114
internal_count=95892 77507 75908 74807 45492 9881 29315 19247 12383 6864 9321 3907 5414 10068
is_linear=0
shrinkage=0.12775


Tree=34
num_leaves=15
num_cat=0
split_feature=4 10 3 0 23 5 8 25 0 22 2 11 0 24
split_gain=18.0413 16.1856 10.6225 11.2772 9.51695 6.95177 6.24883 13.8591 7.35817 5.48172 5.42734 25.209 23.2915 4.41678
threshold=6.5000000000000009 1.0000000180025095e-35 1.0000000180025095e-35 1.0000150460031552 6.5000000000000009 1.0000000180025095e-35 0.7543103448275863 0.35714285714285715 0.00044663229079903625 0.28991596638655465 1.0000000180025095e-35 1.0000000180025095e-35 0.0017735901571924908 0.3257575757575758
decision_type=2 2 2 2 2 2 2 2 2 2 2 2 2 2
left_child=1 2 3 4 6 -3 7 10 -9 -6 12 -12 -1 -14
right_child=-2 5 -4 -5 9 -7 -8 8 -10 -11 11 -13 13 -15
leaf_value=0.14014462641512515 -0.12022659758699729 0.021321146517668157 -0.11973899156619078 -0.11590718036582585 -0.015969690175884128 0.10805865927921735 0.12595478045365524 0.059871158278573734 -0.1711622534852878 -0.089675073046388609 -0.13096098036304851 0.036272382651681076 0.033943363164717251 -0.006977983171969627
leaf_weight=24.33662286400795 18.759172459715046 31.819354899431346 11.622658532025524 12.377841173147315 67.746670055028517 28.824025245558005 6.4546583930496118 2.1460152624640605 8.6164031572407094 20.754667913060985 19.855863841599785 46.654384359368123 71.653339700133074 103.9434971663286
leaf_count=3166 18385 2261 5879 12637 9302 3153 563 227 1999 17296 2140 1836 4553 12495
internal_value=-0.00187054 0.00333566 -0.006144 -0.00229672 0.00189414 0.0640278 0.0133166 0.0100858 -0.123532 -0.0343607 0.0160888 -0.0152926 0.0265614 0.00985404
internal_weight=475.565 456.806 396.163 384.54 372.162 60.6434 283.661 277.206 10.7624 88.5013 266.444 66.5102 199.933 175.597
internal_count=95892 77507 72093 66214 53577 5414 26979 26416 2226 26598 24190 3976 20214 17048
is_linear=0
shrinkage=0.12775


Tree=35
num_leaves=15
num_cat=0
split_feature=4 7 23 22 10 25 3 0 2 11 0 23 0 23
split_gain=15.8151 13.2336 11.264 12.3714 8.52349 10.4599 4.63981 4.62159 3.74257 17.525 14.2823 3.26096 3.18735 2.65987
threshold=6.5000000000000009 0.85607142857142871 4.5000000000000009 0.43303571428571436 1.0000000180025095e-35 0.35714285714285715 1.0000000180025095e-35 1.0000150460031552 1.0000000180025095e-35 1.0000000180025095e-35 0.0017735901571924908 8.5000000000000018 0.0017735901571924908 1.5000000000000002
decision_type=2 2 2 2 2 2 2 2 2 2 2 2 2 2
left_child=1 2 4 11 5 6 7 8 10 -10 -1 -4 -7 -11
right_child=-2 -3 3 -5 -6 12 -8 -9 9 13 -12 -13 -14 -15
leaf_value=0.13595079011608227 -0.11908015817610902 0.12585092200001302 0.00077888341890437784 -0.096824641727235025 0.079487482050975056 -0.0042860895038332675 -0.098891679055032988 -0.097048621237341551 -0.12659416863148945 0.098839617555469078 0.015664881399421175 -0.040115827038647266 -0.1632880793110395 0.017583365822347704
leaf_weight=17.298004599753767 16.67073140044522 12.473761715576982 126.81202002184 30.126520205056295 30.421236942172982 2.9757328080013377 4.3454746224451801 4.193444011732935 13.2738513443619 7.9425214529037467 121.31602039793506 41.087083722639363 5.8932350098039024 25.204515466466546
leaf_count=2040 18385 1599 17119 30610 1805 325 947 1955 890 46 8052 10264 1041 814
internal_value=-0.00184009 0.00292232 -0.00102486 -0.0233374 0.0179751 0.0082583 0.0148161 0.0181211 0.0214269 -0.00975316 0.0318622 -0.00947286 -0.117667 0.0402112
internal_weight=460.034 443.363 430.89 198.026 232.864 202.443 193.574 189.228 185.035 46.4209 138.614 167.899 8.86897 33.147
internal_count=95892 77507 75908 57993 17915 16110 14744 13797 11842 1750 10092 27383 1366 860
is_linear=0
shrinkage=0.12775


Tree=36
num_leaves=15
num_cat=0
split_feature=4 10 3 0 8 25 0 23 22 5 0 0 0 0
split_gain=14.1165 12.6352 8.60699 9.03604 6.57715 12.1964 8.96127 5.66435 8.37681 4.77761 3.83986 2.97767 13.0538 7.59115
threshold=2.5000000000000004 1.0000000180025095e-35 1.0000000180025095e-35 1.0000150460031552 0.7543103448275863 0.35714285714285715 6.1282915557041504e-05 4.5000000000000009 0.51190476190476197 1.0000000180025095e-35 0.33565219751164393 0.19675478860035547 0.99890514129716002 0.99945197784882256
decision_type=2 2 2 2 2 2 2 2 2 2 2 2 2 2
left_child=1 2 3 4 5 7 -7 11 -9 -3 -11 -1 -13 -14
right_child=-2 9 -4 -5 -6 6 -8 8 -10 10 -12 12 13 -15
leaf_value=0.032580217877792056 -0.094173303694370575 0.021211532916161405 -0.11663432927844665 -0.11308071038137142 0.11686937440538414 0.073365732407636511 -0.17388969307244403 -0.0038982855014832291 -0.10669698598833222 0.11138012555900971 -0.08043255446605091 -0.092105839675526435 0.11885359447402125 0.0044612421126208205
leaf_weight=112.00904855236877 24.096618543757359 24.444559769530315 9.4527027878211793 10.010162354519705 6.6538476880523367 2.2502039398532352 9.1704303332517139 142.91977800781024 12.864714604336767 24.377307320595722 0.87168847676366468 17.53361542080529 11.07088843686506 40.06389935221523
leaf_count=5602 19838 1765 5664 12392 796 306 3957 20269 15927 3120 33 3888 469 1866
internal_value=-0.00179891 0.00374197 -0.00438122 -0.00104367 0.00254378 -9.38504e-05 -0.122527 0.00454314 -0.0132456 0.0633517 0.10095 0.0198653 -0.00110703 0.0316885
internal_weight=447.789 423.693 373.999 364.547 354.536 347.883 11.4206 336.462 155.784 49.6936 25.249 180.677 68.6684 51.1348
internal_count=95892 76054 71136 65472 53080 52284 4263 48021 36196 4918 3153 11825 6223 2335
is_linear=0
shrinkage=0.12775


Tree=37
num_leaves=15
num_cat=0
split_feature=4 7 0 23 8 10 25 3 2 0 11 0 0 0
split_gain=12.4936 10.0135 8.94182 7.5984 5.99893 7.73298 12.7088 4.81506 5.23378 24.4099 14.0867 4.44964 21.0758 11.4121
threshold=6.5000000000000009 0.85607142857142871 1.0000150460031552 1.5000000000000002 0.14835164835164841 1.0000000180025095e-35 0.35714285714285715 1.0000000180025095e-35 1.0000000180025095e-35 0.00044663229079903625 1.0000000180025095e-35 0.22975817812639013 0.99890514129716002 0.99901350511398923
decision_type=2 2 2 2 2 2 2 2 2 2 2 2 2 2
left_child=1 2 3 -1 5 6 7 8 9 -5 -10 -11 -13 -14
right_child=-2 -3 -4 4 -6 -7 -8 -9 10 11 -12 12 13 -15
leaf_value=0.052768385068277482 -0.11680929524918278 0.11696296025584385 -0.11431357856190802 0.13925621783440428 -0.11771301176974813 0.049345019405749029 -0.14799002969283406 -0.1054092434147013 -0.12572452746694843 0.015231369563356609 0.0027095398562397718 -0.1234696034430269 0.12972469000961809 -0.0092786967198687249
leaf_weight=41.645471475087106 13.514223736885468 10.693530540331265 9.7072002154891361 19.662997575011104 6.0455253631662336 41.397936791094253 8.9445831081247871 6.0549781065492416 17.632717428175965 95.193815788748907 52.046482575096888 24.52782379128621 9.5560020181583223 80.536202924413374
leaf_count=1088 18385 1599 12709 4051 1561 4186 4056 4960 4643 6026 3801 19230 629 8968
internal_value=-0.00178247 0.00225245 -0.00109586 0.00200835 -0.00401523 -0.00163653 -0.00854017 -0.00380881 -0.0012801 0.0080575 -0.0315933 -0.00506359 -0.0218997 0.00719169
internal_weight=437.159 423.645 412.952 403.245 361.599 355.554 314.156 305.211 299.156 229.477 69.6792 209.814 114.62 90.0922
internal_count=95892 77507 75908 63199 62111 60550 56364 52308 47348 38904 8444 34853 28827 9597
is_linear=0
shrinkage=0.12775


Tree=38
num_leaves=15
num_cat=0
split_feature=4 8 0 5 3 23 10 0 0 1 0 2 1 25
split_gain=10.9528 8.5723 7.83707 6.68502 8.03911 5.4727 4.59688 4.26631 21.5814 8.68151 12.7081 8.07384 20.8267 11.8672
threshold=6.5000000000000009 0.7543103448275863 1.0000150460031552 1.0000000180025095e-35 1.0000000180025095e-35 8.5000000000000018 1.0000000180025095e-35 0.22030936730337305 0.99890514129716002 7.5920624752267774 0.99999442241604852 1.0000000180025095e-35 6.8928581926288272e-05 0.35714285714285715
decision_type=2 2 2 2 2 2 2 2 2 2 2 2 2 2
left_child=1 2 3 4 5 7 -5 11 -9 -10 -11 12 -1 -14
right_child=-2 -3 -4 6 -6 -7 -8 8 9 10 -12 -13 13 -15
leaf_value=0.14129146834322381 -0.11541919735897144 0.11164380048023807 -0.11253811023645302 -0.050022226936783556 -0.11764579203170165 -0.042731378321700819 0.092394467040496475 -0.11894891305720441 0.091083611511145357 -0.14937047203135134 0.014517869241442658 -0.012376239724606834 0.021607888144895081 -0.17069027987682869
leaf_weight=23.979253989644349 12.043192726458072 9.918734230916014 8.6895843831443909 3.6166147432522875 8.2746140752424235 40.864236388501013 18.570616236364003 23.527504056575708 18.07038884490612 7.4043120064306995 62.900071761920117 88.217945042008068 92.719462110369932 4.1778302653983692
leaf_count=3823 18385 1607 12709 438 5936 15685 2441 15358 1121 1217 5039 6890 4834 409
internal_value=-0.00183133 0.00187096 -0.00121596 0.00163369 -0.00255694 0.000509631 0.0676173 0.00617298 -0.0138506 0.0155212 -0.00527373 0.0169096 0.0381818 0.0110472
internal_weight=422.974 410.931 401.012 392.323 370.136 361.861 22.1872 320.997 111.902 88.3748 70.3044 209.094 120.877 96.8973
internal_count=95892 77507 75900 63191 60312 54376 2879 38691 22735 7377 6256 15956 9066 5243
is_linear=0
shrinkage=0.12775


Tree=39
num_leaves=15
num_cat=0
split_feature=4 10 3 0 24 23 0 2 4 5 0 1 0 2
split_gain=9.63661 8.13334 5.88287 6.05667 4.66544 3.12074 3.12066 5.91612 3.68391 3.09737 3.17941 2.46285 4.71272 3.22036
threshold=1.0000000180025095e-35 1.0000000180025095e-35 1.0000000180025095e-35 1.0000150460031552 0.10818713450292398 9.5000000000000018 6.1282915557041504e-05 1.0000000180025095e-35 6.5000000000000009 1.0000000180025095e-35 0.33565219751164393 9.7354534314171612 0.99999869483917114 1.0000000180025095e-35
decision_type=2 2 2 2 2 2 2 2 2 2 2 2 2 2
left_child=1 2 3 4 11 -6 7 8 -2 -3 -11 13 -13 -1
right_child=6 9 -4 -5 5 -7 -8 -9 -10 10 -12 12 -14 -15
leaf_value=0.050208220555781023 0.065213107750211982 0.018601804117692924 -0.11027720661517083 -0.10749620037101466 -0.0031579604131687779 -0.052818064480887564 -0.12672642736253126 -0.14677814135045308 -0.083813411404073918 0.10136323517529501 -0.076036967353953794 -0.11197588131319774 0.023303013655185285 -0.0021587540449167558
leaf_weight=57.603912341975956 7.4482251282606757 19.926473569707014 6.8105408811243242 7.0733850222604806 207.59534616573364 21.588509227396571 10.456292246795782 3.5981130923028095 2.5848460702472948 19.586966586532075 0.81416222080588241 4.6451790257124257 12.815400936058721 28.228298338086461
leaf_count=5193 898 1393 5534 12254 34793 10104 13989 1523 4334 3120 33 615 477 1632
internal_value=-0.00184413 0.00315733 -0.00324746 -0.000665119 0.00204055 -0.00812256 -0.0779745 -0.0324014 0.0213505 0.0564613 0.0899344 0.0244009 -0.0182271 0.0332231
internal_weight=410.776 386.688 346.361 339.55 332.477 229.184 24.0875 13.6312 10.0331 40.3276 20.4011 103.293 17.4606 85.8322
internal_count=95892 75148 70602 65068 52814 44897 20744 6755 5232 4546 3153 7917 1092 6825
is_linear=0
shrinkage=0.12775


Tree=40
num_leaves=15
num_cat=0
split_feature=4 10 3 0 23 22 5 0 0 2 3 7 25 0
split_gain=8.45169 6.59391 5.18307 5.32639 3.92883 10.1725 2.80013 2.88579 2.75907 5.19364 9.1882 2.46416 6.07405 5.15232
threshold=1.0000000180025095e-35 1.0000000180025095e-35 1.0000000180025095e-35 1.0000150460031552 2.5000000000000004 0.68301435406698574 1.0000000180025095e-35 0.33565219751164393 6.1282915557041504e-05 1.0000000180025095e-35 1.0000000180025095e-35 0.96662958843159075 0.35714285714285715 6.1282915557041504e-05
decision_type=2 2 2 2 2 2 2 2 2 2 2 2 2 2
left_child=1 2 3 4 -1 11 -3 -8 9 10 -2 12 -6 -14
right_child=8 6 -4 -5 5 -7 7 -9 -10 -11 -12 -13 13 -15
leaf_value=0.024683432721667304 0.11481907037386586 0.016416708160021994 -0.107979991153279 -0.10551570038391658 0.0028543748098910915 -0.098128300342980063 0.097064166327794577 -0.073247707770763712 -0.12477238756513079 -0.14338985173150429 -0.10768185632036913 0.094065618086350791 0.057343034926375797 -0.16597273164111856
leaf_weight=87.833391382591799 5.533562359632926 19.880455002479721 6.1405227132199789 6.3586710790332281 216.61993544326106 16.972253174229991 18.008885270799514 0.79102151608094473 9.3574494647982629 3.267118883522925 4.0498417881099158 3.155917346768546 1.5246092407614913 4.8772808243593317
leaf_count=3326 452 1393 5534 12254 30823 15553 3120 33 13989 1523 4780 443 411 2258
internal_value=-0.00190267 0.00266791 -0.00304029 -0.000700045 0.0017413 -0.0066382 0.0517231 0.0853995 -0.0761296 -0.0320819 0.019081 0.000777964 -0.00110974 -0.112055
internal_weight=404.371 382.163 343.483 337.342 330.983 243.15 38.6804 18.7999 22.208 12.8505 9.5834 226.178 223.022 6.40189
internal_count=95892 75148 70602 65068 52814 49488 4546 3153 20744 6755 5232 33935 33492 2669
is_linear=0
shrinkage=0.12775


Tree=41
num_leaves=15
num_cat=0
split_feature=4 8 0 23 22 10 25 0 3 2 11 0 0 2
split_gain=7.51809 5.87883 5.14974 4.60405 4.42984 4.21562 5.91406 3.52206 2.75692 2.39534 16.6968 14.9843 2.34306 4.57728
threshold=1.0000000180025095e-35 0.7543103448275863 1.0000150460031552 6.5000000000000009 0.43303571428571436 1.0000000180025095e-35 0.35714285714285715 0.00044663229079903625 1.0000000180025095e-35 1.0000000180025095e-35 1.0000000180025095e-35 0.0017735901571924908 6.1282915557041504e-05 1.0000000180025095e-35
decision_type=2 2 2 2 2 2 2 2 2 2 2 2 2 2
left_child=1 2 3 5 -5 6 8 -8 9 11 -11 -1 13 -2
right_child=12 -3 -4 4 -6 -7 7 -9 -10 10 -12 -13 -14 -15
leaf_value=0.13028260098210323 0.018316087737138852 0.1043008931286008 -0.10590488442842037 -0.012796778707964508 -0.10162408113537114 0.05625820891128204 0.017642186417392583 -0.15671385595799583 -0.090199757097995131 -0.12524447398378069 0.026785203776585987 0.0052821616954831447 -0.12268967787980184 -0.1397688043345324
leaf_weight=15.955259790061971 8.7255004407707037 7.6131351753137997 6.0092990018820265 78.026600798439176 9.1056975113388017 27.396302187116817 2.4320702971308483 4.404529407096561 3.2051049735164261 14.429666767769957 45.177453250973485 163.09516926720971 8.3880193762161053 2.9784295231947899
leaf_count=3166 5232 1502 12261 14385 15975 2522 478 1720 2188 2104 1836 17011 13989 1523
internal_value=-0.00197135 0.00220946 -0.000274221 0.00186568 -0.0235125 0.00995144 0.00456942 -0.102112 0.00814445 0.00997371 -0.0120099 0.0173279 -0.0755121 -0.0323669
internal_weight=396.942 376.85 369.237 363.228 87.1323 276.096 248.699 6.8366 241.863 238.658 59.6071 179.05 20.0919 11.7039
internal_count=95892 75148 73646 61385 30360 31025 28503 2198 26305 24117 3940 20177 20744 6755
is_linear=0
shrinkage=0.12775


Tree=42
num_leaves=15
num_cat=0
split_feature=4 8 23 0 8 5 3 0 0 22 2 1 22 25
split_gain=6.56068 5.3824 4.75564 4.1881 3.90915 2.77311 4.46337 3.25119 17.2671 11.3847 6.94105 16.6024 5.61538 5.56014
threshold=6.5000000000000009 0.7543103448275863 1.5000000000000002 1.0000150460031552 0.14835164835164841 1.0000000180025095e-35 1.0000000180025095e-35 0.22975817812639013 0.99890514129716002 0.06458333333333334 1.0000000180025095e-35 6.8928581926288272e-05 0.26491228070175443 0.35714285714285715
decision_type=2 2 2 2 2 2 2 2 2 2 2 2 2 2
left_child=1 2 -1 4 5 6 7 10 -9 -10 11 -4 -11 -13
right_child=-2 -3 3 -5 -6 -7 -8 8 9 12 -12 13 -14 -15
leaf_value=0.041457562990574869 -0.10899839829454491 0.096828764509330353 0.13942455254170297 -0.10442029074153493 -0.10402118594188729 0.049071685175326396 -0.10911930911432154 -0.12178454334322324 -0.035689015600285201 0.11233734998424322 -0.020934424005878777 0.012164853643023093 0.014524208817979089 -0.14291191701372277
leaf_weight=35.942574699874967 7.7636306105268877 7.8725748536526217 16.751663391245529 5.6241573091101591 4.9484085946896803 14.770358346839201 5.2341407366038757 20.643580402720545 49.549745342228562 15.198655254323965 83.793379504146287 94.778541896797833 23.845857833221089 2.5563110092480192
leaf_count=1101 18385 1607 3933 12696 1553 2666 5754 21950 2045 1342 9826 6217 6460 357
internal_value=-0.00202034 0.000539791 -0.0018362 -0.00659343 -0.00451332 -0.00257947 -0.00522605 -0.00297752 -0.0205293 0.00456329 0.00678651 0.0271536 0.0551227 0.00616037
internal_weight=389.274 381.51 373.637 337.695 332.071 327.122 312.352 307.118 109.238 88.5943 197.88 114.087 39.0445 97.3349
internal_count=95892 77507 75900 74799 62103 60550 57884 52130 31797 9847 20333 10507 7802 6574
is_linear=0
shrinkage=0.12775


Tree=43
num_leaves=15
num_cat=0
split_feature=4 23 22 10 23 0 2 3 3 0 2 11 0 1
split_gain=6.13572 4.37685 7.81473 4.29701 2.32184 1.74833 3.75924 7.12673 1.67803 1.76444 2.44263 9.78898 6.71476 2.54431
threshold=1.0000000180025095e-35 3.5000000000000004 0.67424242424242431 1.0000000180025095e-35 10.500000000000002 6.1282915557041504e-05 1.0000000180025095e-35 1.0000000180025095e-35 1.0000000180025095e-35 0.99999997002470964 1.0000000180025095e-35 1.0000000180025095e-35 0.0017735901571924908 6.8924747435913929
decision_type=2 2 2 2 2 2 2 2 2 2 2 2 2 2
left_child=1 3 4 8 -3 6 7 -2 9 10 12 -12 -1 -14
right_child=5 2 -4 -5 -6 -7 -8 -9 -10 -11 11 -13 13 -15
leaf_value=0.12038585950891863 0.10811095921040617 0.00044160624539272896 -0.10536290189591938 0.08014316240516467 -0.047725321758556288 -0.1186804518812693 -0.134634349781699 -0.10200223597285342 -0.078345834941442191 -0.031623313943013667 -0.11890185682753596 0.029961314072718098 -0.0025988095500540757 0.045279919871424955
leaf_weight=10.043316376395522 4.4723012212198245 188.694092576814 11.771609854215056 15.078700353391467 16.504386779663037 6.8489091368319341 2.6266443382191937 3.4433092240724363 2.0170748096425077 11.887529222236479 8.5709406337700766 24.93804498296231 49.214545763388742 27.16331824415829
leaf_count=1692 452 36387 20567 1284 7678 13989 1523 4780 533 1429 536 484 3492 1066
internal_value=-0.00195872 0.00168892 -0.00986645 0.0184617 -0.00372406 -0.0732067 -0.0333904 0.0151437 0.0107688 0.0129262 0.01765 -0.0112971 0.0288751 0.014928
internal_weight=383.275 365.884 216.97 148.913 205.198 17.3912 10.5423 7.91561 133.835 131.818 119.93 33.509 86.4212 76.3779
internal_count=95892 75148 64632 10516 44065 20744 6755 5232 9232 8699 7270 1020 6250 4558
is_linear=0
shrinkage=0.12775


Tree=44
num_leaves=15
num_cat=0
split_feature=4 7 0 24 1 0 23 0 0 2 11 10 10 0
split_gain=5.50561 4.16201 3.82902 3.15715 2.33209 3.73848 2.01873 1.96878 4.81599 1.80203 3.15923 4.94512 1.74935 1.73064
threshold=1.0000000180025095e-35 0.85607142857142871 1.0000150460031552 0.10818713450292398 9.7354534314171612 0.99999869483917114 9.5000000000000018 0.99890514129716002 0.22030936730337305 1.0000000180025095e-35 1.0000000180025095e-35 1.0000000180025095e-35 1.0000000180025095e-35 0.99999997002470964
decision_type=2 2 2 2 2 2 2 2 2 2 2 2 2 2
left_child=1 2 3 4 7 -6 13 8 9 -1 11 -11 -10 -5
right_child=-2 -3 -4 6 5 -7 -8 -9 12 10 -12 -13 -14 -15
leaf_value=0.046565663322704162 -0.072542209189817186 0.092910047774016638 -0.10075093903539355 0.00019513442848053119 -0.10704902599377758 0.015517177662596787 -0.042036464242015723 0.082556761651209287 -0.10141104094759595 -0.11231228927276897 0.037392500440827453 0.03319982863246778 0.048471968372303165 -0.042172288531832913
leaf_weight=42.903035621566232 15.825990185981935 6.5658755965414448 4.7514242089455356 204.63856188082718 4.5121384699596119 12.217104374838526 22.719464820023859 8.2373722164484189 5.3651554717944228 6.1304097176180203 20.26290931677795 6.7756683021434583 0.70305049349553872 15.671054253471082
leaf_count=4502 20744 1494 12261 38362 614 464 11535 536 1699 871 761 387 48 1614
internal_value=-0.00192354 0.00143133 -0.000612782 0.00113444 0.0192675 -0.0231541 -0.00692046 0.027349 0.0205459 0.02968 0.00685581 -0.0400729 -0.0783051 -0.00306113
internal_weight=377.279 361.453 354.887 350.136 107.107 16.7292 243.029 90.3776 82.1402 76.072 33.169 12.9061 6.06821 220.31
internal_count=95892 75148 73654 61393 9882 1078 51511 8804 8268 6521 2019 1258 1747 39976
is_linear=0
shrinkage=0.12775


Tree=45
num_leaves=15
num_cat=0
split_feature=4 7 0 23 8 10 25 5 3 2 1 11 1 0
split_gain=4.62365 3.79899 3.5038 2.98291 3.10352 2.22361 7.55788 2.32999 2.14094 2.39125 14.4618 10.3689 2.62387 3.77953
threshold=6.5000000000000009 0.85607142857142871 1.0000150460031552 1.5000000000000002 0.14835164835164841 1.0000000180025095e-35 0.35714285714285715 1.0000000180025095e-35 1.0000000180025095e-35 1.0000000180025095e-35 6.8928581926288272e-05 1.0000000180025095e-35 0.034009744775756856 0.16840608388358114
decision_type=2 2 2 2 2 2 2 2 2 2 2 2 2 2
left_child=1 2 3 -1 5 6 8 -7 9 10 -5 -11 -12 -14
right_child=-2 -3 -4 4 -6 7 -8 -9 -10 11 12 -13 13 -15
leaf_value=0.035911905256033987 -0.10354139456508002 0.085892086196438247 -0.099469380392017595 0.13357437687270621 -0.094366446823383382 0.0038495487267087422 -0.1337961922190854 0.072997054941374304 -0.089647820387068436 -0.12025124538340728 -0.057291285045946896 0.0039655298136516345 0.02588053933800338 -0.01212897850928275
leaf_weight=32.485848515294492 5.7795520949948687 6.8744282782135988 4.5223376527937935 12.095324752503073 4.7047100491763549 23.017125406477135 5.976415811754122 10.913066249573601 3.1571087800766682 12.557393441806196 12.255534012656424 51.170547528774478 63.201086184359156 124.63679732808669
leaf_count=1088 18385 1599 12709 3856 1561 1940 4056 2246 4960 4643 1043 3801 3815 30190
internal_value=-0.00181664 0.000162323 -0.00179119 -0.00017366 -0.00393172 -0.00219905 -0.00591864 0.0280642 -0.00253834 -0.00110254 0.00543682 -0.0225314 -0.00316662 0.000754959
internal_weight=373.347 367.568 360.693 356.171 323.685 318.98 285.05 33.9302 279.074 275.917 212.189 63.7279 200.093 187.838
internal_count=95892 77507 75908 63199 62111 60550 56364 4186 52308 47348 38904 8444 35048 34005
is_linear=0
shrinkage=0.12775


Tree=46
num_leaves=15
num_cat=0
split_feature=0 4 8 23 22 5 3 10 24 0 0 0 0 0
split_gain=4.09164 3.27248 3.19886 2.55329 3.44718 2.23774 3.19555 2.42498 1.41884 2.37904 4.66873 5.37884 5.94087 2.57784
threshold=1.0000150460031552 6.5000000000000009 0.7543103448275863 6.5000000000000009 0.43303571428571436 1.0000000180025095e-35 1.0000000180025095e-35 1.0000000180025095e-35 0.24404761904761907 0.99999997002470964 0.99999987461990159 0.99999960961727907 0.99999905136682166 0.16840608388358114
decision_type=2 2 2 2 2 2 2 2 2 2 2 2 2 2
left_child=1 2 3 5 -5 6 8 -7 -1 10 11 12 13 -10
right_child=-2 -3 -4 4 -6 7 -8 -9 9 -11 -12 -13 -14 -15
leaf_value=0.017235415734446535 -0.10208050670694989 -0.096785463794361051 0.08206744328181291 -0.010622813968588302 -0.095759273402127698 -0.048648510164246858 -0.098406599561231073 0.080673647828501047 0.0059413707762424025 -0.055772889614344533 0.10417853923803094 -0.14862649739053216 0.091616692335872524 -0.033172494552557191
leaf_weight=96.172771284807823 5.1482725882888181 4.238474882884474 6.4984616233268744 78.066303011895798 7.314311109344998 1.9948356025852234 3.5841346931410945 10.127202243427746 86.125442143093096 11.175494094844906 5.6034714790293938 2.642190456215757 9.5862088291905803 38.806822937302059
leaf_count=6841 17182 13924 1595 15160 16056 275 2641 1688 7406 897 315 291 613 11008
internal_value=-0.00179157 1.54501e-05 0.00152826 -0.000275868 -0.0193167 0.00590786 0.00319363 0.0566071 0.00517901 -0.00243895 0.00222762 -0.00292889 0.001406 -0.00643688
internal_weight=367.084 361.936 357.698 351.199 85.3806 265.819 253.697 12.122 250.112 153.94 142.764 137.161 134.518 124.932
internal_count=95892 78710 64786 63191 31216 31975 30012 1963 27371 20530 19633 19318 19027 18414
is_linear=0
shrinkage=0.12775


Tree=47
num_leaves=15
num_cat=0
split_feature=4 0 7 23 22 10 0 22 1 1 0 0 22 0
split_gain=3.61744 2.88232 2.7144 2.2054 5.64661 2.37271 2.00485 7.75594 5.19123 4.311 6.92602 2.62151 2.5867 1.41717
threshold=6.5000000000000009 1.0000150460031552 0.96662958843159075 3.5000000000000004 0.67424242424242431 1.0000000180025095e-35 0.99999892663579504 0.06458333333333334 7.5920624752267774 6.8924747435913929 0.30448946361487123 0.99999933927151374 0.27922077922077926 0.99999987461990159
decision_type=2 2 2 2 2 2 2 2 2 2 2 2 2 2
left_child=1 2 3 5 6 -1 8 11 9 10 -5 -8 -9 -13
right_child=-2 -3 -4 4 -6 -7 7 12 -10 -11 -12 13 -14 -15
leaf_value=0.0059561865110876492 -0.099260236210093195 -0.094968907616571646 0.080055174824953584 -0.0017594521823235977 -0.10052457434489717 0.057511265426745575 0.049244149111255117 0.12311423787264708 -0.090225730864402359 0.068538124438194084 -0.10973084617051654 -0.1145653354161191 0.016032446545220496 -0.026933898864400153
leaf_weight=124.70790238585323 4.7309475139518318 3.7768303922639452 5.6266597486101082 133.12138211031561 8.9913841149973432 15.193969641870352 4.251332459039987 9.7228833806002495 10.766455741817479 11.143264844838994 9.0884143944349471 3.2333116978406897 6.2025620057102051 12.653405155986547
leaf_count=8098 18385 12721 1283 19521 16397 1243 253 737 1796 865 12345 137 1656 455
internal_value=-0.00174406 -8.32082e-05 0.00128951 -0.000288837 -0.00857285 0.0120599 -0.00378596 0.022945 -0.00980146 -0.00340439 -0.00964329 -0.0292206 0.0859924 -0.0524655
internal_weight=363.211 358.48 354.703 349.076 209.174 139.902 200.183 36.0635 164.12 153.353 142.21 20.138 15.9254 15.8867
internal_count=95892 77507 64786 63503 54162 9341 37765 3238 34527 32731 31866 845 2393 592
is_linear=0
shrinkage=0.12775


Tree=48
num_leaves=15
num_cat=0
split_feature=4 0 7 23 10 25 0 3 2 11 1 0 0 1
split_gain=3.35111 2.42595 2.10974 1.89105 1.66985 4.87859 5.04128 2.08337 1.71999 13.2053 13.0295 2.13828 7.25062 7.05524
threshold=1.0000000180025095e-35 1.0000150460031552 0.96662958843159075 11.500000000000002 1.0000000180025095e-35 0.35714285714285715 6.1282915557041504e-05 1.0000000180025095e-35 1.0000000180025095e-35 1.0000000180025095e-35 6.8928581926288272e-05 0.99999892663579504 0.99999940937069842 7.5920624752267774
decision_type=2 2 2 2 2 2 2 2 2 2 2 2 2 2
left_child=1 2 3 4 5 7 -7 8 10 -10 -1 13 -13 -12
right_child=-2 -3 -4 -5 -6 6 -8 -9 9 -11 11 12 -14 -15
leaf_value=0.13100047214108848 -0.061376072534353746 -0.091027648256081534 0.07569891745820527 -0.049796946496374846 0.030633172486620314 0.029216243098025133 -0.15639914657387818 -0.086694230961894297 -0.12181287685240513 0.014486823311437398 0.0033920984210668824 0.092549570557625208 -0.0058091033903112975 -0.081919369749594434
leaf_weight=12.107857614057137 13.358405326343926 3.2572404156635448 4.8611463885172261 10.31696660723537 29.779090734664351 3.2172122674528492 5.0125550672091777 2.8410902985124258 13.232541927180135 55.328454335976858 131.78680842167523 15.574590482807251 43.428565572568914 16.591206460143439
leaf_count=3950 20744 12270 1181 6422 3726 993 3309 4341 3944 3357 24003 1051 3772 2829
internal_value=-0.00169854 0.000829325 0.00205732 0.000701017 0.00248552 -0.000443924 -0.0900365 0.00250196 0.00378891 -0.0136951 0.00930152 0.00138111 0.0216684 -0.00681097
internal_weight=360.694 347.335 344.078 339.217 328.9 299.121 8.22977 290.891 288.05 68.561 219.489 207.381 59.0032 148.378
internal_count=95892 75148 62878 61697 55275 51549 4302 47247 42906 7301 35605 31655 4823 26832
is_linear=0
shrinkage=0.12775


Tree=49
num_leaves=15
num_cat=0
split_feature=4 0 23 2 1 3 11 10 1 22 0 0 1 1
split_gain=2.96138 2.26812 2.05447 1.90712 9.99482 12.2689 3.45089 4.98658 3.37602 2.54582 6.21984 4.19473 4.93548 6.21439
threshold=6.5000000000000009 1.0000150460031552 1.5000000000000002 1.0000000180025095e-35 6.8928581926288272e-05 1.0000000180025095e-35 1.0000000180025095e-35 1.0000000180025095e-35 0.034009744775756856 0.097619047619047633 0.99999905136682166 0.16840608388358114 6.8924747435913929 7.5920624752267774
decision_type=2 2 2 2 2 2 2 2 2 2 2 2 2 2
left_child=1 2 -1 4 5 -4 7 -5 -6 -10 11 -11 -13 -14
right_child=-2 -3 3 6 8 -7 -8 -9 9 10 -12 12 13 -15
leaf_value=0.031610506054241087 -0.095498322663927188 -0.090060299848192901 0.13367176916650883 -0.11752759778247267 -0.065497669454848959 -0.048856935545329126 0.0016931672019194213 -0.011956868725424079 -0.016294881228629203 0.024285759748613148 0.068742641554668457 -0.068856848460084677 0.085003733618066665 -0.062330260008658697
leaf_weight=30.995778174139559 4.031896055865217 3.1536323776199415 17.513888914312705 10.496022474799249 12.972699349003959 7.951926696841837 50.967003353478503 19.911511129525024 94.768637531909917 39.737536412401823 23.18882232143369 23.816184014096507 9.0559593624784629 7.1686031963326959
leaf_count=1200 18385 12721 6327 4686 1178 6554 3801 1657 6669 2486 4083 22423 647 3075
internal_value=-0.00165834 -0.000215279 0.000947913 -0.00216828 0.00365966 0.077092 -0.0188628 -0.0519016 -0.00565697 -0.00130636 0.0125216 -0.00470668 -0.0333308 0.0201222
internal_weight=355.73 351.698 348.545 317.549 236.174 25.4658 81.3745 30.4075 210.708 197.736 102.967 79.7783 40.0407 16.2246
internal_count=95892 77507 64786 63586 53442 12881 10144 6343 40561 39383 32714 28631 26145 3722
is_linear=0
shrinkage=0.12775


Tree=50
num_leaves=15
num_cat=0
split_feature=4 23 22 6 10 3 0 2 3 0 1 0 0 22
split_gain=2.7859 1.93723 3.35599 2.0735 2.27742 1.50841 1.48508 3.45203 4.69301 1.15021 12.9731 4.5866 2.22481 3.25859
threshold=1.0000000180025095e-35 6.5000000000000009 0.22474747474747478 1.0000000180025095e-35 1.0000000180025095e-35 1.0000000180025095e-35 6.1282915557041504e-05 1.0000000180025095e-35 1.0000000180025095e-35 0.22030936730337305 6.6323431762046399 0.99901350511398923 0.99999869483917114 0.19523809523809527
decision_type=2 2 2 2 2 2 2 2 2 2 2 2 2 2
left_child=1 3 -3 4 -1 9 7 8 -2 -5 -11 -12 -13 -14
right_child=6 2 -4 5 -6 -7 -8 -9 -10 10 11 12 13 -15
leaf_value=-0.050623526956702594 0.10390934036201289 -0.001506119306474914 -0.06057397951878233 0.011266222260468259 0.077975717550662973 -0.079034460132977907 -0.10947624468465428 -0.12547890720344626 -0.08723136445173503 -0.11041674907759 0.10146405131085566 -0.034146298673518378 -0.007233500032951464 0.05951778634115526
leaf_weight=1.7881829188554519 3.8913586464477685 63.571818903859821 19.50380413730818 154.72056971068378 10.092638447415084 2.1948843573190961 4.2101062572182846 1.9571136251724963 2.1982433092416613 14.843079371596103 7.5728619037545277 17.072159874805948 31.423806588863954 17.624004343524575
leaf_count=296 452 10599 27176 12015 2195 2434 13989 1523 4780 15156 530 1731 963 2053
internal_value=-0.00159514 0.000669783 -0.0161331 0.00615119 0.0553804 0.00347342 -0.0582282 -0.0193634 0.0315556 0.0046574 -0.0068875 0.0156038 0.00390552 0.0177196
internal_weight=352.665 340.408 83.0756 257.332 11.8808 245.451 12.2568 8.04672 6.0896 243.256 88.5359 73.6928 66.12 49.0478
internal_count=95892 75148 37775 37373 2491 34882 20744 6755 5232 32448 20433 5277 4747 3016
is_linear=0
shrinkage=0.12775


Tree=51
num_leaves=15
num_cat=0
split_feature=4 7 0 24 1 23 0 0 0 1 23 1 0 1
split_gain=2.55498 1.72439 1.64788 1.48049 1.65027 2.73644 2.48045 1.55799 3.25792 1.65929 1.49444 1.2749 8.38866 4.90378
threshold=1.0000000180025095e-35 0.96662958843159075 1.0000150460031552 0.10818713450292398 9.7354534314171612 1.5000000000000002 0.99999991577681813 0.99890514129716002 0.22030936730337305 0.17814978032376411 5.5000000000000009 6.8924747435913929 0.30448946361487123 6.9091685278337591
decision_type=2 2 2 2 2 2 2 2 2 2 2 2 2 2
left_child=1 2 3 4 7 -6 -7 8 9 -1 -9 12 -5 -13
right_child=-2 -3 -4 11 5 6 -8 10 -10 -11 -12 13 -14 -15
leaf_value=0.015763990745281599 -0.058007220544612534 0.069040097036801362 -0.083500063806496702 -0.0032480958572956883 0.048616913933141388 -0.09639939691989724 0.017937911239917788 0.094192189560346126 -0.074045108925520922 0.090051227677200862 -0.025335598836356298 0.11488163677952606 -0.11305076141408751 -0.0015216378095382951
leaf_weight=65.692671684548259 11.260889365490582 4.5140608553629127 2.5042770027721408 147.12983954577794 4.8786751925945309 6.9743607189302548 4.3279186053696321 6.3135652995551927 4.9709273476255467 4.0555518871697123 1.5555901753978103 5.083865830441936 10.940066375300374 68.850037740376138
leaf_count=6450 20744 1188 12263 23863 79 818 181 297 1748 192 239 382 19410 8038
internal_value=-0.00160356 0.000504022 -0.00070378 0.000265729 0.013258 -0.0227005 -0.055417 0.0205592 0.0141452 0.0217389 0.07031 -0.00531086 -0.0117559 0.00843159
internal_weight=349.052 337.791 333.277 330.773 98.7693 16.181 11.3023 82.5883 74.7192 69.7482 7.86916 232.004 158.07 73.9339
internal_count=95892 75148 73960 61697 10004 1078 999 8926 8390 6642 536 51693 43273 8420
is_linear=0
shrinkage=0.12775


Tree=52
num_leaves=15
num_cat=0
split_feature=4 0 8 7 5 3 10 2 1 25 11 10 22 0
split_gain=2.12937 1.6238 1.5836 2.19416 1.55332 2.77054 2.32136 1.27097 14.4663 5.14763 4.68596 5.85778 1.92621 1.43709
threshold=6.5000000000000009 1.0000150460031552 0.7543103448275863 0.21549773755656115 1.0000000180025095e-35 1.0000000180025095e-35 1.0000000180025095e-35 1.0000000180025095e-35 6.8928581926288272e-05 0.35714285714285715 1.0000000180025095e-35 1.0000000180025095e-35 0.12916666666666668 0.052902145686547795
decision_type=2 2 2 2 2 2 2 2 2 2 2 2 2 2
left_child=1 2 3 4 5 7 -6 8 -1 13 11 -9 -12 -10
right_child=-2 -3 -4 -5 6 -7 -8 10 9 -11 12 -13 -14 -15
leaf_value=0.13087058741927393 -0.08882839949816089 -0.08293702775449642 0.062441348013915689 -0.079322442428305689 -0.05000894958530358 -0.096391224104900849 0.06740932730912752 -0.11870450479766198 -0.030302038902894058 -0.13170008305691952 0.026228533866507711 -0.0068478790073004401 -0.021875585853482683 0.0038498053702072372
leaf_weight=12.712051338632589 3.1171548181646349 2.4624589040686251 5.2634157421562113 4.3038155638751041 2.4916574709932293 3.5266822963385485 10.378711172932526 11.401548633170025 21.104725448793033 3.5647813011346434 36.985943977721035 19.463329233578406 19.782610984402709 189.37113618633884
leaf_count=4212 18385 12721 1595 1596 438 5793 2427 4691 1591 3327 825 1413 3022 33856
internal_value=-0.00142798 -0.000281994 0.00064693 -0.000574619 0.0007737 -0.0010709 0.0420476 0.000412958 0.00546281 -0.00277212 -0.0125363 -0.0514645 0.00934453 0.000251112
internal_weight=345.93 342.813 340.35 335.087 330.783 317.913 12.8704 314.386 226.753 214.041 87.6334 30.8649 56.7686 210.476
internal_count=95892 77507 64786 63191 61595 58730 2865 52937 42986 38774 9951 6104 3847 35447
is_linear=0
shrinkage=0.12775


Tree=53
num_leaves=15
num_cat=0
split_feature=4 23 22 6 10 0 2 3 24 23 22 3 1 1
split_gain=2.04415 1.4692 4.364 1.6483 1.34721 1.12368 2.87183 3.62876 0.991276 1.29472 1.07651 0.833782 0.873573 2.66341
threshold=1.0000000180025095e-35 4.5000000000000009 0.57518796992481214 1.0000000180025095e-35 1.0000000180025095e-35 6.1282915557041504e-05 1.0000000180025095e-35 1.0000000180025095e-35 0.10263157894736843 5.5000000000000009 0.162280701754386 1.0000000180025095e-35 0.11148013362816257 6.8924747435913929
decision_type=2 2 2 2 2 2 2 2 2 2 2 2 2 2
left_child=1 3 8 4 -1 6 7 -2 9 -3 -11 12 -5 -14
right_child=5 2 -4 11 -6 -7 -8 -9 -10 10 -12 -13 13 -15
leaf_value=-0.034643459331394719 0.099094433587445421 0.061463901260053133 -0.094557615680555943 0.016113045439436719 0.082338261498770063 -0.10273529595703967 -0.11722707295152274 -0.079262538903760796 -0.0073704847150000636 -0.03200499573603896 0.036375925564294143 -0.064380648285702544 -0.028027972754094202 0.017013628945700535
leaf_weight=1.1984098450629961 3.3593688030960021 7.0086306120647377 7.7014345767020123 79.539252475136891 6.4765924834646285 3.3594273431881447 1.6907162937895917 1.8039046932899507 130.14887046654985 7.4115663522861706 5.1991227871621959 1.3792358443024557 36.257656431873329 48.399823072424624
leaf_count=170 452 1183 23688 5468 1429 13989 1523 4780 28394 1384 2468 1030 7486 2448
internal_value=-0.00148035 0.000365946 -0.00852644 0.00845182 0.0615865 -0.0542226 -0.0172646 0.0332204 -0.00328351 0.0225368 -0.00300925 0.00550249 0.00661865 -0.00241656
internal_weight=340.934 330.721 157.47 173.251 7.675 10.2134 6.85399 5.16327 149.768 19.6193 12.6107 165.576 164.197 84.6575
internal_count=95892 75148 57117 18031 1599 20744 6755 5232 33429 5035 3852 16432 15402 9934
is_linear=0
shrinkage=0.12775


Tree=54
num_leaves=15
num_cat=0
split_feature=4 0 0 0 24 0 1 1 0 0 24 23 2 0
split_gain=1.8965 1.34378 5.47179 11.4505 4.59427 4.42025 5.41104 5.7025 11.5036 4.5152 3.95977 2.21727 1.98835 6.03709
threshold=1.0000000180025095e-35 0.99999997002470964 0.99999987461990159 0.99999960961727907 0.76696832579185525 0.99999892663579504 7.5920624752267774 6.8924747435913929 0.30448946361487123 0.99999142433573962 0.56696428571428581 1.5000000000000002 1.0000000180025095e-35 0.0017735901571924908
decision_type=2 2 2 2 2 2 2 2 2 2 2 2 2 2
left_child=1 2 3 5 -3 6 7 8 12 -8 11 -11 13 -1
right_child=-2 4 -4 -5 -6 -7 9 -9 -10 10 -12 -13 -14 -15
leaf_value=0.074031107650419523 -0.054101621948259779 0.0032389322799244039 0.091806677028077349 -0.17163346838378679 -0.10938997378770095 0.057041361632143316 -0.15382059490430836 0.071062654196744832 -0.11267655674621166 0.062075739450743649 0.079895983863536038 -0.090031198224734058 -0.0096781389455279452 0.0024145153440118332
leaf_weight=22.009245358112821 9.4313634933678241 23.48044828522325 9.5181964572402631 4.8657919614197445 6.4924914515977425 21.606489033045364 5.2097466624400139 17.456641664946801 13.01565851772102 0.91179016232490351 3.313750608213013 6.7468966586020542 86.356850282718369 108.20942583795113
leaf_count=12980 20744 13802 699 699 1001 1631 1553 1386 21003 8 350 1273 10151 8612
internal_value=-0.0014371 0.000290227 0.00291384 -0.000426119 -0.0248815 0.0033081 -0.0013756 0.00347542 -0.00205547 -0.0699129 -0.0173941 -0.0652371 0.0052607 0.0151653
internal_weight=338.625 329.193 299.22 289.702 29.9729 284.836 263.23 247.048 229.591 16.1822 10.9724 7.65869 216.576 130.219
internal_count=95892 75148 60345 59646 14803 58947 57316 54132 52746 3184 1631 1281 31743 21592
is_linear=0
shrinkage=0.12775


Tree=55
num_leaves=15
num_cat=0
split_feature=0 3 5 2 1 11 10 25 7 5 23 0 22 0
split_gain=1.73874 1.7603 1.63027 1.28973 16.9866 4.00484 5.93893 2.34976 2.96079 4.32346 1.75649 1.25186 1.7169 2.95732
threshold=1.0000150460031552 1.0000000180025095e-35 1.0000000180025095e-35 1.0000000180025095e-35 6.8928581926288272e-05 1.0000000180025095e-35 1.0000000180025095e-35 0.35714285714285715 0.98979591836734704 1.0000000180025095e-35 1.5000000000000002 0.052902145686547795 0.097619047619047633 0.99999905136682166
decision_type=2 2 2 2 2 2 2 2 2 2 2 2 2 2
left_child=1 3 -3 4 -1 6 -5 11 9 -9 -7 -6 -13 -14
right_child=-2 2 -4 5 7 10 -8 8 -10 -11 -12 12 13 -15
leaf_value=0.12904694874810893 -0.084913607185289924 -0.099432095056035313 0.0067405886403366444 -0.11819999320488833 -0.028440621749732459 0.067874077265745819 -0.0058056223209386852 -0.14373171106398544 0.042393737519945095 0.014598511732825798 0.00028950720321569643 -0.0081938290970217306 0.0017238995024120359 0.053177566149877419
leaf_weight=15.644197250308933 2.6497912749982779 4.1617720908579932 3.829529657275998 10.78409668562381 21.045916162995127 5.8042988777160636 21.211293548189133 5.9107865185942483 3.1459548810380502 4.2080334118800238 50.04394502575451 97.177144676847092 65.064593454917485 24.005296020099195
leaf_count=6793 17182 10272 703 5752 1624 46 2075 11841 542 598 3801 5616 25205 3842
internal_value=-0.00143376 -0.000420531 -0.0550259 0.00115263 0.00606609 -0.0119491 -0.0469939 -0.00340154 -0.0528682 -0.0840121 0.00877399 9.09732e-05 0.00349962 0.0161881
internal_weight=334.687 332.037 7.9913 324.046 236.202 87.8436 31.9954 220.558 13.2648 10.1188 55.8482 207.293 186.247 89.0699
internal_count=95892 78710 10975 67735 56061 11674 7827 49268 12981 12439 3847 36287 34663 29047
is_linear=0
shrinkage=0.12775


Tree=56
num_leaves=15
num_cat=0
split_feature=0 3 5 23 0 0 0 22 22 23 5 2 1 17
split_gain=1.55142 1.51212 1.48255 1.26052 0.999859 8.39421 5.51697 2.93717 2.99522 2.82166 2.65241 2.60882 12.0162 3.18896
threshold=1.0000150460031552 1.0000000180025095e-35 1.0000000180025095e-35 11.500000000000002 0.22030936730337305 0.99890514129716002 0.99901350511398923 0.097619047619047633 0.27922077922077926 1.5000000000000002 1.0000000180025095e-35 1.0000000180025095e-35 6.8928581926288272e-05 1.0000000180025095e-35
decision_type=2 2 2 2 2 2 2 2 2 2 2 2 2 2
left_child=1 3 -3 4 11 10 -7 9 -9 -8 -6 12 -1 -13
right_child=-2 2 -4 -5 5 6 7 8 -10 -11 -12 13 -14 -15
leaf_value=0.12718778554386054 -0.082410847057803369 -0.096834781790457083 0.0061238267904943616 -0.041183057068438667 -0.10807016001695377 0.099299427690630257 0.055536380509826587 0.067585643067014006 -0.0052851562308972935 -0.0325201819745096 0.022772214215611979 0.0094281179425363612 0.0045536484324622288 -0.041682153189186708
leaf_weight=13.577200386076582 2.4373545188900598 3.7891197084227306 3.8159969851694768 9.787550532137173 13.877487652753191 8.3037229355322761 5.532081412151455 14.322450866253346 21.82291765806076 45.627443309873343 2.5205905734910621 53.77590392815182 102.93280131121719 29.925321368220466
leaf_count=6511 17182 10272 703 7049 26146 664 112 1120 5910 1611 277 3357 8112 6866
internal_value=-0.00136545 -0.000426685 -0.0521389 0.00101089 0.00250817 -0.00710281 0.00777639 -0.00233155 0.0250066 -0.0217953 -0.0877525 0.00789672 0.0201598 -0.00922299
internal_weight=332.048 329.611 7.60512 322.005 312.218 112.007 95.6086 87.3049 36.1454 51.1595 16.3981 200.211 116.51 83.7012
internal_count=95892 78710 10975 67735 60686 35840 9417 8753 7030 1723 26423 24846 14623 10223
is_linear=0
shrinkage=0.12775


Tree=57
num_leaves=15
num_cat=0
split_feature=4 23 22 10 3 24 0 0 0 24 0 1 0 24
split_gain=1.63745 1.19746 1.67575 1.22239 1.68135 0.916155 0.879487 5.85284 5.08821 3.67535 3.656 3.41321 3.65393 3.44284
threshold=1.0000000180025095e-35 8.5000000000000018 0.25657894736842107 1.0000000180025095e-35 1.0000000180025095e-35 0.60769230769230786 0.99999948222521573 0.99999987461990159 0.99999994036517192 0.71008403361344552 0.99999892663579504 7.5920624752267774 0.99999142433573962 0.48809523809523814
decision_type=2 2 2 2 2 2 2 2 2 2 2 2 2 2
left_child=1 3 5 4 6 -3 10 -8 -9 -10 11 -1 -13 -14
right_child=-2 2 -4 -5 -6 -7 7 8 9 -11 -12 12 13 -15
leaf_value=0.0046032274490321627 -0.054075403140748969 -0.027137931673137505 -0.078669943314347235 0.028924064287261717 -0.084210452069008276 0.015069065050090374 -0.11691523135297191 0.097488619342904759 0.012571516546872719 -0.081956653767677135 0.058181010949656706 -0.14159861891161823 -0.069482675392587873 0.065621131771269658
leaf_weight=182.92279280100774 7.9184954696847845 17.036178453148754 5.4021144610342153 25.811276920343516 2.4006048301816909 14.21768024461562 6.2080988309899103 6.547281430423026 20.349185530343679 8.4370731729977688 17.840794777934207 4.1316603808809296 5.4839490188314794 4.2334286831464851
leaf_count=31275 20744 3981 15160 3774 3749 2888 662 351 8854 1142 1096 1055 791 370
internal_value=-0.00120673 0.000322151 -0.0209754 0.00315511 0.000443389 -0.00811146 0.00168159 -0.0150334 0.00657171 -0.0176045 0.00499206 -0.000200277 -0.0583379 -0.00978659
internal_weight=328.941 321.022 36.656 284.366 258.555 31.2539 256.154 41.5416 35.3335 28.7863 214.613 196.772 13.849 9.71738
internal_count=95892 75148 22029 53119 49345 6869 45596 11009 10347 9996 34587 33491 2216 1161
is_linear=0
shrinkage=0.12775


Tree=58
num_leaves=15
num_cat=0
split_feature=0 23 22 3 5 24 1 2 23 0 0 0 0 0
split_gain=1.36399 1.20471 6.05838 1.28933 1.06831 1.01489 1.48998 2.09317 0.768868 0.707908 1.67465 3.56013 1.63626 1.83489
threshold=1.0000150460031552 2.5000000000000004 0.67424242424242431 1.0000000180025095e-35 1.0000000180025095e-35 0.10818713450292398 9.7354534314171612 1.0000000180025095e-35 9.5000000000000018 0.99999994036517192 0.99890514129716002 0.22030936730337305 0.99945197784882256 0.99999905136682166
decision_type=2 2 2 2 2 2 2 2 2 2 2 2 2 2
left_child=1 4 3 5 9 6 7 -3 -7 10 11 -1 -12 -14
right_child=-2 2 -4 -5 -6 8 -8 -9 -10 -11 12 -13 13 -15
leaf_value=0.01261912340793778 -0.079556195435916743 0.052009876428313666 -0.087783086489556392 -0.0588986774712843 0.07437185101221673 0.00041140274231263823 -0.035871886931722573 -0.011362167556787373 -0.025352610836411577 -0.025253002653632502 0.11056874097145686 -0.10016594521314386 -0.036417777892654074 0.059940153858487284
leaf_weight=51.699253812723327 2.2193934739843817 22.154610513865919 12.210877272673313 4.542881898374616 3.0462189531535833 167.94970338998246 5.5694411327422122 12.661670930498074 19.921998697389427 7.3673800928518167 3.7120056620333335 3.6254341704479875 4.5370552011299861 5.9590373174287379
leaf_count=2631 17182 3702 23557 6767 633 29272 537 1325 8752 173 174 921 110 156
internal_value=-0.00127313 -0.000405916 -0.00485415 -1.50454e-05 0.0130783 0.00150213 0.0195207 0.0294067 -0.00248478 0.00938803 0.0134765 0.0029811 0.0504793 0.0188939
internal_weight=327.177 324.958 245.011 232.8 79.9464 228.257 40.3857 34.8163 187.872 76.9002 69.5328 55.3247 14.2081 10.4961
internal_count=95892 78710 73912 50355 4798 43588 5564 5027 38024 4165 3992 3552 440 266
is_linear=0
shrinkage=0.12775


Tree=59
num_leaves=15
num_cat=0
split_feature=4 7 8 0 10 25 23 3 2 0 24 0 0 0
split_gain=1.2455 1.0537 1.14745 1.46195 0.963665 3.90445 1.00629 0.934816 0.808165 2.23622 0.787365 0.769685 6.47294 4.84547
threshold=1.0000000180025095e-35 0.96662958843159075 0.14835164835164841 0.00044663229079903625 1.0000000180025095e-35 0.35714285714285715 3.5000000000000004 1.0000000180025095e-35 1.0000000180025095e-35 6.1282915557041504e-05 0.54195804195804198 0.99999948222521573 0.99999987461990159 0.99999994036517192
decision_type=2 2 2 2 2 2 2 2 2 2 2 2 2 2
left_child=1 2 4 -4 5 7 -6 11 9 -2 -8 -1 -13 -14
right_child=8 -3 3 -5 6 -7 10 -9 -10 -11 -12 12 13 -15
leaf_value=0.0036134314651595817 0.03830873179993724 0.057308935198011154 0.020121047534793494 -0.11590771440318536 0.05154262768095054 -0.11467846240824259 -0.021168244972196392 -0.070497281403556697 -0.10620731320427682 -0.091753042305549926 0.029774716185681744 -0.11792390293915388 0.092994583174380613 -0.015402113667075272
leaf_weight=232.48297946863386 3.922714610298498 3.7995276026631464 1.6149628679486334 1.7217977578584394 10.199917359161192 3.5692191782709406 9.3315579388727219 1.6746160806251271 1.4219497893136575 2.3306789837060933 7.8506115816853699 6.7602496637846334 7.1308590551052466 31.03026469793258
leaf_count=44045 5232 1188 706 1445 1044 3484 1380 4979 1523 13989 1403 909 461 14104
internal_value=-0.00121241 0.000120372 -0.000820067 -0.0634005 0.000130102 -0.00212673 0.022415 -0.000132761 -0.0479462 -0.0179592 0.00258881 0.000637209 -0.014416 0.0073799
internal_weight=324.842 317.167 313.367 3.33676 310.03 282.648 27.3821 279.079 7.67534 6.25339 17.1822 277.404 44.9214 38.1611
internal_count=95892 75148 73960 2151 71809 67982 3827 64498 20744 19221 2783 59519 15474 14565
is_linear=0
shrinkage=0.12775


Tree=60
num_leaves=15
num_cat=0
split_feature=0 3 5 2 1 11 10 25 7 10 23 0 1 24
split_gain=1.15448 1.0053 1.21874 0.976586 13.016 2.85374 5.35012 1.85753 2.25663 2.81127 1.42833 1.11232 1.40462 2.84106
threshold=1.0000150460031552 1.0000000180025095e-35 1.0000000180025095e-35 1.0000000180025095e-35 6.8928581926288272e-05 1.0000000180025095e-35 1.0000000180025095e-35 0.35714285714285715 0.98979591836734704 1.0000000180025095e-35 1.5000000000000002 0.052902145686547795 0.047413696407772814 0.10818713450292398
decision_type=2 2 2 2 2 2 2 2 2 2 2 2 2 2
left_child=1 3 -3 4 -1 6 -5 11 9 -9 -7 12 13 -6
right_child=-2 2 -4 5 7 10 -8 8 -10 -11 -12 -13 -14 -15
leaf_value=0.12578990812853921 -0.075890988212732352 -0.090512157801489843 0.0072540038638470774 -0.11541108055025642 0.058069163515750019 0.061453205115106962 -0.0038629618990486149 -0.13791540874436026 0.035878489227139251 -0.0013151261751958752 -0.001002459499395752 0.0035798905818381025 -0.10079560918000474 -0.042325535791192116
leaf_weight=12.319842088778385 1.9751724787020055 3.0184347756385241 3.5980586818623124 9.251575675776623 5.3367740003304851 5.4105230271816245 20.960519056297926 4.3543208260671218 2.9292353791242922 4.354998273343881 49.831345177823096 184.50123885148423 2.1628122561414775 13.43707691124291
leaf_count=6793 17182 10272 703 5752 348 46 2075 9613 542 2826 3801 34663 147 1129
internal_value=-0.00126649 -0.000487094 -0.0452383 0.000645724 0.00498827 -0.0109061 -0.0415542 -0.00261535 -0.0494237 -0.0790929 0.00645692 0.00034705 -0.0266086 -0.0117738
internal_weight=323.442 321.467 6.61649 314.85 229.396 85.454 30.2121 217.076 11.6386 8.70932 55.2419 205.438 20.9367 18.7739
internal_count=95892 78710 10975 67735 56061 11674 7827 49268 12981 12439 3847 36287 1624 1477
is_linear=0
shrinkage=0.12775


Tree=61
num_leaves=15
num_cat=0
split_feature=4 23 22 6 23 0 1 0 0 0 1 1 0 1
split_gain=1.23604 0.84044 5.14334 0.872578 0.748546 0.663682 1.38829 2.78029 1.53117 1.53489 0.66509 1.68247 1.20167 1.29836
threshold=1.0000000180025095e-35 2.5000000000000004 0.67424242424242431 1.0000000180025095e-35 11.500000000000002 0.99999994036517192 6.8924747435913929 0.22030936730337305 0.99945197784882256 0.99999905136682166 0.11148013362816257 0.1494237535920992 0.052902145686547795 0.025786254666642219
decision_type=2 2 2 2 2 2 2 2 2 2 2 2 2 2
left_child=1 3 4 -1 -3 6 7 10 -8 -10 12 -12 13 -5
right_child=-2 2 -4 5 -6 -7 8 -9 9 -11 11 -13 -14 -15
leaf_value=0.069735008166183665 -0.050154627449259283 0.0022662470464317633 -0.083716950172550098 0.015141487491492951 -0.032493865637033201 -0.024371187179151106 0.10780289019848283 -0.091820482391734071 -0.03335955813583414 0.055103496437403497 -0.060876408621354149 0.026626552014578864 0.059347222192259318 -0.068604129004754377
leaf_weight=2.6492451441008589 6.850885251878025 217.24953744973573 11.062278785615488 26.421204545127697 9.2280315097741532 7.7357762862229711 3.3156844009645274 3.2934816314955233 4.5577387677039933 5.7932788841426373 5.1705213757231814 6.7138444962911308 8.0319161126390082 2.0257517397403708
leaf_count=633 20744 42735 22378 1654 5433 558 169 675 110 156 152 196 237 62
internal_value=-0.00126678 1.66766e-05 -0.00372561 0.0116155 0.000662599 0.00826023 0.0125468 0.00253237 0.0467112 0.0168067 0.0113157 -0.0138058 0.0197039 0.00629299
internal_weight=320.099 313.248 237.54 75.7084 226.478 73.0592 65.3234 51.6567 13.6667 10.351 48.3632 11.8844 36.4789 28.447
internal_count=95892 75148 70546 4602 48168 3969 3411 2976 435 266 2301 348 1953 1716
is_linear=0
shrinkage=0.12775


Tree=62
num_leaves=15
num_cat=0
split_feature=0 3 5 2 1 11 10 1 24 22 0 1 1 0
split_gain=0.99778 0.872463 1.03407 0.817899 11.5593 2.33581 4.87719 1.69943 2.7991 1.48541 2.50912 2.34851 4.4095 3.00704
threshold=1.0000150460031552 1.0000000180025095e-35 1.0000000180025095e-35 1.0000000180025095e-35 6.8928581926288272e-05 1.0000000180025095e-35 1.0000000180025095e-35 0.034009744775756856 0.21825396825396828 0.050125313283208024 0.99999905136682166 0.22997966207231088 6.8924747435913929 0.99901350511398923
decision_type=2 2 2 2 2 2 2 2 2 2 2 2 2 2
left_child=1 3 -3 4 -1 6 -5 8 -6 -9 11 -11 -13 -14
right_child=-2 2 -4 5 7 -7 -8 9 -10 10 -12 12 13 -15
leaf_value=0.12428144497400112 -0.072651288391349211 -0.087063138517074812 0.0053656355529973941 -0.1133707405912783 0.027828231467228279 0.005560364719736241 -0.0034126791676339129 -0.010026626298639365 -0.084306587433823174 0.015331762941099071 0.044751984996095229 -0.095556656076065574 0.088978275614053526 -0.024852838432561798
leaf_weight=11.073160406318491 1.7827473358693158 2.7077971472663185 3.5392715992347803 8.3056616965513985 4.9121754204606978 54.802049521327717 20.862186968783135 102.34498346976397 8.4210412420743506 49.605560078678536 26.013679115203558 9.1630976969945568 4.13813198567368 10.864059018247643
leaf_count=6793 17182 10272 703 5752 423 3847 2075 7070 1005 4635 4119 28266 139 3611
internal_value=-0.00117635 -0.000462181 -0.0431679 0.000583321 0.00457537 -0.0100868 -0.0384136 -0.0023248 -0.0442535 0.00072095 0.0117308 -0.000518512 -0.0321301 0.0113747
internal_weight=318.536 316.753 6.24707 310.506 226.536 83.9699 29.1678 215.463 13.3332 202.13 99.7845 73.7708 24.1653 15.0022
internal_count=95892 78710 10975 67735 56061 11674 7827 49268 1428 47840 40770 36651 32016 3750
is_linear=0
shrinkage=0.12775


Tree=63
num_leaves=15
num_cat=0
split_feature=4 23 22 10 24 23 22 24 2 24 0 0 23 24
split_gain=1.11313 0.777866 2.7045 0.779459 0.776057 0.987927 0.825508 0.761239 0.820999 0.659777 2.3642 0.653913 0.630746 0.611503
threshold=1.0000000180025095e-35 4.5000000000000009 0.57518796992481214 1.0000000180025095e-35 0.10263157894736843 5.5000000000000009 0.162280701754386 0.3257575757575758 1.0000000180025095e-35 0.8973684210526317 0.99999994036517192 0.99999598168302639 5.5000000000000009 0.7633053221288516
decision_type=2 2 2 2 2 2 2 2 2 2 2 2 2 2
left_child=1 3 4 -1 5 -3 -7 -5 -9 13 11 12 -11 -6
right_child=-2 2 -4 7 9 6 -8 8 -10 10 -12 -13 -14 -15
leaf_value=0.0033228951004576034 -0.049079348242385377 0.05534882355216382 -0.084763913274192984 0.062790129243053175 -0.0063980443915517844 -0.028194759537833399 0.032636173734447334 0.051686507770324637 -0.023342111245423857 -0.020168787254964279 -0.081152070106720861 0.066691370442917272 0.030826997876195847 -0.033420692774959661
leaf_weight=147.10392089469678 6.3416356011302915 6.6428785224343327 5.5144495012373218 6.1189922499470395 88.730729925946434 7.091946231932523 5.0200203607018921 2.3679608101956546 5.2009261449566111 4.8835045309788319 2.3765046187545513 4.3382771452888838 10.133349148371051 15.032941911431406
leaf_count=16158 20744 1183 23688 819 19611 1384 2468 714 340 1035 260 297 3491 3700
internal_value=-0.00114602 4.45591e-05 -0.00654923 0.00618959 -0.00278802 0.0205516 -0.00222627 0.0338858 0.00446394 -0.00646076 0.0132063 0.0294011 0.0139427 -0.0106984
internal_weight=316.898 310.556 149.765 160.792 144.25 18.7548 12.112 13.6879 7.56889 125.495 21.7316 19.3551 15.0169 103.764
internal_count=95892 75148 57117 18031 33429 5035 3852 1873 1054 28394 5083 4823 4526 23311
is_linear=0
shrinkage=0.12775


Tree=64
num_leaves=15
num_cat=0
split_feature=4 7 8 0 0 0 0 24 0 1 0 1 0 24
split_gain=0.899069 0.774205 1.16141 0.842434 0.741976 5.52065 3.61418 3.17005 2.81705 3.05471 3.82198 3.21692 6.88314 2.97017
threshold=1.0000000180025095e-35 0.96662958843159075 0.14835164835164841 0.00044663229079903625 0.99999948222521573 0.99999987461990159 0.99999994036517192 0.84412955465587058 0.99999892663579504 7.5920624752267774 0.99999142433573962 6.8924747435913929 0.30448946361487123 0.7947368421052633
decision_type=2 2 2 2 2 2 2 2 2 2 2 2 2 2
left_child=1 2 4 -4 8 -6 -7 -8 9 11 -11 12 -1 -12
right_child=-2 -3 3 -5 5 6 7 -9 -10 10 13 -13 -14 -15
leaf_value=0.0036245824765851055 -0.044248272494453386 0.050665104489164378 0.0091085200516278601 -0.10692241884465893 -0.10989239270800032 0.079998037143679965 0.0099772010286452995 -0.078368685947127675 0.048066486033049055 -0.1380450611112187 -0.038575741404720212 0.055560720853994605 -0.10388694244617881 0.10795371548693956
leaf_weight=198.93534109436405 6.2892000690853811 3.481668090033053 1.2794213592133012 1.482352478747998 6.8218807870944138 7.0334907735959851 23.880987403957992 7.6739541660517707 19.307191791536752 4.398890781987574 9.124282757773468 16.034367587191809 8.8409837506969762 1.5085316104014062
leaf_count=29687 20744 1188 706 1445 928 466 13711 856 1363 1536 1494 1351 20300 117
internal_value=-0.00102032 4.86469e-05 -0.000750229 -0.0679969 0.000165063 -0.0146444 0.00539198 -0.0138804 0.00283386 -0.00107648 -0.0542926 0.00280697 -0.0016022 -0.00781638
internal_weight=316.093 309.803 306.322 2.76177 303.56 45.4103 38.5884 31.5549 258.15 238.842 15.0317 223.811 207.776 10.6328
internal_count=95892 75148 73960 2151 71809 15961 15033 14567 55848 54485 3147 51338 49987 1611
is_linear=0
shrinkage=0.12775


Tree=65
num_leaves=15
num_cat=0
split_feature=0 3 10 2 1 11 10 25 7 10 22 23 24 1
split_gain=0.869019 0.785382 0.873971 0.745116 10.2873 1.93147 4.36599 1.44604 1.64961 2.51341 1.19412 0.865047 0.784747 1.56752
threshold=1.0000150460031552 1.0000000180025095e-35 1.0000000180025095e-35 1.0000000180025095e-35 6.8928581926288272e-05 1.0000000180025095e-35 1.0000000180025095e-35 0.35714285714285715 0.98979591836734704 1.0000000180025095e-35 0.12916666666666668 3.5000000000000004 0.28991596638655465 0.025786254666642219
decision_type=2 2 2 2 2 2 2 2 2 2 2 2 2 2
left_child=1 3 -3 4 -1 6 -5 12 9 -9 -7 -11 -6 -14
right_child=-2 2 -4 5 7 10 -8 8 -10 11 -12 -13 13 -15
leaf_value=0.12261282564740773 -0.06956924134136433 -0.084154149168441827 0.0035748032330352821 -0.11122479524882226 0.01122849556135609 0.018210665904366614 -0.0037229490772703704 -0.13136597260904162 0.029857104522106655 0.056382117561244248 -0.020128718749223201 -0.035847842362733237 -0.064798562504588306 -0.00196337447590269
leaf_weight=10.033691221775369 1.6199746027186837 2.4349438770314 3.4019621832194389 7.4578616886447007 72.171092836839307 35.302667364478111 20.76041148690274 3.756175409356727 2.7582448226203269 1.4134957412534275 19.434758298128145 2.7324903982125761 5.4656333854836694 125.31789546102209
leaf_count=6793 17182 9257 1718 5752 8511 825 2075 9613 542 435 3022 2391 570 27206
internal_value=-0.00106283 -0.00040473 -0.0420807 0.000572776 0.00440845 -0.00967161 -0.0359782 -0.00189149 -0.044919 -0.0715758 0.00443862 0.00180141 0.000655296 -0.00523543
internal_weight=314.061 312.441 5.83691 306.604 223.649 82.9557 28.2183 213.615 10.6604 7.90216 54.7374 4.14599 202.955 130.784
internal_count=95892 78710 10975 67735 56061 11674 7827 49268 12981 12439 3847 2826 36287 27776
is_linear=0
shrinkage=0.12775


Tree=66
num_leaves=15
num_cat=0
split_feature=4 23 0 0 0 24 0 1 0 24 1 0 23 24
split_gain=0.84211 0.633445 0.664887 6.4574 2.60344 2.44014 2.03487 2.41951 3.55631 2.73024 2.55538 6.24011 2.21166 1.78293
threshold=1.0000000180025095e-35 11.500000000000002 0.99999960961727907 0.99999987461990159 0.99999994036517192 0.7947368421052633 0.99999892663579504 7.5920624752267774 0.99999142433573962 0.44097222222222227 6.8924747435913929 0.30448946361487123 1.5000000000000002 0.55050505050505061
decision_type=2 2 2 2 2 2 2 2 2 2 2 2 2 2
left_child=1 2 6 -4 -5 -6 7 10 -9 12 11 -1 -10 -8
right_child=-2 -3 3 4 5 -7 13 8 9 -11 -12 -13 -14 -15
leaf_value=0.0043987815548947639 -0.044170729115317116 -0.030827269049247666 -0.14012852207060028 0.069689153573033194 0.010500906183428516 -0.066264501695664363 0.0026101212353907897 -0.13192197463201799 0.06406772797429551 0.059841898366947116 0.051472294258657479 -0.10133127074669046 -0.089509163095477101 0.074403096632891824
leaf_weight=193.95524971725899 5.8622228884551069 9.1825395004498187 4.3454861799837081 6.7865477185696355 23.353565062265265 7.9772786712073858 11.015224172093442 4.0720074678938536 0.94574052095413019 4.6460538198516588 15.315553864893444 8.1822928725414368 4.8381131672467745 10.434643104104905
leaf_count=28701 20744 8040 646 434 12192 1032 735 1408 8 502 1298 18360 1011 781
internal_value=-0.00109647 -7.44429e-05 0.00101802 -0.0135202 0.0052847 -0.0110065 0.00351393 -6.69185e-05 -0.048223 -0.0039982 0.00342709 -0.000535975 -0.0569223 0.0399105
internal_weight=310.913 305.05 295.868 42.4629 38.1174 31.3308 253.405 231.955 14.5019 10.4299 217.453 202.138 5.78385 21.4499
internal_count=95892 75148 67108 14304 13658 13224 52804 51288 2929 1521 48359 47061 1019 1516
is_linear=0
shrinkage=0.12775


Tree=67
num_leaves=15
num_cat=0
split_feature=0 3 10 2 1 11 10 1 24 22 0 0 0 0
split_gain=0.780662 0.670921 0.798231 0.644302 9.13509 1.56243 3.9648 1.19612 2.02857 1.21066 1.71901 1.55528 1.47948 2.6712
threshold=1.0000150460031552 1.0000000180025095e-35 1.0000000180025095e-35 1.0000000180025095e-35 6.8928581926288272e-05 1.0000000180025095e-35 1.0000000180025095e-35 0.034009744775756856 0.13961038961038963 0.050125313283208024 0.99999905136682166 0.16840608388358114 0.99999948222521573 0.99999987461990159
decision_type=2 2 2 2 2 2 2 2 2 2 2 2 2 2
left_child=1 3 -3 4 -1 6 -5 8 -6 12 11 -11 -9 -14
right_child=-2 2 -4 5 7 -7 -8 9 -10 10 -12 -13 13 -15
leaf_value=0.12065584979260306 -0.067301460371438693 -0.08143294696353616 0.0036374845352135157 -0.10905894502625656 0.029855572800664313 0.0034972429348701824 -0.0034190909959976499 0.000532205079813473 -0.068151577501402452 0.016616666494975636 0.037632978969601646 -0.020696199203123395 -0.11589982458626794 -0.014027049366852047
leaf_weight=9.0628484140324854 1.5100649373280237 2.2383452364920222 3.3661323647411336 6.7246722351392263 4.2015344967549018 54.115178639178339 20.747072882477369 73.390241870270984 9.0021995994447916 40.29629582322741 26.673691347295971 31.038545491298464 3.9259317088872221 22.782736394903623
leaf_count=6793 17182 9257 1718 5752 344 3847 2075 6292 1084 3276 4119 33375 84 694
internal_value=-0.00113796 -0.000515377 -0.0396787 0.000387858 0.00397924 -0.0092181 -0.0332394 -0.00177164 -0.0370903 0.000821469 0.010838 0.000297182 -0.00899984 -0.0339371
internal_weight=309.075 307.565 5.60448 301.961 220.374 81.5869 27.4717 211.311 13.2037 198.107 98.0085 71.3348 100.099 26.7087
internal_count=95892 78710 10975 67735 56061 11674 7827 49268 1428 47840 40770 36651 7070 778
is_linear=0
shrinkage=0.12775


Tree=68
num_leaves=15
num_cat=0
split_feature=4 23 22 6 25 7 10 22 1 0 2 0 0 25
split_gain=0.822595 0.636944 4.01859 0.606374 0.550735 0.96944 1.11337 0.940427 0.670804 0.592867 0.519677 1.39702 0.501937 0.653705
threshold=1.0000000180025095e-35 2.5000000000000004 0.67424242424242431 1.0000000180025095e-35 0.35714285714285715 0.96662958843159075 1.0000000180025095e-35 0.12132352941176472 0.12269509521456545 6.1282915557041504e-05 1.0000000180025095e-35 6.1282915557041504e-05 6.1282915557041504e-05 0.2142857142857143
decision_type=2 2 2 2 2 2 2 2 2 2 2 2 2 2
left_child=1 3 4 -1 -3 6 9 -8 -9 -6 11 -2 13 -4
right_child=10 2 12 -5 5 -7 7 8 -10 -11 -12 -13 -14 -15
leaf_value=0.062063599160732175 0.036366463432875279 0.0018258270324806286 -0.050540915860589987 0.0074480900690738839 -0.0024303992685763276 0.034493776150088154 0.042734739480985821 -0.078205165648693439 0.018613528091787703 -0.11341276762205348 -0.092336700315317946 -0.078859426309522113 -0.095834217060415464 0.041769711043207654
leaf_weight=2.1579183838912277 2.8392052485478407 209.96788725323495 1.9631958881145677 69.986976559914183 1.0753972560523819 2.2859027266022158 2.4993239476316376 1.63563917184365 1.1995814379770307 2.3218783281872675 1.1164572990110171 1.5702594616814165 6.7854516579300252 0.75128656198467059
leaf_count=633 5232 41900 3080 3969 745 933 1575 288 57 2670 1523 13989 17292 2006
internal_value=-0.00114633 -0.000151279 -0.00343593 0.0102105 0.000292895 -0.0258852 -0.0442314 -0.00326918 -0.0445346 -0.0890947 -0.0447635 -0.01365 -0.0792565 -0.0195426
internal_weight=308.156 302.63 230.486 72.1449 220.986 11.0177 8.73182 5.33454 2.83522 3.39728 5.52592 4.40946 9.49993 2.71448
internal_count=95892 75148 70546 4602 48168 6268 5335 1920 345 3415 20744 19221 22378 5086
is_linear=0
shrinkage=0.12775


Tree=69
num_leaves=15
num_cat=0
split_feature=4 23 22 21 24 10 0 24 0 22 17 22 6 10
split_gain=0.762059 0.573897 2.03208 0.59948 0.598801 0.766112 0.766416 0.660991 1.73757 0.661855 0.848362 0.591156 0.487557 1.01658
threshold=1.0000000180025095e-35 4.5000000000000009 0.43303571428571436 1.0000000180025095e-35 0.10263157894736843 1.0000000180025095e-35 0.99912496131386719 0.8973684210526317 0.99999997002470964 0.06458333333333334 1.0000000180025095e-35 0.162280701754386 1.0000000180025095e-35 1.0000000180025095e-35
decision_type=2 2 2 2 2 2 2 2 2 2 2 2 2 2
left_child=1 3 4 12 5 6 -3 -6 9 -9 -11 -8 13 -1
right_child=-2 2 -4 -5 7 -7 11 8 -10 10 -12 -13 -14 -15
leaf_value=-0.04730375228768173 -0.043725666202219807 0.045920429074901022 -0.05529801290554736 0.066896513173618902 -0.0090825823838988733 -0.037197942234935152 -0.040398844889525769 0.0023637445488236719 -0.081611889812537794 -0.017015040726427261 0.066469724704729838 0.037887337804632298 0.0026064117990850489 0.061826582766442477
leaf_weight=0.74271491143735957 5.3444042281016655 11.214121170625733 11.093652323123932 1.1573460807085201 97.238193709741608 2.1005667118515694 2.9198818501608903 9.2244369382788189 1.3441692145970581 1.9395825539540981 7.4935666379042196 1.1988310820797776 149.6330238950286 4.227937243776978
leaf_count=168 20744 2081 30470 144 18628 372 453 1327 146 158 2381 1101 16301 1418
internal_value=-0.00116986 -0.000220753 -0.0059532 0.00514903 -0.00137126 0.0198233 0.0300508 -0.00471589 0.0157324 0.02786 0.0493233 -0.0138361 0.00410186 0.03881
internal_weight=306.872 301.528 145.767 155.761 134.673 17.4334 15.3328 117.24 20.0018 18.6576 9.43315 4.11871 154.604 4.97065
internal_count=95892 75148 57117 18031 26647 4007 3635 22640 4012 3866 2539 1554 17887 1586
is_linear=0
shrinkage=0.12775


Tree=70
num_leaves=15
num_cat=0
split_feature=0 3 5 2 1 11 10 23 25 7 5 24 1 0
split_gain=0.661924 0.62518 0.702509 0.532835 7.96833 1.23615 3.62649 1.09731 1.08673 1.30829 2.30039 0.567135 1.20316 1.36826
threshold=1.0000150460031552 1.0000000180025095e-35 1.0000000180025095e-35 1.0000000180025095e-35 6.8928581926288272e-05 1.0000000180025095e-35 1.0000000180025095e-35 1.5000000000000002 0.35714285714285715 0.98979591836734704 1.0000000180025095e-35 0.28991596638655465 9.4591845537818013 0.99999892663579504
decision_type=2 2 2 2 2 2 2 2 2 2 2 2 2 2
left_child=1 3 -3 4 -1 6 -5 -7 11 10 -10 12 -6 -14
right_child=-2 2 -4 5 8 7 -8 -9 9 -11 -12 -13 13 -15
leaf_value=0.11838819613734153 -0.063743412536491365 -0.079016407221823848 0.0025502166383887873 -0.10675687375518855 0.0205606167375284 0.053014640703938944 -0.0024529856433667544 -0.0035399791375058986 -0.12283614416655877 0.026945256278058678 0.0088554913037078107 -0.0043737743901384142 -0.062339568045688604 0.0051026584628558859
leaf_weight=8.0794424829073233 1.3513385073529196 2.0975877363543978 3.2580581512593199 6.0500145466494386 49.45578211164684 4.9303180128335944 20.615141366683019 48.985537135660707 3.512599477137881 2.6310989510529907 3.5776310631772503 129.76890781282145 5.535368368724451 16.342898263465031
leaf_count=6793 17182 10272 703 5752 6454 46 2075 3801 11841 542 598 27776 1133 924
internal_value=-0.00105593 -0.000493403 -0.0390028 0.000370149 0.00364031 -0.0084256 -0.0301882 0.00282002 -0.00149493 -0.0404182 -0.0657319 0.000648004 0.00969354 -0.0146349
internal_weight=306.192 304.84 5.35565 299.485 218.904 80.581 26.6652 53.9159 210.824 9.72133 7.09023 201.103 71.334 21.8783
internal_count=95892 78710 10975 67735 56061 11674 7827 3847 49268 12981 12439 36287 8511 2057
is_linear=0
shrinkage=0.12775


Tree=71
num_leaves=15
num_cat=0
split_feature=4 23 0 0 0 24 0 1 0 1 0 24 0 0
split_gain=0.66926 0.499201 0.522602 4.72477 1.85053 2.33973 1.67982 1.61616 3.28331 2.10689 5.21203 1.91431 1.62817 1.46873
threshold=1.0000000180025095e-35 10.500000000000002 0.99999960961727907 0.99999987461990159 0.99999997002470964 0.39230769230769241 0.99999892663579504 7.5920624752267774 0.99999142433573962 6.8924747435913929 0.30448946361487123 0.7947368421052633 0.99999698425292383 0.99901350511398923
decision_type=2 2 2 2 2 2 2 2 2 2 2 2 2 2
left_child=1 2 6 -4 -5 -6 7 9 -9 10 -1 12 -10 -11
right_child=-2 -3 3 4 5 -7 -8 8 11 13 -12 -13 -14 -15
leaf_value=0.0036081281921567379 -0.042272504303370963 -0.022595445082329118 -0.12148617182790609 0.051346795876047777 0.021027474398396688 -0.048733016282096017 0.036599021758614618 -0.12492963222131771 0.030428902867096458 0.088965551167288964 -0.098269110286973077 0.094763699944041491 -0.068348337670535386 0.0096637658863310046
leaf_weight=186.34733655349737 4.9216957835942585 14.013977352628897 4.2212808141484848 8.7538860578788427 15.672292199840742 13.29377254447172 21.09496099568787 3.6398372131443457 3.9127141755307058 6.0771552957594386 7.1963393992591582 1.4254572558238585 4.5813587630327675 8.5865846053711703
leaf_count=27441 20744 11517 599 591 8484 3858 1432 1288 586 588 17264 98 735 667
internal_value=-0.0010502 -0.000180958 0.00102511 -0.0119132 0.00418626 -0.0117453 0.00331392 -5.79983e-05 -0.0406634 0.00283553 -0.000845563 0.00168952 -0.0249452 0.0473333
internal_weight=303.739 298.817 284.803 41.9412 37.72 28.9661 242.862 221.767 13.5594 208.207 193.544 9.91953 8.49407 14.6637
internal_count=95892 75148 63631 13532 12933 12342 50099 48667 2707 45960 44705 1419 1321 1255
is_linear=0
shrinkage=0.12775


Tree=72
num_leaves=15
num_cat=0
split_feature=0 3 10 2 1 11 10 1 24 1 22 22 23 0
split_gain=0.599483 0.538041 0.666404 0.44866 7.0864 1.01585 3.28164 0.984986 1.47005 1.09468 1.0004 1.30121 1.774 1.30906
threshold=1.0000150460031552 1.0000000180025095e-35 1.0000000180025095e-35 1.0000000180025095e-35 6.8928581926288272e-05 1.0000000180025095e-35 1.0000000180025095e-35 0.034009744775756856 0.13961038961038963 0.0020551073098664724 0.050125313283208024 0.22474747474747478 6.5000000000000009 0.99890514129716002
decision_type=2 2 2 2 2 2 2 2 2 2 2 2 2 2
left_child=1 3 -3 4 -1 6 -5 8 -6 -10 -9 13 -13 -12
right_child=-2 2 -4 5 7 -7 -8 10 9 -11 11 12 -14 -15
leaf_value=0.11629615584293501 -0.061654786666496264 -0.076963792088865918 0.0032919237693989937 -0.10446489081282978 0.024489313183530509 0.0023435464056286511 -0.0022075439138159385 -0.0080284274049266819 0.018358062942100056 -0.079525226425292847 0.005877673900154548 0.0091608691846396025 -0.046207306932806808 0.060584682983939271
leaf_weight=7.3240494501078492 1.2669764568609014 1.9459393483748488 3.2187335806556803 5.4705589990262551 4.0830591129033555 53.682005546397704 20.601027818152943 98.580507831801697 1.8133404324671554 7.1337366664592992 15.026931429632898 59.324036389070898 9.8109107175441732 12.816546563051814
leaf_count=6793 17182 9257 1718 5752 344 3847 2075 7070 320 764 3696 17076 18980 1018
internal_value=-0.00104668 -0.000512399 -0.0367616 0.000287834 0.00331328 -0.00782024 -0.0278178 -0.00138855 -0.0336309 -0.0598838 0.00097932 0.0101201 0.000556623 0.0327238
internal_weight=302.098 300.831 5.16467 295.667 215.913 79.7536 26.0716 208.589 13.0301 8.94708 195.559 96.9784 69.1349 27.8435
internal_count=95892 78710 10975 67735 56061 11674 7827 49268 1428 1084 47840 40770 36056 4714
is_linear=0
shrinkage=0.12775


Tree=73
num_leaves=15
num_cat=0
split_feature=4 7 8 10 25 23 24 22 22 2 0 3 0 0
split_gain=0.660844 0.496141 1.13951 0.493216 2.11161 0.487593 0.614082 0.656455 0.493031 0.400608 1.01312 0.395658 0.377416 2.39273
threshold=1.0000000180025095e-35 0.96662958843159075 0.14835164835164841 1.0000000180025095e-35 0.35714285714285715 3.5000000000000004 0.71008403361344552 0.3257575757575758 0.41421568627450983 1.0000000180025095e-35 6.1282915557041504e-05 1.0000000180025095e-35 0.99999940937069842 0.99999987461990159
decision_type=2 2 2 2 2 2 2 2 2 2 2 2 2 2
left_child=1 2 3 4 11 -5 7 -7 -9 10 -2 12 -1 -14
right_child=9 -3 -4 5 -6 6 -8 8 -10 -11 -12 -13 13 -15
leaf_value=0.002531496167022453 0.033294471815713149 0.042213324781522184 -0.074743691728628867 0.038198950257177608 -0.095778365852318997 -0.029214338627263352 0.034479463646712956 0.061076066920579673 -0.02318203884131716 -0.084542486021701835 -0.07054518510171108 -0.052636708506943214 -0.062616654150104048 0.0050298969879974918
leaf_weight=214.69234022946875 2.4192426590270766 3.0717851103763669 1.987939672887477 9.037235024559779 2.456335381722055 9.0302642736496654 5.1513682696240712 1.5893594666267739 0.90976822287484527 0.99831106914371037 1.2384812337668334 0.9570174331056468 9.552218069060471 38.2018616823716
leaf_count=43821 5232 1188 2151 1044 3484 1379 957 110 337 1523 13989 4979 1133 14565
internal_value=-0.00100078 -0.000149044 -0.000786808 6.54517e-05 -0.00159994 0.0164898 0.00271722 -0.0136337 0.0330598 -0.0428709 -0.0115243 -0.00022946 0.000234655 -0.00987357
internal_weight=301.294 296.637 293.566 291.578 265.86 25.718 16.6808 11.5294 2.49913 4.65603 3.65772 263.403 262.446 47.7541
internal_count=95892 75148 73960 71809 67982 3827 2783 1826 447 20744 19221 64498 59519 15698
is_linear=0
shrinkage=0.12775


Tree=74
num_leaves=15
num_cat=0
split_feature=4 0 7 8 24 0 0 0 22 22 24 23 0 0
split_gain=0.616748 0.434587 0.419308 0.935374 0.42508 2.62839 2.00225 1.75807 1.1267 1.08336 0.82736 0.542269 0.472112 3.15095
threshold=1.0000000180025095e-35 1.0000150460031552 0.96662958843159075 0.14835164835164841 0.8973684210526317 0.99999997002470964 0.99999142433573962 0.99945197784882256 0.28991596638655465 0.06458333333333334 0.75595238095238104 10.500000000000002 0.99999991577681813 0.99999948222521573
decision_type=2 2 2 2 2 2 2 2 2 2 2 2 2 2
left_child=1 2 3 4 10 6 7 8 -6 -8 11 12 13 -1
right_child=-2 -3 -4 -5 5 -7 9 -9 -10 -11 -12 -13 -14 -15
leaf_value=0.002100337175564924 -0.041959147154512606 -0.054530352096301971 0.039492165053841191 -0.068131363015529967 0.025285903376912638 -0.065952880840310313 0.022686349300849021 -0.089727358073153157 -0.013701459828501307 0.097302967720753114 -0.030095877714311558 -0.027096177717057954 0.018189209526171157 -0.098231351011096479
leaf_weight=169.65849179189991 4.5204996239008315 1.0122705195562947 2.9970327357732449 1.9142392657913649 29.469087858595231 5.5657991166845013 8.2893496332690102 1.6826721949310002 18.7768353449801 5.2624963392663622 14.879163203469032 10.149181772987957 22.677674833415949 3.8924526670598416
leaf_count=31736 20744 12270 1181 1802 4415 506 302 503 7427 654 6161 6111 1633 447
internal_value=-0.00103891 -0.000223713 0.00021414 -0.000371552 0.00039394 0.0090433 0.0168761 0.00447515 0.0101532 0.0579489 -0.00234435 -0.000157828 0.00141409 -0.000903486
internal_weight=300.747 296.227 295.214 292.217 290.303 69.0462 63.4804 49.9286 48.2459 13.5518 221.257 206.378 196.229 173.551
internal_count=95892 75148 62878 61697 59895 13807 13301 12345 11842 956 46088 39927 33816 32183
is_linear=0
shrinkage=0.12775


Tree=75
num_leaves=15
num_cat=0
split_feature=4 2 0 0 23 22 6 0 0 1 23 22 20 1
split_gain=0.500433 0.400943 0.936683 0.396777 0.376948 3.26433 0.447893 0.48315 1.86378 1.51494 0.782361 1.05589 0.605796 0.898514
threshold=1.0000000180025095e-35 1.0000000180025095e-35 6.1282915557041504e-05 1.0000150460031552 2.5000000000000004 0.67424242424242431 1.0000000180025095e-35 0.99890514129716002 0.19675478860035547 8.3284653073223023 1.5000000000000002 0.9772727272727274 1.0000000180025095e-35 0.15512541045965861
decision_type=2 2 2 2 2 2 2 2 2 2 2 2 2 2
left_child=3 2 -2 4 6 -6 -1 8 12 -9 -11 -12 13 -8
right_child=1 -3 -4 -5 5 -7 7 9 -10 10 11 -13 -14 -15
leaf_value=0.055275926324546414 0.033936626474187187 -0.079702608470801406 -0.067002430966965523 -0.052829668463797205 0.00075094662647450319 -0.075201178023758072 0.0042863183403752201 0.083862760558658891 -0.072890973007923132 0.042491241965139662 -0.036751352012417235 0.03321736554277302 -0.040450765258965453 0.061167597898029828
leaf_weight=1.7964343332860142 2.4265052337668744 0.94530072106317664 1.1234550171484441 0.95912275654245505 216.68113195865635 8.2715853386112013 36.609926222910872 3.5592390194069621 3.9411721717333412 4.4604716431349525 8.6810669002588821 4.1473042228026324 2.6682387078762977 3.8433286829385898
leaf_count=633 5232 1523 13989 12270 40838 17823 2012 190 704 89 163 171 128 127
internal_value=-0.00108218 -0.0380226 -0.00778694 -0.000347232 6.78916e-05 -0.00248121 0.00818312 0.0058664 -0.00142385 0.0213944 0.00330905 -0.0131063 0.00715621 0.0115214
internal_weight=300.114 4.49526 3.54996 295.619 294.66 224.953 69.7072 67.9107 47.0627 20.8481 17.2888 12.8284 43.1215 40.4533
internal_count=95892 20744 19221 75148 62878 58661 4217 3584 2971 613 423 334 2267 2139
is_linear=0
shrinkage=0.12775


Tree=76
num_leaves=15
num_cat=0
split_feature=4 0 7 8 10 25 5 22 22 2 11 0 3 1
split_gain=0.474828 0.365236 0.35877 0.797961 0.388427 1.83442 0.47734 0.657131 0.86511 0.371507 3.47209 2.02115 1.7695 1.15438
threshold=1.0000000180025095e-35 1.0000150460031552 0.96662958843159075 0.14835164835164841 1.0000000180025095e-35 0.35714285714285715 1.0000000180025095e-35 0.12132352941176472 0.26969696969696971 1.0000000180025095e-35 1.0000000180025095e-35 0.0017735901571924908 1.0000000180025095e-35 0.025786254666642219
decision_type=2 2 2 2 2 2 2 2 2 2 2 2 2 2
left_child=1 2 3 4 5 9 -6 -8 -9 11 -11 12 -1 -13
right_child=-2 -3 -4 -5 6 -7 7 8 -10 10 -12 13 -14 -15
leaf_value=0.089185049275260636 -0.037391202615233307 -0.051198022077258168 0.036761732218728041 -0.063048937179169318 0.0031945043466830129 -0.090979753408926903 0.069805688451103257 -0.054675935399845624 0.041810375537982239 -0.10068071804214801 0.0014868127999860044 -0.046445485632438881 -0.050743639225677734 0.0020718860498095274
leaf_weight=5.8447184345131964 4.3712999023241528 0.91027187931103881 2.9173566402314455 1.9125124205693271 18.452990831996434 2.2912869368374222 3.6032762320683096 1.3941102975513788 1.9848267321940509 4.6644967618212823 53.429881826537894 6.9802553191184407 0.90027240115341545 189.52054062099887
leaf_count=4543 20744 12270 1181 1802 1393 3158 2057 237 133 4588 3847 495 4979 34465
internal_value=-0.00101563 -0.000305393 8.963e-05 -0.000449008 0.000261332 -0.00122233 0.0149141 0.0402714 -0.00229506 3.60976e-05 -0.00885206 0.00261899 0.0650838 3.80217e-05
internal_weight=299.178 294.807 293.897 290.979 289.067 263.631 25.4352 6.98221 3.37894 261.34 58.0944 203.246 6.74499 196.501
internal_count=95892 75148 62878 61697 59895 56075 3820 2427 370 52917 8435 44482 9522 34960
is_linear=0
shrinkage=0.12775


Tree=77
num_leaves=15
num_cat=0
split_feature=3 5 0 2 1 25 5 7 11 10 23 24 0 0
split_gain=0.453801 0.498073 0.42832 0.364332 6.10157 0.808548 0.880953 1.53981 0.735099 2.58257 0.921684 0.435445 2.30704 1.30568
threshold=1.0000000180025095e-35 1.0000000180025095e-35 1.0000150460031552 1.0000000180025095e-35 6.8928581926288272e-05 0.35714285714285715 1.0000000180025095e-35 0.98979591836734704 1.0000000180025095e-35 1.0000000180025095e-35 1.5000000000000002 0.8973684210526317 0.99999997002470964 0.99999142433573962
decision_type=2 2 2 2 2 2 2 2 2 2 2 2 2 2
left_child=2 -2 3 4 -1 11 7 -7 9 -5 -10 -6 13 -13
right_child=1 -3 -4 8 5 6 -8 -9 10 -11 -12 12 -14 -15
leaf_value=0.11363675640545015 -0.07195100344703631 0.00094141245600415455 -0.054291174625338418 -0.099612167217857275 -0.0029181013430990988 -0.11182437633383431 0.010743321830354802 0.012409599101379926 0.048345873432477982 -0.003090003599052771 -0.0044189348564075527 0.0050811146631690677 -0.058027099787885186 0.051766179084668067
leaf_weight=6.4450961385591645 1.682966236267929 2.9931796579476213 1.0071177122454162 4.476614750725278 151.09873889021401 2.7769930594849921 3.5120245308062294 2.2701512122039276 4.6831822097301474 20.375684121787344 48.746005494402198 28.384484295363109 5.5511833375567212 13.824109419940212
leaf_count=6793 10272 703 17182 5752 27498 11841 742 398 46 2075 3801 7384 466 939
internal_value=-0.00103743 -0.0356714 -0.000321213 0.000117993 0.00284911 -0.00131821 -0.0368899 -0.0652434 -0.00726381 -0.0247823 0.00130165 0.000455361 0.0109113 0.0215208
internal_weight=297.828 4.67615 293.151 292.144 213.863 207.418 8.55917 5.04714 78.2815 24.8523 53.4292 198.859 47.7598 42.2086
internal_count=95892 10975 84917 67735 56061 49268 12981 12239 11674 7827 3847 36287 8789 8323
is_linear=0
shrinkage=0.12775


Tree=78
num_leaves=15
num_cat=0
split_feature=4 23 22 25 0 0 0 1 0 23 0 0 0 0
split_gain=0.431367 0.343208 1.90319 0.451281 0.529587 0.442048 1.72645 1.18122 1.21224 0.87448 0.415812 1.65782 0.662042 0.802802
threshold=1.0000000180025095e-35 3.5000000000000004 0.67424242424242431 0.35714285714285715 6.1282915557041504e-05 0.052902145686547795 0.039397672285285089 0.11148013362816257 0.11452925766277673 1.5000000000000002 0.99999960961727907 0.99999987461990159 0.99999869483917114 0.99945197784882256
decision_type=2 2 2 2 2 2 2 2 2 2 2 2 2 2
left_child=1 5 3 -3 -5 6 9 -7 -9 -1 12 -12 13 -10
right_child=-2 2 -4 4 -6 7 -8 8 10 -11 11 -13 -14 -15
leaf_value=0.035856606300231228 -0.036681277084957067 4.7360069054634183e-05 -0.07783826322276019 0.012332356231742161 -0.049514861830587328 0.043852748180969583 -0.096044460788098127 -0.088287820030427386 0.012710747811359903 -0.0080953773356259914 -0.093103529132746027 0.0077245758726670593 0.042189997615597809 -0.03923524504141819
leaf_weight=8.20174303211388 4.0568161474025137 168.39760394382938 4.1187126898576016 2.7789655551841852 5.0520636552450924 13.107697835483121 1.7904328004224215 0.91753489203983818 27.626772862135113 31.019497159475577 1.8540775267465512 14.24075994600571 8.514756516000487 4.4706704237760269
leaf_count=720 20744 38521 20567 2321 3223 480 74 41 3269 3751 70 1530 323 258
internal_value=-0.00100477 -0.000339926 -0.00377721 -0.00145778 -0.029002 0.00518613 -0.00525575 0.0112253 0.00295557 0.00199775 0.00648462 -0.0102971 0.0132546 0.00416249
internal_weight=296.148 292.091 180.347 176.229 7.83103 111.744 41.0117 70.7323 57.6246 39.2212 56.707 16.0948 40.6122 32.0974
internal_count=95892 75148 64632 44065 5544 10516 4545 5971 5491 4471 5450 1600 3850 3527
is_linear=0
shrinkage=0.12775


Tree=79
num_leaves=15
num_cat=0
split_feature=3 5 0 23 22 22 22 2 1 1 24 23 22 22
split_gain=0.395001 0.438146 0.381299 0.30583 0.292115 0.279051 0.505231 0.263799 5.18409 0.749891 1.66336 0.861181 0.855862 1.26749
threshold=1.0000000180025095e-35 1.0000000180025095e-35 1.0000150460031552 11.500000000000002 0.087121212121212141 0.65686274509803932 0.10818713450292398 1.0000000180025095e-35 6.8928581926288272e-05 0.025786254666642219 0.24404761904761907 3.5000000000000004 0.097619047619047633 0.24404761904761907
decision_type=2 2 2 2 2 2 2 2 2 2 2 2 2 2
left_child=2 -2 3 7 -5 6 -3 8 -1 10 -10 -12 -11 -14
right_child=1 5 -4 4 -6 -7 -8 -9 9 12 11 -13 13 -15
leaf_value=0.11097916921297148 -0.068999767094903935 0.028967812626015804 -0.052082177950156745 0.0016372304122982463 -0.041494504650229351 0.041693334155323211 -0.051947039767430293 -0.0056370628353014079 0.029039625994751402 -0.0072000952900005384 0.0017759310715566219 -0.097917713755555177 0.033207082498633168 0.00054981385866604941
leaf_weight=5.6557449420433832 1.5441478090579028 1.1036500276968588 0.93885582075654284 4.5692824750853998 4.1843316351137219 0.44451467273756851 1.4288925086148081 75.076641461968393 3.4729547118949977 97.002007336613133 1.8861446653027085 3.7532751542330516 25.651699294424361 68.872690729066107
leaf_count=6511 10272 556 17182 944 6105 14 133 10223 341 6834 130 614 3845 32188
internal_value=-0.00107502 -0.0338157 -0.000410034 1.76727e-06 -0.0218114 0.000454614 -0.0188983 0.000783034 0.00314132 -0.00063229 -0.0338998 -0.0707564 0.00118058 0.00976087
internal_weight=295.585 4.52121 291.064 290.125 8.75361 2.97706 2.53254 281.371 206.295 200.639 9.11237 5.63942 191.526 94.5244
internal_count=95892 10975 84917 67735 7049 703 689 60686 50463 43952 1085 744 42867 36033
is_linear=0
shrinkage=0.12775


Tree=80
num_leaves=15
num_cat=0
split_feature=4 7 8 10 25 5 22 22 2 0 22 23 0 0
split_gain=0.423378 0.315486 0.78924 0.368435 1.43147 0.355453 0.581997 0.693588 0.313031 0.707764 0.291992 1.33774 0.488293 2.50173
threshold=1.0000000180025095e-35 0.96662958843159075 0.14835164835164841 1.0000000180025095e-35 0.35714285714285715 1.0000000180025095e-35 0.080128205128205135 0.26969696969696971 1.0000000180025095e-35 6.1282915557041504e-05 0.25657894736842107 6.5000000000000009 0.99999960961727907 0.99999987461990159
decision_type=2 2 2 2 2 2 2 2 2 2 2 2 2 2
left_child=1 2 3 4 10 -5 -7 -8 9 -2 12 -12 -1 -14
right_child=8 -3 -4 5 -6 6 7 -9 -10 -11 11 -13 13 -15
leaf_value=0.0052319041848319361 0.031783392832899153 0.034350569407192784 -0.064900753139014417 0.004077312607886764 -0.083643827417320668 0.066604732168873151 -0.046271394834016447 0.038833621383595834 -0.073406817737805663 -0.060116565076208169 7.3964044553570013e-06 -0.047467882893263369 -0.096451786537475312 0.0023332316535760035
leaf_weight=153.52930294810358 2.0560154264258017 2.8474696189077795 1.7307149543448748 18.397830416070068 2.0505912106636961 3.2061758432828347 1.5909167560603239 1.9343997440009841 0.86826706897136308 0.91648261658474428 63.46988158772001 10.057285938009498 3.4956528235925353 29.312005608200707
leaf_count=17318 5232 1188 2151 1393 3484 2010 289 135 1523 13989 19892 23816 149 3323
internal_value=-0.000973081 -0.00032641 -0.000829314 -0.000135804 -0.00158036 0.014222 0.0365595 -0.00177779 -0.0370551 -0.00659476 -0.000496481 -0.00723771 0.00219705 -0.0116447
internal_weight=295.463 291.622 288.775 287.044 261.915 25.1293 6.73149 3.52532 3.84077 2.9725 259.864 73.5272 186.337 32.8077
internal_count=95892 75148 73960 71809 67982 3827 2434 424 20744 19221 64498 43708 20790 3472
is_linear=0
shrinkage=0.12775


Tree=81
num_leaves=15
num_cat=0
split_feature=4 23 2 0 0 7 8 10 25 5 22 22 3 24
split_gain=0.400972 0.275831 0.274451 0.636631 0.26256 0.249308 0.59324 0.303177 1.23412 0.312935 0.460752 0.597825 0.255876 0.24461
threshold=1.0000000180025095e-35 12.500000000000002 1.0000000180025095e-35 6.1282915557041504e-05 1.0000150460031552 0.96662958843159075 0.14835164835164841 1.0000000180025095e-35 0.35714285714285715 1.0000000180025095e-35 0.12132352941176472 0.26969696969696971 1.0000000180025095e-35 0.55050505050505061
decision_type=2 2 2 2 2 2 2 2 2 2 2 2 2 2
left_child=1 4 3 -2 5 6 7 8 12 -9 -11 13 -1 -12
right_child=2 -3 -4 -5 -6 -7 -8 9 -10 10 11 -13 -14 -15
leaf_value=0.00068624722204678348 0.029551523224348987 -0.027156266471372443 -0.070752120970376225 -0.058303946056075966 -0.044736512164120626 0.031642008539267519 -0.056434138554699462 0.0042823640130966768 -0.078715799122731245 0.062261555937531181 -0.06653284673340662 0.036904265619653778 -0.044141390084616372 0.0075389186509155432
leaf_weight=253.5772615218757 2.0340520462859786 4.7822766557260357 0.83921918318401356 0.87003685539821152 0.73560252806873805 2.7626981093053464 1.6294498104311959 18.106151504223821 1.8919750222385108 3.0680098242883096 0.70393529717694059 1.8826862193236591 0.72186261882961744 0.73367492615943775
leaf_count=44755 5232 5047 1523 13989 11332 1149 1725 1338 2922 2014 99 133 4506 128
internal_value=-0.00102641 -0.000400294 -0.0364785 -0.0070379 0.000175114 0.000504928 4.85198e-05 0.000649596 -0.000677726 0.0138312 0.0353487 -0.000460454 0.000322576 -0.0435164
internal_weight=294.339 290.596 3.74331 2.90409 285.813 285.078 282.315 280.686 256.191 24.4945 6.38831 3.3203 254.299 1.43761
internal_count=95892 75148 20744 19221 70101 58769 57620 55895 52183 3712 2374 360 49261 227
is_linear=0
shrinkage=0.12775


Tree=82
num_leaves=15
num_cat=0
split_feature=3 5 0 22 22 2 0 1 24 22 0 1 1 0
split_gain=0.380769 0.368208 0.314181 0.254652 0.374768 0.245079 4.82491 0.864197 1.66489 0.677777 0.979219 1.04813 2.32047 1.77785
threshold=1.0000000180025095e-35 1.0000000180025095e-35 1.0000150460031552 0.65686274509803932 0.10818713450292398 1.0000000180025095e-35 0.00044663229079903625 0.025786254666642219 0.24404761904761907 0.050125313283208024 0.99999905136682166 0.22997966207231088 6.8924747435913929 0.99901350511398923
decision_type=2 2 2 2 2 2 2 2 2 2 2 2 2 2
left_child=2 -2 5 4 -3 6 -1 8 -8 -9 11 -11 -13 -14
right_child=1 3 -4 -5 -6 -7 7 9 -10 10 -12 12 13 -15
leaf_value=0.10160766480391856 -0.066704842953093771 0.024767938262224298 -0.048432644244035775 0.038984069962938406 -0.046632019290795933 -0.0061499539258643128 0.025583706016547175 -0.0070815362265989994 -0.077406536130049455 0.0094741000284899891 0.027648506951569961 -0.081053959666672865 0.069847427098279846 -0.021708839839860227
leaf_weight=6.3078258989662563 1.4360217478488255 0.95639330704580139 0.83384950350182307 0.41832807520404447 1.4426115185488013 77.161614748181364 3.3625023160875553 98.874691340674872 5.0729112182580138 50.655160530742705 27.44574681047925 6.1863744551239988 3.5997145794681265 10.083006799292887
leaf_count=7015 10272 556 17182 14 133 11674 308 7148 660 4795 4119 28266 139 3611
internal_value=-0.00105918 -0.0339742 -0.000417651 -0.00089825 -0.0195133 -5.03869e-05 0.00219931 -0.00151025 -0.0385188 0.000331575 0.00780761 -0.000294454 -0.0242013 0.00655225
internal_weight=293.837 4.25335 289.583 2.81733 2.399 288.75 211.588 205.28 8.43541 196.845 97.97 70.5243 19.8691 13.6827
internal_count=95892 10975 84917 703 689 67735 56061 49046 968 48078 40930 36811 32016 3750
is_linear=0
shrinkage=0.12775


Tree=83
num_leaves=15
num_cat=0
split_feature=4 22 23 1 0 22 0 0 0 24 0 24 1 0
split_gain=0.434517 0.271979 2.11157 0.840252 0.964342 0.686905 0.469355 2.44689 1.11716 1.18432 0.865231 0.936655 0.931545 2.93556
threshold=1.0000000180025095e-35 0.57518796992481214 2.5000000000000004 6.8924747435913929 0.17947797697107901 0.67424242424242431 0.99999960961727907 0.99999987461990159 0.99999997002470964 0.68990384615384626 0.99999892663579504 0.59545454545454557 7.5920624752267774 0.99999142433573962
decision_type=2 2 2 2 2 2 2 2 2 2 2 2 2 2
left_child=1 6 3 4 -3 -4 10 -8 -9 -10 12 -12 -1 -14
right_child=-2 2 5 -5 -6 -7 7 8 9 -11 11 -13 13 -15
leaf_value=0.0032011506776532532 -0.038894855924822551 0.0093673138046888628 -0.0058919143977790057 0.049171749429302462 -0.070936019958759963 -0.072277549774788633 -0.091915889276690727 0.03743452928717423 0.0038506397901595926 -0.0541054202427525 0.00073579772958551207 0.054929142659878069 -0.11674208233072027 0.0076451501183272506
leaf_weight=185.71830313988085 3.4727507404436428 14.21187135280343 3.9455947583219295 5.7356933386763549 1.5236638746428059 7.4248251582839657 3.9897443879090124 8.576478621689601 20.161263007025813 6.590755312014152 10.343869252850711 9.1806975541403499 3.079185130042787 9.6714718448311014
leaf_count=33633 20744 457 6649 195 896 22378 347 444 6729 734 556 545 738 847
internal_value=-0.000956788 -0.00032163 -0.0110243 0.0126968 -0.00347834 -0.0523588 0.00109566 -0.0115126 0.000667215 -0.0123724 0.00342757 0.0281533 0.000818398 -0.030824
internal_weight=293.626 290.153 32.8416 21.4712 15.7355 11.3704 257.312 39.3182 35.3285 26.752 217.994 19.5246 198.469 12.7507
internal_count=95892 75148 30575 1548 1353 29027 44573 8254 7907 7463 36319 1101 35218 1585
is_linear=0
shrinkage=0.12775


Tree=84
num_leaves=15
num_cat=0
split_feature=25 7 24 0 0 0 22 22 24 23 0 11 25 1
split_gain=0.359351 0.667606 0.261986 1.47816 1.56901 1.31071 0.841935 0.742032 0.62764 0.382318 0.364403 0.330976 0.274638 0.71303
threshold=0.50000000000000011 0.85607142857142871 0.8973684210526317 0.99999994036517192 0.99999142433573962 0.99945197784882256 0.06458333333333334 0.28991596638655465 0.75595238095238104 10.500000000000002 0.99999960961727907 1.0000000180025095e-35 0.2142857142857143 0.15512541045965861
decision_type=2 2 2 2 2 2 2 2 2 2 2 2 2 2
left_child=2 -2 8 4 5 7 10 11 9 -1 -6 -4 -9 -14
right_child=1 -3 3 -5 6 -7 -8 12 -10 -11 -12 -13 13 -15
leaf_value=0.0004860850344729838 -0.085157472547096644 0.026730083676995007 0.028260785896567053 -0.043045977171554596 0.039732507020719739 -0.081276128230100844 0.084798408899180763 -0.032998139032991924 -0.027004691611198697 -0.023472601793982095 -0.011272104873347231 -0.0006894857103519333 0.022887423862185761 -0.031805549048180073
leaf_weight=197.83816433985885 0.77048863108848198 0.61477699814895459 20.014427642345254 7.4007271353029855 3.4477124213008192 1.5204001184611105 5.2159687499442953 5.4578360635878207 14.740238093009792 10.125529068395052 3.4482675148174167 9.1324767543001162 7.4850401062813035 5.5648287729359254
leaf_count=54860 5003 775 4733 729 158 505 540 1186 7894 10514 120 359 1797 6719
internal_value=-0.00102228 -0.0469152 -0.000585053 0.00623648 0.0130006 0.00234739 0.0516093 0.00721728 -0.00271432 -0.000826775 0.0165918 0.0195671 -0.0122399 -0.00124291
internal_weight=292.777 1.38527 291.392 68.6877 61.287 49.175 12.1119 47.6546 222.704 207.964 6.89598 29.1469 18.5077 13.0499
internal_count=95892 5778 90114 16846 16117 15299 818 14794 73268 65374 278 5092 9702 8516
is_linear=0
shrinkage=0.12775


Tree=85
num_leaves=15
num_cat=0
split_feature=4 0 0 24 0 0 0 24 1 22 1 0 0 0
split_gain=0.352769 0.247728 1.41084 1.36246 1.33923 1.42114 1.13858 1.16515 1.22701 1.03519 0.69956 2.7927 1.67034 4.92236
threshold=1.0000000180025095e-35 0.99999933927151374 0.99999905136682166 0.59545454545454557 0.99999987461990159 0.99999972694331984 0.99999994036517192 0.37797619047619052 9.9991464388250204 0.07417582417582419 7.5920624752267774 0.99999142433573962 0.99890514129716002 0.30448946361487123
decision_type=2 2 2 2 2 2 2 2 2 2 2 2 2 2
left_child=1 2 10 -4 5 -3 9 8 -8 -6 12 -12 13 -1
right_child=-2 4 3 -5 6 -7 7 -9 -10 -11 11 -13 -14 -15
leaf_value=0.0017558419286335129 -0.035364936959506835 -0.014045147123038098 0.0016062346389401866 0.089591419622555832 -0.0041438370970729478 -0.10469437407399776 -0.015689817387863254 -0.030080296924730188 0.050266237145260087 0.084218576397327327 -0.11168563490431871 0.0039576149651614984 0.039814847678746712 -0.1074633645415532
leaf_weight=188.7452904736092 3.4168287380130087 10.425397945920848 5.9240618197363784 4.2973164891882334 3.6804528571665278 2.7997465687476497 8.5156554780251152 15.943751945620077 7.5318340572230218 3.4843945103311853 3.1663442668277666 13.321662519218988 15.455859867569414 5.6088669505093085
leaf_count=31743 20744 932 409 290 158 466 9673 4901 462 308 1553 1864 1469 20920
internal_value=-0.000980067 -0.000408003 0.00136382 0.0448276 -0.00823883 -0.0412792 0.00394132 -0.00684649 0.0167887 0.0454627 -0.000857911 -0.0251303 0.00120056 -0.00212803
internal_weight=292.317 288.901 236.519 10.2214 52.3812 13.2251 39.1561 31.9912 16.0475 7.16485 226.298 16.488 209.81 194.354
internal_count=95892 75148 58248 699 16900 1398 15502 15036 10135 466 57549 3417 54132 52663
is_linear=0
shrinkage=0.12775


Tree=86
num_leaves=15
num_cat=0
split_feature=25 7 23 22 5 20 0 23 0 0 1 0 23 24
split_gain=0.316058 0.622903 0.241301 1.54747 0.451463 0.44122 0.823971 0.474115 0.385264 1.45986 0.855229 1.05169 0.634265 0.33751
threshold=0.50000000000000011 0.85607142857142871 3.5000000000000004 0.67424242424242431 1.0000000180025095e-35 1.0000000180025095e-35 0.99999940937069842 4.5000000000000009 0.052902145686547795 0.039397672285285089 0.11148013362816257 0.11452925766277673 1.5000000000000002 0.22902097902097904
decision_type=2 2 2 2 2 2 2 2 2 2 2 2 2 2
left_child=2 -2 4 5 8 13 -7 -8 9 12 -10 -12 -1 -4
right_child=1 -3 3 -5 -6 6 7 -9 10 -11 11 -13 -14 -15
leaf_value=0.029423816955409961 -0.082385635620631767 0.026210053392555815 0.0073405388184412156 -0.074387791321872496 0.048940592798515377 0.043280911795602971 0.027497726518512771 -0.063130892037137301 0.036142999866587019 -0.089430677802881262 -0.083508502549457603 0.0045699916733849683 -0.0088092204774504503 -0.0061421593916156716
leaf_weight=7.7622173899144391 0.71101693803575361 0.60541833817660518 38.274634791556764 3.5110107752072954 2.177077276093768 6.8950883608813438 0.51404839172209893 1.2181032402841081 12.962859280058181 1.8777719899226202 0.92919855854415701 55.312805215602566 30.119090246796986 128.38291575485209
leaf_count=572 5003 775 13017 25917 904 2102 80 569 466 76 33 6161 3596 36621
internal_value=-0.000969358 -0.0445605 -0.000562294 -0.00345852 0.00408229 -0.00147054 0.024615 -0.0359689 0.00258804 -0.0072782 0.00828764 0.00115895 -0.000219611 -0.00301103
internal_weight=291.253 1.31644 289.937 178.796 111.141 175.285 8.62724 1.73215 108.964 39.7591 69.2049 56.242 37.8813 166.658
internal_count=95892 5778 90114 78306 11808 52389 2751 649 10904 4244 6660 6194 4168 49638
is_linear=0
shrinkage=0.12775


Tree=87
num_leaves=15
num_cat=0
split_feature=3 5 0 22 22 24 0 0 1 22 22 24 1 1
split_gain=0.315361 0.312872 0.259653 0.241852 0.312486 0.219875 1.03596 1.13291 1.08906 0.627173 0.501291 0.459839 0.393481 0.579388
threshold=1.0000000180025095e-35 1.0000000180025095e-35 1.0000150460031552 0.65686274509803932 0.10818713450292398 0.8973684210526317 0.99999994036517192 0.99999142433573962 7.1049481212529653 0.34313725490196084 0.06458333333333334 0.75595238095238104 6.8924747435913929 0.18483465131779375
decision_type=2 2 2 2 2 2 2 2 2 2 2 2 2 2
left_child=2 -2 5 4 -3 11 7 8 9 -7 -9 -1 13 -11
right_child=1 3 -4 -5 -6 6 -8 10 -10 12 -12 -13 -14 -15
leaf_value=-0.00039122648082097385 -0.062802911479791584 0.022336291348635184 -0.044966739581722891 0.038172368885522105 -0.043339021818170412 0.018389603512873946 -0.035144530427718465 0.015817129981805508 -0.059433285536388512 -0.0052734357124075851 0.069112698077399989 -0.023017369883107743 0.034256854726458882 -0.065921358836163887
leaf_weight=204.19053150762215 1.2826383233050354 0.91831944040313906 0.74245258081077636 0.3980937604792415 1.4623972233384845 30.376856889340161 7.340668091119368 6.7686879595275951 2.8668714198138323 11.054584431715282 5.5636437796383689 14.423894166044645 1.2642765427735856 2.0934169643508076
leaf_count=44681 10272 556 17182 14 133 5497 657 278 611 1726 540 7146 37 6562
internal_value=-0.00095834 -0.0314445 -0.000378591 -0.000985285 -0.0191022 -4.84355e-05 0.00626058 0.0120004 0.00261372 0.00823523 0.044377 -0.00201844 -0.0129051 -0.020251
internal_weight=290.747 4.06145 286.686 2.77881 2.38072 285.943 67.329 59.9883 47.656 44.7891 12.3323 218.614 14.4123 13.148
internal_count=95892 10975 84917 703 689 67735 15908 15251 14433 13822 818 51827 8325 8288
is_linear=0
shrinkage=0.12775


Tree=88
num_leaves=15
num_cat=0
split_feature=25 7 0 10 6 2 0 25 5 24 23 23 22 3
split_gain=0.285982 0.575908 0.210076 0.198804 0.813851 0.591756 0.42192 0.246269 0.279714 0.227593 0.837551 0.836725 0.49165 0.216447
threshold=0.50000000000000011 0.85607142857142871 1.0000150460031552 1.0000000180025095e-35 1.0000000180025095e-35 1.0000000180025095e-35 0.30448946361487123 0.2142857142857143 1.0000000180025095e-35 0.41421568627450983 3.5000000000000004 2.5000000000000004 0.3257575757575758 1.0000000180025095e-35
decision_type=2 2 2 2 2 2 2 2 2 2 2 2 2 2
left_child=2 -2 3 4 -1 6 -5 9 -9 10 -7 -11 -12 -6
right_child=1 -3 -4 5 13 7 -8 8 -10 11 12 -13 -14 -15
leaf_value=-0.070816173791922551 -0.079736547998078541 0.025371382608164534 -0.041481043391770688 0.046722165741952273 -0.00028936380953715899 0.033359926039681763 -0.03311004728241191 -0.06297536758535989 0.0086690759739055656 -0.048341815528186456 -0.053972456530737879 0.032619287995289063 0.019945725526771919 -0.042015950199907469
leaf_weight=1.3504909423063498 0.66610336224152777 0.59168321315155481 0.65825377261717122 6.6273453235262449 259.58402048237122 3.2038231892511302 0.26098263997710081 0.69982431350308494 1.0518355194362812 1.3779458198696364 4.3577209487557411 8.1034499864908849 1.1720834177394861 0.67169352934797544
leaf_count=9115 5003 775 16264 3792 52418 132 958 380 302 49 249 732 231 5492
internal_value=-0.000928641 -0.0428572 -0.000544484 -0.000254959 -0.00134736 0.00993438 0.0386964 -0.00184 -0.035051 0.00358727 -0.0104735 0.0162255 -0.0374538 -0.00061704
internal_weight=290.377 1.25779 289.119 288.461 261.606 26.855 6.88833 19.9667 1.75166 18.215 8.73363 9.4814 5.5298 260.256
internal_count=95892 5778 90114 73850 67025 6825 4750 2075 682 1393 612 781 480 57910
is_linear=0
shrinkage=0.12775


Tree=89
num_leaves=15
num_cat=0
split_feature=3 5 22 23 21 22 1 19 24 0 0 1 1 23
split_gain=0.295833 0.253265 0.239679 1.24603 1.21915 0.76116 0.541027 0.477984 0.879774 0.544968 1.3789 0.560531 0.660187 0.494112
threshold=1.0000000180025095e-35 1.0000000180025095e-35 0.22474747474747478 6.5000000000000009 1.0000000180025095e-35 0.162280701754386 0.12269509521456545 1.0000000180025095e-35 0.36038961038961043 0.99999960961727907 0.99999987461990159 9.9991464388250204 9.7354534314171612 5.5000000000000009
decision_type=2 2 2 2 2 2 2 2 2 2 2 2 2 2
left_child=2 -2 5 4 -4 7 -7 9 -9 -1 -11 12 13 -12
right_child=1 -3 3 -5 -6 6 -8 8 -10 10 11 -13 -14 -15
leaf_value=0.0036070178958181268 -0.059967975088890242 -0.0024379749118553962 -0.0021200813876527131 -0.04061650087432888 0.09307106163227731 0.0026944744787872005 0.03999012917383727 0.020483656765953189 -0.084938325624629454 -0.081904837792026744 0.028709792546597716 0.0071273346193033073 -0.078683673355882625 -0.041999996722922595
leaf_weight=133.06581815828781 1.1741925770593291 2.6906101212953217 84.033639799773482 12.770275192144025 0.88036556177075809 12.203592062256577 12.354147892482386 1.544686642784199 1.5490685586128163 2.9912944186944541 2.6018576009064449 19.078571846417617 1.737067879643291 1.3405687153881443
leaf_count=17158 10272 703 28030 31791 252 1225 3514 194 203 79 443 627 54 1347
internal_value=-0.000970357 -0.0310565 -0.000417611 -0.00550971 0.000332438 0.00224245 0.0225809 -0.000967079 -0.0421868 0.000176411 -0.0156686 -0.00378196 -0.0346805 2.68861e-05
internal_weight=290.016 3.8648 286.151 97.6843 84.914 188.467 24.5577 163.909 3.09376 160.815 27.7494 24.7581 5.67949 3.94243
internal_count=95892 10975 84917 60073 28282 24844 4739 20105 397 19708 2550 2471 1844 1790
is_linear=0
shrinkage=0.12775


Tree=90
num_leaves=15
num_cat=0
split_feature=3 5 22 22 0 2 1 11 10 23 1 24 1 0
split_gain=0.264272 0.23601 0.229596 0.277307 0.220377 0.196237 4.3482 0.652215 2.32349 0.544714 0.494402 1.2606 0.951035 0.497225
threshold=1.0000000180025095e-35 1.0000000180025095e-35 0.65686274509803932 0.10818713450292398 1.0000150460031552 1.0000000180025095e-35 6.8928581926288272e-05 1.0000000180025095e-35 1.0000000180025095e-35 1.5000000000000002 0.025786254666642219 0.24404761904761907 0.0020551073098664724 0.007305016822914511
decision_type=2 2 2 2 2 2 2 2 2 2 2 2 2 2
left_child=4 -2 3 -3 5 6 -1 8 -7 -9 11 13 -13 -8
right_child=1 2 -4 -5 -6 7 10 9 -10 -11 -12 12 -14 -15
leaf_value=0.10723277256437794 -0.058044082051606959 0.020597328335232052 0.036379585887146466 -0.042179865964787858 -0.04220452869172945 -0.096893749814616487 0.055700717470919973 0.03998526279477535 -0.0021879996185871719 -0.0019116039453453135 0.00014967555798055542 0.015477483647336428 -0.085115595992090634 -0.019994654764035523
leaf_weight=4.8316376183029197 1.1080619040913 0.8637333485385178 0.38235034560784686 1.4483443828066809 0.67483697884563199 4.0171118105099621 1.9734589415866124 4.2732375860214225 19.911215526521119 48.172915521325194 194.49288555986095 1.601914199170096 4.2005698677799046 1.5064487305312466
leaf_count=6793 10272 556 14 133 17182 5752 254 46 2075 3801 48078 302 520 114
internal_value=-0.000970293 -0.0295798 -0.00222953 -0.0197917 -0.000449752 -0.00014894 0.00188187 -0.00563109 -0.0224836 0.00243531 -0.0013172 -0.0281106 -0.0596973 0.0265469
internal_weight=289.459 3.80249 2.69443 2.31208 285.656 284.981 208.607 76.3745 23.9283 52.4462 203.775 9.28239 5.80248 3.47991
internal_count=95892 10975 703 689 84917 67735 56061 11674 7827 3847 49268 1190 822 368
is_linear=0
shrinkage=0.12775


Tree=91
num_leaves=15
num_cat=0
split_feature=4 7 8 10 25 23 24 22 22 23 22 24 22 23
split_gain=0.299495 0.251331 0.679345 0.215802 1.04028 0.239764 0.40839 0.517879 0.404806 0.383682 0.834532 0.243812 0.211964 0.813478
threshold=1.0000000180025095e-35 0.96662958843159075 0.14835164835164841 1.0000000180025095e-35 0.35714285714285715 3.5000000000000004 0.71008403361344552 0.3257575757575758 0.41421568627450983 4.5000000000000009 0.069047619047619066 0.069047619047619066 0.25657894736842107 6.5000000000000009
decision_type=2 2 2 2 2 2 2 2 2 2 2 2 2 2
left_child=1 2 3 4 12 -5 7 9 -9 -7 11 -11 -1 -14
right_child=-2 -3 -4 5 -6 6 -8 8 -10 10 -12 -13 13 -15
leaf_value=0.0019056593706321962 -0.033958043357614619 0.031397479648210845 -0.062047287771281372 0.02724639473158165 -0.074603975797830319 -0.07036437206900191 0.0280945029450974 0.054659493705112326 -0.022344445541361124 -0.012340769219586207 -0.038060633276773691 0.050983456057707592 -0.00070490614144600274 -0.03929377852624661
leaf_weight=183.59705859302812 3.0288989993789519 2.6330721753001844 1.5541225507531624 8.0208383074714238 1.7475625853248846 1.0793336671340528 4.8795758734704568 1.616571458813268 0.82536067840555905 0.75910897779249387 4.9752927983354311 2.0853105496862554 62.495189583089996 9.0359436193825768
leaf_count=20790 20744 1188 2151 1044 3484 277 957 110 337 180 330 592 19892 23816
internal_value=-0.000890528 -0.000378475 -0.000824841 -0.000186379 -0.00129481 0.0109988 0.00146499 -0.0117897 0.0299581 -0.025719 -0.00996569 0.0355681 -0.000395908 -0.0062279
internal_weight=288.333 285.304 282.671 281.117 256.876 24.2414 16.2206 11.341 2.44193 8.89905 7.81971 2.84442 255.128 71.5311
internal_count=95892 75148 73960 71809 67982 3827 2783 1826 447 1379 1102 772 64498 43708
is_linear=0
shrinkage=0.12775


Tree=92
num_leaves=15
num_cat=0
split_feature=25 7 0 2 0 3 1 24 11 10 23 22 23 23
split_gain=0.256088 0.49565 0.175964 0.17274 1.89541 1.80392 0.849503 0.839325 0.588929 2.03646 0.514084 0.48506 0.90494 0.740532
threshold=0.50000000000000011 0.85607142857142871 1.0000150460031552 1.0000000180025095e-35 0.0017735901571924908 1.0000000180025095e-35 0.025786254666642219 0.17914438502673799 1.0000000180025095e-35 1.0000000180025095e-35 3.5000000000000004 0.12916666666666668 3.5000000000000004 3.5000000000000004
decision_type=2 2 2 2 2 2 2 2 2 2 2 2 2 2
left_child=2 -2 3 4 5 -1 7 -6 9 -5 -9 12 -10 -13
right_child=1 -3 -4 8 6 -7 -8 10 11 -11 -12 13 -14 -15
leaf_value=0.086472736232201614 -0.075729266067729992 0.023453945003554477 -0.03860124634427739 -0.094309117455778663 0.014141960457425275 -0.019412919859617898 0.00049936455442759864 -0.00050855673134152398 -0.011464759371332739 -0.003013209571623216 -0.089717814630273493 0.0206303110320885 0.029125815757822877 -0.030319173231347935
leaf_weight=6.5012553152155288 0.60629390948952167 0.55481049358240853 0.59310092120904201 3.6481772772613139 2.4746459934212899 3.2942323749389288 193.49811756696317 1.4069409441108289 15.194595605134962 19.841156136732025 3.0281768523555002 5.8334478116594282 18.637357652187347 12.566037722754116
leaf_count=6800 5003 775 16264 5752 162 9810 44893 61 218 2075 450 266 607 2756
internal_value=-0.000876739 -0.0413083 -0.000516618 -0.000253473 0.00163415 0.0528548 -0.0012121 -0.0412756 -0.00542934 -0.0216187 -0.0682295 0.00221862 0.0111597 -0.013855
internal_weight=287.678 1.1611 286.517 285.924 210.203 9.79549 200.408 6.90976 75.7208 23.4893 4.43512 52.2314 33.832 18.3995
internal_count=95892 5778 90114 73850 62176 16610 45566 673 11674 7827 511 3847 825 3022
is_linear=0
shrinkage=0.12775


Tree=93
num_leaves=15
num_cat=0
split_feature=4 7 8 22 23 1 0 1 0 25 0 0 0 0
split_gain=0.283725 0.207908 0.627823 0.220052 2.00066 0.609111 0.569005 0.427063 0.404935 0.30894 0.269005 1.04832 0.905529 1.05111
threshold=1.0000000180025095e-35 0.96662958843159075 0.14835164835164841 0.67424242424242431 2.5000000000000004 6.8924747435913929 0.17384798626463419 0.0779141667804535 6.1282915557041504e-05 0.2142857142857143 0.99999933927151374 0.99999892663579504 0.99999987461990159 0.99999972694331984
decision_type=2 2 2 2 2 2 2 2 2 2 2 2 2 2
left_child=1 2 3 10 5 6 7 -5 9 -6 11 -1 13 -12
right_child=-2 -3 -4 4 8 -7 -8 -9 -10 -11 12 -13 -14 -15
leaf_value=0.00065345989127605514 -0.03354463967854384 0.028709558473137425 -0.060201522758477274 -0.011604779515628801 -0.032615731173066147 0.03938264417407622 -0.055321434677363411 0.031130783474150565 -0.082665515380704643 0.035554627772619779 -0.010643638628376197 0.038125793618756884 0.0028887539451778795 -0.091993818385119386
leaf_weight=193.95908954337438 2.9029626203312082 2.5793769225856513 1.5003485994000119 8.418468665913684 1.3463156806656105 5.9612671460490665 1.6507638535258582 4.9386966885067514 4.5612196099471021 0.46279976646519561 8.9329602097677689 11.631305734030319 35.218882422611387 2.553738059836177
leaf_count=37661 20744 1188 2151 373 3080 190 861 60 16742 1963 614 715 9260 290
internal_value=-0.000883181 -0.000389007 -0.000794248 -0.000182848 -0.0107819 0.0091496 -0.00515412 0.00562553 -0.0663772 -0.00735918 0.00101785 0.00301238 -0.00759704 -0.0366223
internal_weight=286.618 283.715 281.136 279.636 27.3395 20.9692 15.0079 13.3572 6.37034 1.80912 252.296 205.59 46.7056 11.4867
internal_count=95892 75148 73960 71809 23269 1484 1294 433 21785 5043 48540 38376 10164 904
is_linear=0
shrinkage=0.12775


Tree=94
num_leaves=15
num_cat=0
split_feature=4 2 0 23 24 22 23 22 1 0 0 1 25 0
split_gain=0.235782 0.223565 0.471388 0.181501 0.216045 0.173721 1.2864 0.532438 0.494486 0.461461 0.433606 0.981961 0.313479 0.268808
threshold=1.0000000180025095e-35 1.0000000180025095e-35 6.1282915557041504e-05 12.500000000000002 0.22474747474747478 0.59545454545454557 2.5000000000000004 0.69615384615384623 0.13862921793849051 6.1282915557041504e-05 0.17384798626463419 6.8924747435913929 0.2142857142857143 0.081925205841656079
decision_type=2 2 2 2 2 2 2 2 2 2 2 2 2 2
left_child=3 2 -2 5 -5 -1 8 -8 13 12 -10 -12 -9 -7
right_child=1 -3 -4 4 -6 6 7 9 10 -11 11 -13 -14 -15
leaf_value=0.0011678799970595262 0.031818474136670709 -0.060560174232406061 -0.04868449150299585 0.016697968089720478 -0.034268960599973787 0.0045959203717926035 -0.0032157619272961567 -0.030735014778011976 0.070968573423345171 -0.081041542741197389 -0.053066070070539838 0.034266036670141671 0.037586188895276818 -0.032895339587301453
leaf_weight=247.36385938200283 1.5482594629652338 0.71740481181222993 0.6267847414942479 0.92049342912196053 3.6565104353280731 8.8108359014149809 3.7545934042741447 1.2948074384930803 1.6306598060764352 4.3685941160445054 1.5834774123868554 6.1189293795323465 0.49498066923752038 3.2403854345902792
leaf_count=41672 5232 1523 13989 1199 3848 390 6134 2800 23 16110 901 195 1837 39
internal_value=-0.00090489 -0.0307165 -0.00124402 -0.000453704 -0.0225307 1.76267e-05 -0.00874055 -0.0437351 0.00914194 -0.0633478 0.0292361 0.0109989 -0.00372495 -0.00781884
internal_weight=286.131 2.89245 2.17504 283.238 4.577 278.661 31.2973 9.91298 21.3843 6.15838 9.33307 7.70241 1.78979 12.0512
internal_count=95892 20744 19221 75148 5047 70101 28429 26881 1548 20747 1119 1096 4637 429
is_linear=0
shrinkage=0.12775


Tree=95
num_leaves=15
num_cat=0
split_feature=4 2 0 0 1 0 10 23 24 0 0 18 0 0
split_gain=0.228659 0.196555 0.429469 0.182428 3.70922 2.07396 1.5979 1.00234 1.26315 3.01138 1.37355 1.17462 1.04613 1.29127
threshold=1.0000000180025095e-35 1.0000000180025095e-35 6.1282915557041504e-05 0.23897291591157124 6.3658888294064981 0.99901350511398923 1.0000000180025095e-35 1.5000000000000002 0.56696428571428581 0.99999994036517192 0.99999997002470964 1.0000000180025095e-35 0.99999442241604852 0.99999924549990926
decision_type=2 2 2 2 2 2 2 2 2 2 2 2 2 2
left_child=3 2 -2 -1 6 -6 -5 -7 9 -9 12 -11 -10 -14
right_child=1 -3 -4 4 5 7 -8 8 10 11 -12 -13 13 -15
leaf_value=0.0019668888958063921 0.02987243349780749 -0.05857347949831529 -0.047374624293289327 -0.10734720918588975 0.065432012374595991 0.047390382905209999 0.017776083590215416 -0.052365956122282988 -0.017373423700378244 -0.061349522420170131 -0.030083520404727362 0.027847229920398526 0.076144477963353774 0.013431695581313066
leaf_weight=181.87993623937336 1.5292223141782413 0.69504056823711824 0.60147454546586221 6.1938336821945077 6.5487323549768908 4.6884763939306131 1.6853808799933174 22.196077554755902 7.6545631180765659 1.4794571353377275 9.8889934721173613 16.133655550741423 6.8423420328144884 17.69918665955629
leaf_count=30520 5232 1523 13989 33819 1080 112 207 3125 1461 122 1123 1283 600 1696
internal_value=-0.000889999 -0.0304833 -0.00195475 -0.000448554 -0.00476585 0.00285696 -0.0819172 -0.00282369 -0.00643266 -0.0223816 0.00888433 0.0164593 0.0215943 0.0340251
internal_weight=285.716 2.82574 2.1307 282.891 101.011 93.1315 7.87921 86.5828 81.8943 39.8092 42.0851 17.6131 32.1961 24.5415
internal_count=95892 20744 19221 75148 44628 10602 34026 9522 9410 4530 4880 1405 3757 2296
is_linear=0
shrinkage=0.12775


Tree=96
num_leaves=15
num_cat=0
split_feature=25 7 23 22 0 0 0 0 0 24 22 0 24 22
split_gain=0.227559 0.441186 0.144895 0.256968 0.193022 0.154379 0.930194 0.895683 0.977843 0.785091 0.679201 0.615568 0.764793 1.22321
threshold=0.50000000000000011 0.85607142857142871 11.500000000000002 0.087121212121212141 0.99912496131386719 0.99999933927151374 0.99999905136682166 0.99999987461990159 0.99999972694331984 0.39230769230769241 0.10818713450292398 0.99999997002470964 0.39230769230769241 0.10818713450292398
decision_type=2 2 2 2 2 2 2 2 2 2 2 2 2 2
left_child=2 -2 5 4 -4 6 -1 8 -7 -8 -11 -9 13 -13
right_child=1 -3 3 -5 -6 7 9 11 -10 10 -12 12 -14 -15
leaf_value=-0.00039183959632253812 -0.07236520287719661 0.022206958960213716 0.019398106506219277 -0.035294131714445724 -0.024719838961734505 -0.011084571551856048 -0.0066969909763389783 0.029891307467778037 -0.087731001158951091 0.0023241492460373777 0.08838595567770538 -0.014504801069277862 -0.026764456622617377 0.054413324361686555
leaf_weight=214.48205311831498 0.55644103661779698 0.53290438115800498 3.352126628401491 3.8277926011902537 1.1229745710063523 10.190329287361235 3.8843640723425761 9.4334254732893879 2.6014391644112029 2.2388117053778842 3.654909272576333 9.5228500481125611 13.277149694709349 5.5970392998483467
leaf_count=61104 5003 775 934 8707 233 856 229 644 432 194 233 959 5085 10504
internal_value=-0.000849434 -0.0395167 -0.000510692 -0.0158753 0.00512215 3.00123e-05 0.00147598 -0.00624552 -0.0336665 0.0374491 0.0623116 0.00388101 -0.00573986 0.0134137
internal_weight=284.275 1.08935 283.185 8.30289 4.4751 274.882 224.26 50.6222 12.7918 9.77809 5.89372 37.8305 28.397 15.1199
internal_count=95892 5778 90114 9874 1167 80240 61760 18480 1288 656 427 17192 16548 11463
is_linear=0
shrinkage=0.12775


Tree=97
num_leaves=15
num_cat=0
split_feature=4 7 8 23 24 10 25 1 6 2 0 0 1 0
split_gain=0.219225 0.189252 0.534565 0.204073 0.183058 0.177409 0.906196 0.214948 0.182481 0.176019 0.38942 0.17499 4.34703 1.82319
threshold=1.0000000180025095e-35 0.96662958843159075 0.14835164835164841 2.5000000000000004 0.62202380952380965 1.0000000180025095e-35 0.35714285714285715 0.12269509521456545 1.0000000180025095e-35 1.0000000180025095e-35 6.1282915557041504e-05 0.22975817812639013 6.6323431762046399 0.99901350511398923
decision_type=2 2 2 2 2 2 2 2 2 2 2 2 2 2
left_child=1 2 5 -4 -3 6 8 -7 -1 10 -2 -10 -13 -14
right_child=9 4 3 -5 -6 7 -8 -9 11 -11 -12 12 13 -15
leaf_value=-0.040901147863294067 0.028222725311745557 0.042118446337127184 0.0098322169479631953 -0.068431159440730166 -0.012658748906308694 0.0049172227237259201 -0.071019908601304083 0.039177304034781819 0.0025907655384996113 -0.056672042334715768 -0.045828953702064759 -0.10241857921332716 0.063158618687082183 -0.0022750885140465399
leaf_weight=0.42543663301694223 1.504984756777503 1.7974320360553968 0.29731182362593145 1.1975622044130885 0.70304291309730604 21.881221436589843 1.6238594626706788 2.2029088644485446 154.80740364442499 0.67336631531861701 0.56940047036414387 5.4813229992491861 6.1865519383354686 85.135736301168436
leaf_count=335 5232 950 172 1979 238 3442 3484 385 23671 1523 13989 30605 812 9075
internal_value=-0.000786287 -0.00035667 -0.000742097 -0.0556108 0.0276894 -0.000174615 -0.00118884 0.00999533 -0.000356469 -0.0300383 -0.00226225 -6.62519e-05 -0.00429213 0.00302772
internal_weight=284.488 281.74 279.239 1.49487 2.50047 277.744 253.66 24.0841 252.036 2.74775 2.07439 251.611 96.8036 91.3223
internal_count=95892 75148 73960 2151 1188 71809 67982 3827 64498 20744 19221 64163 40492 9887
is_linear=0
shrinkage=0.12775


Tree=98
num_leaves=15
num_cat=0
split_feature=4 7 8 23 24 0 0 0 22 24 23 11 23 22
split_gain=0.212077 0.16336 0.468159 0.184985 0.168091 0.728765 0.761894 0.941428 0.568887 0.421881 0.337013 0.326653 0.284001 0.28151
threshold=1.0000000180025095e-35 0.96662958843159075 0.14835164835164841 2.5000000000000004 0.8973684210526317 0.99999994036517192 0.99999142433573962 0.99945197784882256 0.28991596638655465 0.75595238095238104 3.5000000000000004 1.0000000180025095e-35 6.5000000000000009 0.06458333333333334
decision_type=2 2 2 2 2 2 2 2 2 2 2 2 2 2
left_child=1 2 4 -4 9 6 7 8 11 -1 -7 -6 -11 -8
right_child=-2 -3 3 -5 5 10 13 -9 -10 12 -12 -13 -14 -15
leaf_value=-0.00039007887621153006 -0.029802011638768892 0.025793692371609105 0.0096152336559844238 -0.06438209523180255 0.026874045849375694 -0.0034660319571533488 0.013811744951629781 -0.071100080365943494 -0.011250547708929812 -0.042630909269085963 -0.055071472459062694 -0.002189321151369719 -0.0063285046224912404 0.054657621829404847
leaf_weight=197.61418488385277 2.6907897544308517 2.4589799557288634 0.29624415238504198 1.1967285111825274 18.324353531585984 4.3944272378812448 6.4759025648236257 1.3242282029777914 16.945115389207785 5.1830565024558828 2.8873333651943085 8.9998352510738204 8.8497859910568177 5.8582256985573622
leaf_count=51561 20744 1188 172 1979 4101 163 275 503 7427 1592 542 314 4794 537
internal_value=-0.000827423 -0.000406089 -0.000763043 -0.0521272 -0.000230125 0.0053737 0.0103275 0.0023156 0.00658494 -0.0019802 -0.02942 0.0176547 -0.0223418 0.0367443
internal_weight=283.499 280.808 278.349 1.49297 276.856 65.2094 57.9277 45.5935 44.2693 211.647 7.28176 27.3242 14.0328 12.3341
internal_count=95892 75148 73960 2151 71809 13862 13157 12345 11842 57947 705 4415 6386 812
is_linear=0
shrinkage=0.12775


Tree=99
num_leaves=15
num_cat=0
split_feature=25 7 22 23 20 1 0 1 10 0 0 24 23 22
split_gain=0.201556 0.385935 0.140944 1.64946 0.456495 0.419448 0.483266 0.855596 0.300062 0.234202 0.378129 0.153712 0.464034 0.564618
threshold=0.50000000000000011 0.85607142857142871 0.67424242424242431 2.5000000000000004 1.0000000180025095e-35 0.13862921793849051 0.17947797697107901 6.8924747435913929 1.0000000180025095e-35 0.081925205841656079 0.052902145686547795 0.56696428571428581 8.5000000000000018 0.22902097902097904
decision_type=2 2 2 2 2 2 2 2 2 2 2 2 2 2
left_child=2 -2 11 5 8 9 -7 -8 -5 10 -4 12 -1 -14
right_child=1 -3 3 4 -6 6 7 -9 -10 -11 -12 -13 13 -15
leaf_value=0.00042620093176859778 -0.068633886487226986 0.020801355730649899 -0.01144945648070635 -0.07890194043047502 0.02054463475470877 0.067715519886363637 -0.059434386933146059 0.027456711825972552 0.0070788472678588012 -0.030788291108472182 0.038567083995261132 0.0041528170854184228 -0.0085465289395965909 -0.064384523072950645
leaf_weight=132.77509787442523 0.51442165627599823 0.50953065484827675 6.7862191959357059 4.9191483771946869 0.41175626949438981 1.9313471658679171 1.085881003502436 6.218558896362083 0.50111085053754312 3.2008865953539489 2.1801152110856492 105.44612658968435 14.094938516030654 2.5710686442796478
leaf_count=23522 5003 775 476 25455 1362 32 1127 195 1372 46 30 26159 3834 6504
internal_value=-0.000820582 -0.0377084 -0.000504676 -0.00900752 -0.0619742 0.00829177 0.026964 0.00717767 -0.0711288 -0.00717908 0.00421908 0.000447267 -0.00218139 -0.0214065
internal_weight=283.146 1.02395 282.122 27.235 5.83202 21.403 9.23579 7.30444 5.42026 12.1672 8.96633 254.887 149.441 16.666
internal_count=95892 5778 90114 30095 28189 1906 1354 1322 26827 552 506 60019 33860 10338
is_linear=0
shrinkage=0.12775


Tree=100
num_leaves=15
num_cat=0
split_feature=3 5 22 22 0 1 1 5 23 24 0 18 1 24
split_gain=0.196112 0.229383 0.162485 0.352831 0.152594 2.93595 1.55477 1.27081 0.909309 0.877003 2.0481 1.05326 0.863806 0.843698
threshold=1.0000000180025095e-35 1.0000000180025095e-35 0.21825396825396828 0.10818713450292398 0.23897291591157124 6.6323431762046399 6.9091685278337591 1.0000000180025095e-35 1.5000000000000002 0.56696428571428581 0.99999994036517192 1.0000000180025095e-35 9.9991464388250204 0.7947368421052633
decision_type=2 2 2 2 2 2 2 2 2 2 2 2 2 2
left_child=4 -2 3 -3 -1 7 -7 -6 -8 10 -10 -12 -13 -11
right_child=1 2 -4 -5 5 6 8 -9 9 13 11 12 -14 -15
leaf_value=0.0018569200343931005 -0.054681298869267723 0.020439666726066896 0.021148911543441107 -0.059765865336961682 -0.10234505256967254 0.064160202001007818 0.045992159136863636 0.012824933852126701 -0.043078368689589211 0.032112034016043449 -0.060581111287807105 -0.0080440450031803706 0.04801203244601638 -0.0052114946158991803
leaf_weight=179.83591851315896 0.99945223391523486 0.81337419015471846 1.4523089160211382 0.3715104257571511 5.2724492805007221 4.7970958482767392 4.6121364813297978 1.6771577186646025 22.699735125610914 13.371357211812208 1.4433563110033016 7.3330403888003284 8.9437839519277986 29.069955280272552
leaf_count=27819 10272 556 88 59 46396 709 123 326 3212 1809 120 577 697 3129
internal_value=-0.000811334 -0.0258633 4.30326e-05 -0.0232923 -0.000359796 -0.00434808 0.00217476 -0.0770209 -0.00216377 -0.00555032 -0.0187197 0.0133382 0.0240968 0.00718543
internal_weight=282.693 3.63665 2.63719 1.18488 279.056 99.2201 92.2705 6.94961 87.4734 82.8612 40.4199 17.7202 16.2768 42.4413
internal_count=95892 10975 703 615 84917 57098 10376 46722 9667 9544 4606 1394 1274 4938
is_linear=0
shrinkage=0.12775


Tree=101
num_leaves=15
num_cat=0
split_feature=25 7 2 0 3 1 24 11 10 23 22 22 24 1
split_gain=0.189344 0.358331 0.146841 1.69572 1.58547 0.70883 0.71344 0.48237 1.82561 0.475463 0.443273 0.662817 1.13795 1.14372
threshold=0.50000000000000011 0.85607142857142871 1.0000000180025095e-35 0.0017735901571924908 1.0000000180025095e-35 0.025786254666642219 0.17914438502673799 1.0000000180025095e-35 1.0000000180025095e-35 1.5000000000000002 0.050125313283208024 0.25657894736842107 0.34313725490196084 6.6323431762046399
decision_type=2 2 2 2 2 2 2 2 2 2 2 2 2 2
left_child=2 -2 3 4 -1 6 -5 8 -4 -9 -7 12 -12 -14
right_child=1 -3 7 5 -6 10 -8 9 -10 -11 11 -13 13 -15
leaf_value=0.083563031385316955 -0.066715824025434023 0.02003460898792412 -0.091702099050412267 0.0131038626812763 -0.017494999889115462 -0.0059388394132754551 -0.063210481998057927 0.037182991550985159 -0.0027994707979485272 -0.0023821225475093902 0.048568350702482561 -0.0026369607623133503 -0.02083302116183091 0.029603385750529301
leaf_weight=6.0895052436935639 0.49027879685331655 0.49650879528780933 3.3195687686488808 2.4478808665789975 3.2165631916996063 94.804369621291698 4.3651772040070682 4.1448685750365248 19.638234008592462 47.590320234190585 12.426070586265721 55.901336453620047 14.129147988157229 12.577229089234606
leaf_count=6800 5003 775 5752 162 9810 7604 511 46 2075 3801 3169 45135 4298 951
internal_value=-0.000773188 -0.0368078 -0.000467865 0.00129588 0.0508753 -0.00138691 -0.0381928 -0.00526678 -0.0201047 0.00166727 0.000198838 0.00631908 0.0187686 0.00320589
internal_weight=281.637 0.986788 280.65 205.957 9.30607 196.651 6.81306 74.693 22.9578 51.7352 189.838 95.0338 39.1324 26.7064
internal_count=95892 5778 90114 78440 16610 61830 673 11674 7827 3847 61157 53553 8418 5249
is_linear=0
shrinkage=0.12775


Tree=102
num_leaves=15
num_cat=0
split_feature=4 0 0 0 0 24 0 22 24 22 22 1 22 23
split_gain=0.187426 0.165057 0.776817 0.876893 0.764236 0.663962 0.592014 0.712005 0.548029 0.868756 0.70531 0.559536 0.520585 0.517253
threshold=1.0000000180025095e-35 0.99999933927151374 0.99999987461990159 0.99999972694331984 0.99999905136682166 0.39230769230769241 0.99999994036517192 0.07417582417582419 0.37797619047619052 0.080128205128205135 0.12916666666666668 7.5920624752267774 0.26969696969696971 4.5000000000000009
decision_type=2 2 2 2 2 2 2 2 2 2 2 2 2 2
left_child=1 4 3 12 -1 -6 7 -4 9 -8 -10 -11 13 -3
right_child=-2 2 6 -5 5 -7 8 -9 10 11 -12 -13 -14 -15
leaf_value=-0.00051048799064838787 -0.028510690006463259 0.0405555332620465 -0.0088883042840178297 -0.083537692184552828 -0.0067771415463983818 0.055771928856067868 -0.012219111998629099 0.062504086955269975 0.0008290860546678328 -0.033171927907422717 -0.051574001265594707 0.056066990869283052 -0.044623698357023671 -0.018406991421845358
leaf_weight=216.64316656612516 2.5274726268349914 3.028443885385057 3.5357994660735121 2.5899542165680023 3.9632487227208895 6.1263227338713477 9.8981572413040357 3.8056205314514955 9.8268514989122178 0.437865093622121 5.881407957678447 5.5351296148792244 3.284158880231189 4.1779550006613135
leaf_count=57549 20744 94 158 466 250 449 860 308 521 8550 4380 725 628 210
internal_value=-0.000701474 -0.00031076 -0.00670459 -0.0320043 0.00118721 0.0333339 0.00259914 0.0321377 -0.00532102 0.0109907 -0.0213604 0.0445468 -0.0110841 0.00889702
internal_weight=281.262 278.734 52.0013 13.0805 226.733 10.0896 38.9208 7.34142 31.5794 15.8712 15.7083 5.97299 10.4906 7.2064
internal_count=95892 75148 16900 1398 58248 699 15502 466 15036 10135 4901 9275 932 304
is_linear=0
shrinkage=0.12775


Tree=103
num_leaves=15
num_cat=0
split_feature=25 7 23 22 21 24 23 22 23 20 21 10 2 0
split_gain=0.174448 0.340461 0.152351 0.779771 0.56175 0.392759 0.715181 0.804756 0.52266 0.634348 0.399136 0.377059 0.326113 1.07775
threshold=0.50000000000000011 0.85607142857142871 4.5000000000000009 0.43303571428571436 1.0000000180025095e-35 0.10263157894736843 5.5000000000000009 0.17914438502673799 5.5000000000000009 1.0000000180025095e-35 1.0000000180025095e-35 1.0000000180025095e-35 1.0000000180025095e-35 0.0017735901571924908
decision_type=2 2 2 2 2 2 2 2 2 2 2 2 2 2
left_child=2 -2 4 5 12 6 11 -8 9 -7 -10 -4 13 -1
right_child=1 -3 3 -5 -6 8 7 -9 10 -11 -12 -13 -14 -15
leaf_value=0.058431367335499626 -0.064910450397195965 0.019753040434274321 0.061309190969430299 -0.038513558592431739 0.06322380632762839 -0.023545253888758756 -0.025370100959639222 0.039318650292014569 0.0028966118312777557 0.040911691920404579 -0.053339936492985338 -0.012048606037258427 -0.0084369325085648927 0.0020012337301513541
leaf_weight=4.4804984538350245 0.46875128773569841 0.49168128676319611 4.5964068131697813 8.2385046859018285 1.0727463692983281 26.242853222278431 7.5868993135268266 3.4634656443899985 82.897227936138506 1.4939165866435349 0.73903576059001252 0.91985073072464718 38.310874306309415 100.16612000852137
leaf_count=4981 5003 775 794 38359 168 3426 1688 1993 22610 190 242 124 2568 12971
internal_value=-0.000665753 -0.0354495 -0.000374215 -0.00342026 0.00251087 -0.000775449 0.0167907 -0.00298989 -0.0035611 -0.0183072 0.001546 0.0491133 0.00145803 0.00514292
internal_weight=281.169 0.960433 280.208 136.178 144.03 127.94 16.5666 11.0504 111.373 27.7368 83.6363 5.51626 142.957 104.647
internal_count=95892 5778 90114 69426 20688 31067 4599 3681 26468 3616 22852 918 20520 17952
is_linear=0
shrinkage=0.12775


Tree=104
num_leaves=15
num_cat=0
split_feature=3 5 0 0 0 0 0 1 0 1 0 24 23 1
split_gain=0.187385 0.198412 0.16806 0.961218 0.557228 0.845847 0.524829 0.497768 2.25687 0.918372 2.64462 0.908877 1.47121 0.847251
threshold=1.0000000180025095e-35 1.0000000180025095e-35 0.99999924549990926 0.99999905136682166 0.99999987461990159 0.99999972694331984 0.99999997002470964 7.5920624752267774 0.99999142433573962 6.8924747435913929 0.30448946361487123 0.42481203007518803 1.5000000000000002 6.9091685278337591
decision_type=2 2 2 2 2 2 2 2 2 2 2 2 2 2
left_child=2 -2 3 7 5 -4 -6 9 -9 10 -1 12 -10 -11
right_child=1 -3 4 -5 6 -7 -8 8 11 13 -12 -13 -14 -15
leaf_value=0.0019017711942032724 -0.0525363838210329 -0.00074098390343151348 -0.0092287142415355509 0.044398319739064759 0.025660672143872274 -0.078088051915703421 -0.0066554585661436055 -0.10336747398946637 0.064905332877368646 0.075489867804794428 -0.084691409062882375 0.035548471018118886 -0.052369155389622481 0.0094016804405364068
leaf_weight=181.28713905063307 0.93600916494733555 2.6124872094223974 13.507501401387346 6.8272501966057453 9.8340559693078813 2.5166664694997953 29.282767149076335 2.7568928190744364 1.0565676894038896 3.5744376875518347 4.5700156905703571 6.339432328566545 5.6138711863541175 10.131623993724586
leaf_count=29458 10272 703 1165 466 699 466 19715 1553 16 471 28141 697 1151 919
internal_value=-0.000542044 -0.0252504 -0.000102979 0.00147111 -0.00632645 -0.0253539 0.00206368 -0.000162686 -0.0210591 0.00162091 -0.000833053 0.00458708 -0.0258834 0.0319425
internal_weight=280.847 3.5485 277.298 222.157 55.141 16.0242 39.1168 215.33 15.7668 199.563 185.857 13.0099 6.67044 13.7061
internal_count=95892 10975 84917 62872 22045 1631 20414 62406 3417 58989 57599 1864 1167 1390
is_linear=0
shrinkage=0.12775


Tree=105
num_leaves=15
num_cat=0
split_feature=3 10 22 22 23 23 22 20 0 24 23 25 0 0
split_gain=0.169563 0.191 0.177224 0.269765 0.245225 0.139794 0.912048 0.456892 0.659337 0.466013 0.393296 0.31438 0.862569 0.313823
threshold=1.0000000180025095e-35 1.0000000180025095e-35 0.21825396825396828 0.11437908496732027 3.5000000000000004 3.5000000000000004 0.68301435406698574 1.0000000180025095e-35 0.99999698425292383 0.90692640692640702 4.5000000000000009 0.35714285714285715 6.1282915557041504e-05 0.052902145686547795
decision_type=2 2 2 2 2 2 2 2 2 2 2 2 2 2
left_child=5 -2 3 -3 -4 13 7 11 -9 10 -10 -7 -13 -1
right_child=1 2 4 -5 -6 6 -8 8 9 -11 -12 12 -14 -15
leaf_value=-0.0056885377376177755 -0.051259425011425122 0.015176528890040369 -0.02400473182199667 -0.055989735314460436 0.042548031150181562 -0.0014152835063476481 -0.064945742618650798 0.045756424301668451 0.020547095301097478 0.035307536594851793 -0.068166538564338519 0.03977419025863374 -0.052805874392483548 0.0086208050341087059
leaf_weight=38.001513508237622 0.89779181786388962 0.85839213858162133 0.34986723522888485 0.35491714781619521 1.0420489195594198 154.38591713090682 2.3499676434023504 5.9615128791116359 0.42728802994952308 0.51751051836799877 1.3883851823024995 1.1598836728142021 4.3630108148345244 67.807325620617121
leaf_count=4117 9257 627 102 126 863 35135 24105 1875 78 44 620 1947 9703 7293
internal_value=-0.000564622 -0.0241793 -0.000374465 -0.0243151 0.0222059 -0.000147214 -0.0024039 -0.00101123 0.0259741 -0.0227972 -0.0474315 -0.00262025 -0.029314 0.00347453
internal_weight=279.865 3.50302 2.60523 1.21331 1.39192 276.362 170.553 168.204 8.2947 2.33318 1.81567 159.909 5.52289 105.809
internal_count=95892 10975 1718 753 965 84917 73507 49402 2617 742 698 46785 11650 11410
is_linear=0
shrinkage=0.12775


Tree=106
num_leaves=15
num_cat=0
split_feature=3 5 0 0 24 0 0 23 24 1 0 0 0 0
split_gain=0.165083 0.172128 0.137648 0.772794 0.472704 0.465407 0.805121 0.569101 0.437032 0.417473 2.01687 0.791254 0.770467 2.81096
threshold=1.0000000180025095e-35 1.0000000180025095e-35 0.99999924549990926 0.99999905136682166 0.59545454545454557 0.99999987461990159 0.99999981968103435 2.5000000000000004 0.53589743589743599 7.5920624752267774 0.99999142433573962 0.99999698425292383 0.99890514129716002 0.30448946361487123
decision_type=2 2 2 2 2 2 2 2 2 2 2 2 2 2
left_child=2 -2 3 9 -5 6 7 -4 -9 12 -11 -12 13 -1
right_child=1 -3 5 4 -6 -7 -8 8 -10 10 11 -13 -14 -15
leaf_value=0.0016865571749973571 -0.049978202088228091 -0.0010223305854770248 0.027804214965432211 0.0074302781484172778 0.071689144858661152 0.0018702663804671695 -0.092715853880480051 -0.04939752783060955 -0.0018967050867893308 -0.099488807613871785 0.041562205577955216 -0.018032442254602103 0.02864648091005504 -0.096712056970653021
leaf_weight=181.18587888386901 0.8616612462403731 2.5886928790860111 3.3873608208959896 4.2188307548785806 2.5900966700719437 39.045613721056839 1.0075030588604938 4.6634878018376167 6.8767582506279723 2.5709131224134572 4.4239431503228834 8.4312087356447574 14.272532463307924 3.49104141393991
leaf_count=29458 10272 703 78 277 189 20414 233 463 857 1553 699 1165 1476 28055
internal_value=-0.000566954 -0.0239965 -0.000156936 0.00127193 0.039804 -0.00579608 -0.0232388 -0.0111334 -0.024304 -0.000197498 -0.0195401 0.00450841 0.00142596 -0.000873677
internal_weight=279.616 3.45035 276.165 221.184 6.80893 54.9807 15.9351 14.9276 11.5402 214.376 15.4261 12.8552 198.949 184.677
internal_count=95892 10975 84917 62872 466 22045 1631 1398 1320 62406 3417 1864 58989 57513
is_linear=0
shrinkage=0.12775


Tree=107
num_leaves=15
num_cat=0
split_feature=7 8 24 23 3 10 25 2 0 6 18 0 0 1
split_gain=0.166019 0.60643 0.248734 0.159988 0.158387 0.157307 0.625806 0.34686 0.411996 0.263661 0.172434 0.162172 0.153052 2.83083
threshold=0.96662958843159075 0.14835164835164841 0.62202380952380965 2.5000000000000004 1.0000000180025095e-35 1.0000000180025095e-35 0.35714285714285715 1.0000000180025095e-35 0.30448946361487123 1.0000000180025095e-35 1.0000000180025095e-35 6.1282915557041504e-05 0.22975817812639013 6.6323431762046399
decision_type=2 2 2 2 2 2 2 2 2 2 2 2 2 2
left_child=1 4 -2 -3 5 6 9 8 -7 -1 -9 -8 -11 -14
right_child=2 3 -4 -5 -6 7 11 10 -10 12 -12 -13 13 -15
leaf_value=-0.047512388734985297 0.043295316112351302 0.0067894810417288816 -0.017851412071581349 -0.068357602457632033 -0.024070966070501947 0.051286949683845305 0.0091924657412543308 0.031436747895713262 -0.031173464004298618 0.0025651699096115206 -0.0026551734615333001 -0.07136675068065311 -0.09436966236726764 0.0014043872809955088
leaf_weight=0.54096565574900424 1.7911436646363648 0.27996388925384863 0.72859185187280662 1.3392820595070132 3.1599297932168602 3.5961715000742092 0.14649855349102736 1.399589793223188 0.26392106138598581 152.91409696020764 17.927658805725969 1.1669153726294323 3.9607952092778751 89.672901502320201
leaf_count=2631 1068 219 275 3123 10448 2588 291 137 1743 18695 1733 12449 30605 9887
internal_value=-0.00064974 -0.00101383 0.0255543 -0.0582116 -0.000388881 6.37939e-06 -0.000952916 0.0097618 0.038948 -0.000284536 0.00173543 -0.0622754 8.17074e-05 -0.00395251
internal_weight=278.888 276.369 2.51974 1.61925 274.749 271.59 248.402 23.1873 3.86009 247.089 19.3272 1.31341 246.548 93.6337
internal_count=95892 94549 1343 3342 91207 80759 74558 6201 4331 61818 1870 12740 59187 40492
is_linear=0
shrinkage=0.12775


Tree=108
num_leaves=15
num_cat=0
split_feature=4 7 8 2 0 10 25 23 24 22 23 22 24 22
split_gain=0.161045 0.16727 0.366377 0.165786 0.306145 0.156846 0.688785 0.193197 0.340532 0.408797 0.355574 0.198468 0.169831 0.286602
threshold=1.0000000180025095e-35 0.96662958843159075 0.14835164835164841 1.0000000180025095e-35 6.1282915557041504e-05 1.0000000180025095e-35 0.35714285714285715 3.5000000000000004 0.54195804195804198 0.3257575757575758 4.5000000000000009 0.42481203007518803 0.9772727272727274 0.9772727272727274
decision_type=2 2 2 2 2 2 2 2 2 2 2 2 2 2
left_child=1 2 5 4 -2 6 -1 12 9 -9 -10 -11 -7 -14
right_child=3 -3 -4 -5 -6 7 -8 8 10 11 -12 -13 13 -15
leaf_value=-0.00049202371009488346 0.028509709153047222 0.026684119637846702 -0.04706882720367405 -0.05223533711092665 -0.039577870660602373 0.035272100840460924 -0.064268411573061471 -0.02813542941463841 -0.022291692238775761 0.044370351364486554 0.033136931484065636 -0.014449306592829197 0.022758591951928087 -0.03720055399785744
leaf_weight=246.97638155191441 1.2708625247169032 2.3131869376647947 1.3810498340234278 0.61897038601125576 0.44656393359593938 5.1423232373708769 1.4219139064124409 7.0818944737256988 1.5043352300490358 1.1996393667795926 5.6148702183418209 0.643396372834104 1.8414967493663428 0.81553621013881628
leaf_count=64498 5232 1188 2151 1523 13989 684 3484 1046 243 82 1160 252 330 30
internal_value=-0.000707023 -0.000349806 -0.000710469 -0.0271479 0.0010863 -0.000240229 -0.00120847 0.00936321 0.000835455 -0.0148441 0.0197137 0.0264346 0.0241542 -0.00205
internal_weight=278.272 275.936 273.623 2.3364 1.71743 272.242 248.398 23.8435 16.0441 8.92493 7.11921 1.84304 7.79936 2.65703
internal_count=95892 75148 73960 20744 19221 71809 67982 3827 2783 1380 1403 334 1044 360
is_linear=0
shrinkage=0.12775


Tree=109
num_leaves=15
num_cat=0
split_feature=4 2 0 7 8 23 0 0 0 23 0 1 0 24
split_gain=0.157818 0.146412 0.282049 0.14303 0.319821 0.133669 0.132929 0.552802 0.631756 0.62192 0.522635 0.57497 1.52638 1.40895
threshold=1.0000000180025095e-35 1.0000000180025095e-35 6.1282915557041504e-05 0.96662958843159075 0.14835164835164841 2.5000000000000004 0.99999933927151374 0.99999987461990159 0.99999981968103435 2.5000000000000004 0.99999892663579504 7.5920624752267774 0.99999142433573962 0.7947368421052633
decision_type=2 2 2 2 2 2 2 2 2 2 2 2 2 2
left_child=3 2 -2 4 6 -6 10 8 9 -8 11 -1 -13 -14
right_child=1 -3 -4 -5 5 -7 7 -9 -10 -11 -12 12 13 -15
leaf_value=0.0012747569254008234 0.026911982274393679 -0.050658557925106824 -0.038656403593557369 0.024768485464622427 0.0087244551879735004 -0.054436555276492112 0.028784641007311519 0.0018041984012946608 -0.08921409095881018 -0.030116709513359454 0.02490452438218016 -0.095361983880183021 -0.022416571676751523 0.080440421812580307
leaf_weight=196.27534521709714 1.2568145093100604 0.60065606288378592 0.43246493956485199 2.2820929148911082 0.27020873015135194 1.1186978232117324 2.9022490140050623 38.38907636320846 0.97033446568775694 8.6091582697372342 12.762216816874568 2.3674299867998334 8.4305724428013455 1.4192027647059156
leaf_count=51338 5232 1523 13989 1188 172 1979 59 15033 233 1089 910 1536 1494 117
internal_value=-0.000689156 -0.0270313 0.000318919 -0.000337585 -0.000669757 -0.0439204 -0.000229577 -0.00602782 -0.0279073 -0.0137813 0.00113251 -0.000476066 -0.0258904 0.000433329
internal_weight=278.087 2.28994 1.68928 275.797 273.514 1.38891 272.126 50.8708 12.4817 11.5114 221.255 208.493 12.2172 9.84978
internal_count=95892 20744 19221 75148 73960 2151 71809 16414 1381 1148 55395 54485 3147 1611
is_linear=0
shrinkage=0.12775


Tree=110
num_leaves=15
num_cat=0
split_feature=4 2 0 7 8 0 5 24 22 23 0 0 1 0
split_gain=0.154041 0.129146 0.260123 0.122834 0.28026 0.139502 0.346573 0.132488 0.124277 1.04598 0.371457 0.471423 0.498006 0.361079
threshold=1.0000000180025095e-35 1.0000000180025095e-35 6.1282915557041504e-05 0.96662958843159075 0.14835164835164841 0.00044663229079903625 1.0000000180025095e-35 0.62202380952380965 0.67424242424242431 2.5000000000000004 0.99999987461990159 0.99999916189823879 0.13862921793849051 6.1282915557041504e-05
decision_type=2 2 2 2 2 2 2 2 2 2 2 2 2 2
left_child=3 2 -2 4 8 6 -6 -5 -1 10 11 12 -10 -11
right_child=1 -3 -4 7 5 -7 -8 -9 9 13 -12 -13 -14 -15
leaf_value=0.0006329259054537467 0.025397860218325415 -0.049156063078251974 -0.037770081240704544 0.035754611261451949 0.035644751778340478 -0.059167686840545047 -0.045310573752894774 -0.011500681187863947 -0.0088395422488601761 -0.00038239868603889187 0.041448198799921364 -0.04766373052253494 0.035043520367699615 -0.071189283581692839
leaf_weight=246.0278191719683 1.2443376878964039 0.5830732661421506 0.4191708338016723 1.6077697354030527 0.64668550797341484 0.6125404371557579 0.13457060285873013 0.64610575606093323 11.635307941352961 1.5760221777641152 2.4314372454246032 1.7836408186703909 4.9245533610992416 3.428583637501788
leaf_count=48540 5232 1523 13989 950 601 1445 105 238 412 5043 397 35 640 16742
internal_value=-0.000721299 -0.0269038 -0.000401695 -0.000375348 -0.000682038 -0.0411331 0.00170751 0.0229828 -0.000268867 -0.00847188 0.00509916 -0.00227033 0.00589465 -0.0537749
internal_weight=277.702 2.24658 1.66351 275.455 273.201 1.3938 0.781256 2.25388 271.807 25.7795 20.7749 18.3435 16.5599 5.00461
internal_count=95892 20744 19221 75148 73960 2151 706 1188 71809 23269 1484 1087 1052 21785
is_linear=0
shrinkage=0.12775


Tree=111
num_leaves=15
num_cat=0
split_feature=4 23 24 24 2 0 0 0 22 0 24 1 22 0
split_gain=0.150551 0.122632 0.192819 0.159322 0.113749 0.240151 0.10455 1.00135 0.318539 0.550127 1.47444 0.453212 0.299025 0.26388
threshold=1.0000000180025095e-35 12.500000000000002 0.22474747474747478 0.60769230769230786 1.0000000180025095e-35 6.1282915557041504e-05 0.99999960961727907 0.99999987461990159 0.087121212121212141 0.99999994036517192 0.42481203007518803 9.7354534314171612 0.13961038961038963 0.99999869483917114
decision_type=2 2 2 2 2 2 2 2 2 2 2 2 2 2
left_child=1 6 -3 -4 5 -2 13 -8 -9 -10 11 -11 -12 -1
right_child=4 2 3 -5 -6 -7 7 8 9 10 12 -13 -14 -15
leaf_value=-0.00041956848056564939 0.02396393043756604 0.017368629248732673 -0.048533078843953463 -0.00049729694355872187 -0.047723392099232466 -0.036917202665059497 -0.058412116950957126 -0.0083841153426383024 0.048696059209972269 -0.0014186700272326687 0.018023238340089242 0.062389976436265572 -0.050197127277130445 0.013508698643529946
leaf_weight=205.19657380016668 1.2332539562662526 0.89939415386436294 1.642954530761074 1.8447644763863307 0.56619435717584554 0.40662099092855886 3.8161247543448544 22.216585359140481 3.9342224438369167 2.8161275816935358 0.52845736102790386 3.4560218413835173 5.3411390434089299 23.508828737372824
leaf_count=53303 5232 1199 1832 2016 1523 13989 673 1339 289 8637 86 407 3588 1779
internal_value=-0.000734378 -0.000393826 -0.0188381 -0.0304441 -0.0267665 -0.00107757 -1.49192e-06 -0.00574632 0.00134287 0.0143872 -0.000548326 0.038632 -0.0418022 0.00108422
internal_weight=277.407 275.201 4.38711 3.48772 2.20607 1.63987 270.814 42.1087 38.2926 16.076 12.1417 6.27215 5.8696 228.705
internal_count=95892 75148 5047 3848 20744 19221 70101 15019 14346 13007 12718 9044 3674 55082
is_linear=0
shrinkage=0.12775


Tree=112
num_leaves=15
num_cat=0
split_feature=4 7 8 10 25 1 6 22 23 18 24 22 1 19
split_gain=0.147772 0.105798 0.272616 0.12505 0.617834 0.195056 0.166056 0.128557 0.646747 0.445014 0.889722 0.317263 0.458806 0.39919
threshold=1.0000000180025095e-35 0.96662958843159075 0.14835164835164841 1.0000000180025095e-35 0.35714285714285715 0.12269509521456545 1.0000000180025095e-35 0.22474747474747478 8.5000000000000018 1.0000000180025095e-35 0.71008403361344552 0.162280701754386 0.12269509521456545 1.0000000180025095e-35
decision_type=2 2 2 2 2 2 2 2 2 2 2 2 2 2
left_child=1 2 3 4 6 -5 -1 11 9 10 -9 13 -13 -8
right_child=-2 -3 -4 5 -6 -7 7 8 -10 -11 -12 12 -14 -15
leaf_value=-0.039277421047415648 -0.026620495780853109 0.021411559071745356 -0.040803631810934146 0.0036306056896785476 -0.061441061312263921 0.036699698765724806 0.00088013921946747539 0.055316145260688114 -0.045757504184745182 -0.0042452470528112508 -0.02913279515582479 -0.0051347695544559776 0.031647725080654943 -0.039293680998509002
leaf_weight=0.40916716090214222 2.1681578534914356 2.224734086667012 1.3571608405600262 21.696125561087687 1.3654581660724705 2.0672780142340335 140.03398772771743 4.3896650903625405 4.3273604094063094 71.851605480977241 2.0876441018885998 9.0673194199735025 11.599854489868447 2.7819190407335546
leaf_count=335 20744 1188 2151 3442 3484 385 14190 1696 14599 28929 871 1107 2487 284
internal_value=-0.000690515 -0.000355127 -0.000638757 -0.000233897 -0.0010987 0.00835533 -0.000426008 -0.000143849 -0.00420981 -0.00116557 0.0277632 0.00192983 0.0161957 -0.000269211
internal_weight=277.427 275.259 273.035 271.677 247.914 23.7634 246.549 246.139 82.6563 78.3289 6.47731 163.483 20.6672 142.816
internal_count=95892 75148 73960 71809 67982 3827 64498 64163 46095 31496 2567 18068 3594 14474
is_linear=0
shrinkage=0.12775


Tree=113
num_leaves=15
num_cat=0
split_feature=25 7 23 22 21 24 23 24 1 1 24 22 1 0
split_gain=0.136848 0.259753 0.102134 0.562759 0.495895 0.398847 0.675531 0.585627 0.429181 1.19802 0.93258 0.699642 0.891494 0.783938
threshold=0.50000000000000011 0.85607142857142871 4.5000000000000009 0.57518796992481214 1.0000000180025095e-35 0.22902097902097904 5.5000000000000009 0.19523809523809527 6.8928581926288272e-05 0.025786254666642219 0.39230769230769241 0.050125313283208024 0.047413696407772814 0.14148734319702594
decision_type=2 2 2 2 2 2 2 2 2 2 2 2 2 2
left_child=2 -2 4 5 -1 6 -4 -8 10 -10 -7 -11 -13 -14
right_child=1 -3 3 -5 -6 8 7 -9 9 11 -12 12 13 -15
leaf_value=0.00094327680355453893 -0.058192400409580958 0.017315591031559531 0.044844735397063962 -0.051891486158934019 0.059190394489928896 -0.035556889843551633 -0.011253743959443813 0.0310323830367784 -0.076414025132789956 -0.020420711279505802 0.019009148050500999 0.064008785024119177 -0.0291180063343216 0.010133274473661285
leaf_weight=141.0447701554765 0.40078521422202484 0.44757166379531554 6.025594464867484 2.357197836413035 1.0542476460982459 5.1422499819005933 17.731891703290675 6.0483243889848373 2.8738040107941734 30.779342617663815 22.942287048376329 2.392061181843018 10.257130227391825 27.675263108178456
leaf_count=20520 5003 775 1351 29850 168 1675 7213 1655 362 3239 7794 169 722 15396
internal_value=-0.000696513 -0.0322773 -0.000440409 -0.00295232 0.00193786 -0.00155167 0.0111328 0.000608525 -0.00535461 -0.01041 0.00782627 -0.0063449 0.00471776 -0.00112703
internal_weight=277.173 0.848357 276.324 134.225 142.099 131.868 29.8058 23.7802 102.062 73.9776 28.0845 71.1038 40.3245 37.9324
internal_count=95892 5778 90114 69426 20688 39576 10219 8868 29357 19888 9469 19526 16287 16118
is_linear=0
shrinkage=0.12775


Tree=114
num_leaves=15
num_cat=0
split_feature=3 5 2 1 11 10 23 24 23 22 23 25 23 24
split_gain=0.134746 0.176217 0.141294 3.12426 0.414934 1.60924 0.417704 0.376261 0.332467 1.15826 0.606813 0.332373 0.599465 0.281315
threshold=1.0000000180025095e-35 1.0000000180025095e-35 1.0000000180025095e-35 6.8928581926288272e-05 1.0000000180025095e-35 1.0000000180025095e-35 1.5000000000000002 0.3257575757575758 3.5000000000000004 0.12916666666666668 2.5000000000000004 0.35714285714285715 3.5000000000000004 0.31009615384615391
decision_type=2 2 2 2 2 2 2 2 2 2 2 2 2 2
left_child=2 -2 3 -1 5 -4 -6 -8 10 -10 -9 -5 -13 -14
right_child=1 -3 4 11 6 -7 7 8 9 -11 -12 12 13 -15
leaf_value=0.10028564850434718 -0.048524312104179686 0.00056648975099557073 -0.088873471671147133 -6.8268896874777903e-08 0.035045226834075731 -0.0029667220968703075 -0.016498391332525196 0.019724425165863882 0.038309473190060728 -0.020539255282912571 -0.037303587170957934 0.021709898607306419 0.0027690955545855061 -0.064280548754632197
leaf_weight=3.7204069022245667 0.82060704267223572 2.5482011196654639 3.0082454588665568 190.0699112027454 4.0498742982745162 19.50324821470258 17.551991424887092 4.4374707266688365 12.284275202080609 7.964134606976585 5.2687251914758235 1.9627164695689305 1.1822462145632355 3.0854640431210782
leaf_count=6793 10272 703 5752 48353 46 2075 1284 78 409 1842 188 2003 5176 10918
internal_value=-0.000630426 -0.0219812 -0.000259723 0.00150801 -0.00497404 -0.0188966 0.00143763 -0.00233151 0.00632896 0.0153286 -0.0120184 -0.00104781 -0.0272381 -0.0495542
internal_weight=277.458 3.36881 274.089 200.021 74.068 22.5115 51.5565 47.5066 29.9546 20.2484 9.7062 196.3 6.23043 4.26771
internal_count=95892 10975 84917 73243 11674 7827 3847 3801 2517 2251 266 66450 18097 16094
is_linear=0
shrinkage=0.12775


Tree=115
num_leaves=15
num_cat=0
split_feature=4 7 8 24 0 0 24 0 0 22 24 0 24 24
split_gain=0.149824 0.10015 0.267953 0.111058 0.109796 0.504989 0.433608 0.33584 0.567391 0.631002 0.426617 0.353871 0.469929 0.753256
threshold=1.0000000180025095e-35 0.96662958843159075 0.14835164835164841 0.62202380952380965 0.99999924549990926 0.99999905136682166 0.59545454545454557 0.99999987461990159 0.99999972694331984 0.26969696969696971 0.53589743589743599 0.99999997002470964 0.37797619047619052 0.162280701754386
decision_type=2 2 2 2 2 2 2 2 2 2 2 2 2 2
left_child=1 2 4 -3 5 -1 -7 8 9 10 -6 -9 13 -13
right_child=-2 3 -4 -5 7 6 -8 11 -10 -11 -12 12 -14 -15
leaf_value=-4.2483739876500432e-05 -0.027154151206233101 0.032884486279126442 -0.040810167101654235 -0.010496134903787967 -0.01570265050516538 0.0027765106055783226 0.063172873474164781 0.02053420921974905 -0.064846885206827631 -0.042098466180663124 0.033508185102312217 -0.011043561942407807 -0.022881625720912003 0.043154311562757432
leaf_weight=210.27663860490043 2.0480699966154239 1.5536642903171007 1.2955574847011906 0.64750229681158078 4.1573108709417266 4.1243377258724641 2.5275329249197966 9.9263514421563723 2.3016961437456294 4.0111635677758377 4.9298244947567582 10.667054814759128 12.925174288769425 5.1163531068114017
leaf_count=54713 20744 950 2151 238 176 269 188 699 466 735 229 5974 4596 3764
internal_value=-0.000585737 -0.000253269 -0.00052955 0.0209937 -0.00013213 0.00115758 0.032609 -0.00521016 -0.020308 -0.00707022 0.0118887 0.00129839 -0.00598645 0.00857327
internal_weight=276.508 274.46 272.259 2.20117 270.963 216.929 6.65187 54.0349 15.4 13.0983 9.08714 38.6349 28.7086 15.7834
internal_count=95892 75148 73960 1188 71809 55170 457 16639 1606 1140 405 15033 14334 9738
is_linear=0
shrinkage=0.12775


Tree=116
num_leaves=15
num_cat=0
split_feature=25 7 2 0 3 1 23 0 1 11 10 23 24 23
split_gain=0.12989 0.234287 0.112543 1.28931 1.13063 0.507036 0.537502 0.474771 0.369491 0.345587 1.45907 0.34944 0.291432 0.264484
threshold=0.50000000000000011 0.85607142857142871 1.0000000180025095e-35 0.0017735901571924908 1.0000000180025095e-35 0.025786254666642219 3.5000000000000004 0.007305016822914511 6.8928581926288272e-05 1.0000000180025095e-35 1.0000000180025095e-35 1.5000000000000002 0.3257575757575758 3.5000000000000004
decision_type=2 2 2 2 2 2 2 2 2 2 2 2 2 2
left_child=2 -2 3 4 8 6 -5 -8 -1 10 -4 -11 -13 -14
right_child=1 -3 9 5 -6 -7 7 -9 -10 11 -12 12 13 -15
leaf_value=0.096992025184440514 -0.056058879564999123 0.016356126897118583 -0.086302287562524324 0.012333678155496006 -0.012832988561334467 0.00035987122039447003 0.0044783331345711382 -0.075779118106391485 0.016326004107550113 0.032427934353881797 -0.0025173385172248442 -0.014545016916436988 -0.01073400695053886 0.013693081841133412
leaf_weight=3.3086707992224529 0.38256919100484665 0.42876978188814974 2.7561812951391884 2.402397749170631 3.0132646972674593 186.96642338088202 1.4757525158182714 2.8638775616557268 1.9686785030517056 3.9369506239891043 19.498942186910426 17.54426079951736 9.7228008487727511 19.986327418140718
leaf_count=6349 5003 775 5752 105 9810 61157 180 388 451 46 2075 1284 266 2251
internal_value=-0.000536941 -0.0315647 -0.000289402 0.00127057 0.0468117 -0.000994387 -0.0322554 -0.0539708 0.0764852 -0.00452441 -0.0173067 0.00133968 -0.00209315 0.00557786
internal_weight=276.256 0.811339 275.445 201.999 8.29061 193.708 6.74203 4.33963 5.27735 73.4455 22.2551 51.1903 47.2534 29.7091
internal_count=95892 5778 90114 78440 16610 61830 673 568 6800 11674 7827 3847 3801 2517
is_linear=0
shrinkage=0.12775


Tree=117
num_leaves=15
num_cat=0
split_feature=4 23 22 24 25 0 22 0 1 23 0 0 1 21
split_gain=0.153789 0.102312 0.504279 0.462383 0.754382 0.976896 0.727066 0.637306 1.13927 0.826132 0.597064 0.583671 0.46483 0.445469
threshold=1.0000000180025095e-35 4.5000000000000009 0.43303571428571436 0.31009615384615391 0.2142857142857143 0.99912496131386719 0.07417582417582419 0.0017735901571924908 0.017329162999809786 5.5000000000000009 0.14148734319702594 0.99999924549990926 0.16699563402762346 1.0000000180025095e-35
decision_type=2 2 2 2 2 2 2 2 2 2 2 2 2 2
left_child=1 13 3 4 -3 -6 -7 -5 -9 10 -10 -8 -12 -1
right_child=-2 2 -4 7 5 6 11 8 9 -11 12 -13 -14 -15
leaf_value=0.0012686440430012972 -0.027750429883682121 -0.015298882791956552 -0.032152424386365314 0.011599317338877434 0.039667052903953032 -0.034423731972443264 -0.026769572976915047 -0.097053771054936483 -0.066792079050561101 -0.00035830544112892902 0.039487064353942503 0.049878359240891325 -0.023583463144341101 0.056784142831311162
leaf_weight=139.3287211873776 1.9679734173009809 11.747537349190678 7.4878253545674616 23.625439319184807 17.063541122630117 5.9468503093553391 1.4357458429403775 1.1401556457458344 4.5085044114966868 47.147682078089019 1.0453333485056635 3.2436230623150095 8.9376805827505432 1.028027970063248
leaf_count=17887 20744 1147 30470 6160 4597 612 393 78 203 9962 52 2321 1122 144
internal_value=-0.000508804 -0.000175344 -0.00269549 -0.000614569 0.0106272 0.0218296 -0.00807528 -0.00583158 -0.0124991 -0.00885394 -0.0340705 0.025623 -0.0130027 0.00222155
internal_weight=275.655 273.687 133.33 125.842 39.4373 27.6898 10.6262 86.4048 62.7794 61.6392 14.4915 4.67937 9.98301 140.357
internal_count=95892 75148 57117 26647 9070 7923 3326 17577 11417 11339 1377 2714 1174 18031
is_linear=0
shrinkage=0.12775


Tree=118
num_leaves=15
num_cat=0
split_feature=4 23 22 0 0 23 22 23 0 0 0 1 0 0
split_gain=0.131295 0.105807 0.211092 0.156204 0.098546 0.117116 0.0926642 0.939085 0.378588 0.272618 0.404738 0.374479 0.211792 0.292252
threshold=1.0000000180025095e-35 11.500000000000002 0.087121212121212141 0.99912496131386719 0.032934526251983065 12.500000000000002 0.69615384615384623 2.5000000000000004 6.1282915557041504e-05 0.99999987461990159 0.99999916189823879 0.13862921793849051 0.081925205841656079 0.052902145686547795
decision_type=2 2 2 2 2 2 2 2 2 2 2 2 2 2
left_child=1 6 3 4 5 -3 -1 9 -9 10 11 12 13 -8
right_child=-2 2 -4 -5 -6 -7 7 8 -10 -11 -12 -13 -14 -15
leaf_value=0.0010473519385557481 -0.025720110629683851 0.020405575399993929 -0.031732269771563106 -0.021583690462559597 0.031900122555754244 -0.022261326828076272 -0.0099763065721066389 0.0026000118467644352 -0.069044508817438524 0.03642987214200942 -0.043617513249395237 0.031346430330761461 -0.028933948900368087 0.034282121880832128
leaf_weight=239.84393801971942 1.9609730041937599 0.55797318514669247 3.5909523335906215 1.1115177276408301 1.684149010738565 0.97614909115691262 6.3028437470202459 1.4967943965161783 3.2483566826887795 2.5112418196003992 1.6946512591093768 5.0919249505786857 3.1355966483242801 2.222228632774204
leaf_count=45789 20744 151 6991 200 357 341 365 4425 15346 411 36 672 39 25
internal_value=-0.000522746 -0.000214446 -0.0136129 0.00543714 0.0184339 -0.00443451 0.000253187 -0.00683453 -0.0509342 0.00566824 -0.000753398 0.00655886 -0.00642761 0.00471629
internal_weight=275.429 273.468 7.92074 4.32979 3.21827 1.53412 265.548 25.7036 4.74515 20.9585 18.4472 16.7526 11.6607 8.52507
internal_count=95892 75148 8040 1049 849 492 67108 21319 19771 1548 1137 1101 429 390
is_linear=0
shrinkage=0.12775


Tree=119
num_leaves=15
num_cat=0
split_feature=25 7 2 0 3 0 1 1 24 22 0 24 24 0
split_gain=0.118528 0.226141 0.0957772 1.12567 1.2054 0.298418 1.28211 0.751277 0.436502 0.363158 0.291626 0.912577 0.868214 0.351135
threshold=0.50000000000000011 0.85607142857142871 1.0000000180025095e-35 0.00044663229079903625 1.0000000180025095e-35 0.052902145686547795 0.047413696407772814 0.034009744775756856 0.07417582417582419 0.24404761904761907 0.081925205841656079 0.29705882352941182 0.78174603174603186 0.070692227914873035
decision_type=2 2 2 2 2 2 2 2 2 2 2 2 2 2
left_child=2 -2 3 4 -1 6 7 8 9 -5 11 -7 13 -13
right_child=1 -3 -4 5 -6 10 -8 -9 -10 -11 -12 12 -14 -15
leaf_value=0.084917790229928472 -0.054593865646298333 0.016385601508562254 -0.0042046464052335128 0.040710179712841937 -0.012040737643831598 0.053140513286973987 -0.083312264494847729 0.032104328537007433 -0.034624207885547049 -0.023241923206275231 -0.00069355922085180554 -0.057869490687173383 0.033437321716486994 0.0034990714973463935
leaf_weight=3.8348633900186533 0.36955367563388009 0.42649469471052726 73.02639877659027 1.9355524693855897 2.9928790606475104 5.3595432456331755 2.3393318461994559 5.9374798505325534 7.6348467886251683 1.394980753771051 161.17559671939148 3.1299713813082217 3.5313064816036785 2.0734766902519368
leaf_count=6570 5003 775 11674 189 9810 366 187 453 878 62 59205 287 239 194
internal_value=-0.00052225 -0.0302666 -0.000285635 0.00115466 0.0475177 -0.00079451 -0.015335 -0.000373592 -0.0195755 0.0149588 0.000908646 0.0176655 -0.00836413 -0.037791
internal_weight=275.162 0.796048 274.366 201.34 6.82774 194.512 19.2422 16.9029 10.9654 3.33053 175.27 14.0943 8.73475 5.20345
internal_count=95892 5778 90114 78440 16380 62060 1769 1582 1129 251 60291 1086 720 481
is_linear=0
shrinkage=0.12775


end of trees

feature_importances:
Column_0=418
Column_1=192
Column_22=161
Column_23=148
Column_24=101
Column_3=100
Column_4=97
Column_10=91
Column_2=90
Column_25=66
Column_5=64
Column_7=46
Column_11=37
Column_8=35
Column_6=11
Column_17=6
Column_21=6
Column_20=5
Column_18=4
Column_19=2

parameters:
[boosting: gbdt]
[objective: binary]
[metric: binary_logloss]
[tree_learner: serial]
[device_type: cpu]
[data_sample_strategy: bagging]
[data: ]
[valid: ]
[num_iterations: 120]
[learning_rate: 0.12775]
[num_leaves: 15]
[num_threads: 2]
[seed: 20260926]
[deterministic: 1]
[force_col_wise: 1]
[force_row_wise: 0]
[histogram_pool_size: -1]
[max_depth: -1]
[min_data_in_leaf: 99]
[min_sum_hessian_in_leaf: 0.001]
[bagging_fraction: 1]
[pos_bagging_fraction: 1]
[neg_bagging_fraction: 1]
[bagging_freq: 0]
[bagging_seed: 19559]
[bagging_by_query: 0]
[feature_fraction: 1]
[feature_fraction_bynode: 1]
[feature_fraction_seed: 9132]
[extra_trees: 0]
[extra_seed: 31285]
[early_stopping_round: 0]
[early_stopping_min_delta: 0]
[first_metric_only: 0]
[max_delta_step: 0]
[lambda_l1: 0]
[lambda_l2: 1.37334]
[linear_lambda: 0]
[min_gain_to_split: 0]
[drop_rate: 0.1]
[max_drop: 50]
[skip_drop: 0.5]
[xgboost_dart_mode: 0]
[uniform_drop: 0]
[drop_seed: 31669]
[top_rate: 0.2]
[other_rate: 0.1]
[min_data_per_group: 100]
[max_cat_threshold: 32]
[cat_l2: 10]
[cat_smooth: 10]
[max_cat_to_onehot: 4]
[top_k: 20]
[monotone_constraints: ]
[monotone_constraints_method: basic]
[monotone_penalty: 0]
[feature_contri: ]
[forcedsplits_filename: ]
[refit_decay_rate: 0.9]
[cegb_tradeoff: 1]
[cegb_penalty_split: 0]
[cegb_penalty_feature_lazy: ]
[cegb_penalty_feature_coupled: ]
[path_smooth: 0]
[interaction_constraints: ]
[verbosity: -1]
[saved_feature_importance_type: 0]
[use_quantized_grad: 0]
[num_grad_quant_bins: 4]
[quant_train_renew_leaf: 0]
[stochastic_rounding: 1]
[linear_tree: 0]
[max_bin: 255]
[max_bin_by_feature: ]
[min_data_in_bin: 3]
[bin_construct_sample_cnt: 200000]
[data_random_seed: 5105]
[is_enable_sparse: 1]
[enable_bundle: 1]
[use_missing: 1]
[zero_as_missing: 0]
[feature_pre_filter: 1]
[pre_partition: 0]
[two_round: 0]
[header: 0]
[label_column: ]
[weight_column: ]
[group_column: ]
[ignore_column: ]
[categorical_feature: ]
[forcedbins_filename: ]
[precise_float_parser: 0]
[parser_config_file: ]
[objective_seed: 2641]
[num_class: 1]
[is_unbalance: 0]
[scale_pos_weight: 1]
[sigmoid: 1]
[boost_from_average: 1]
[reg_sqrt: 0]
[alpha: 0.9]
[fair_c: 1]
[poisson_max_delta_step: 0.7]
[tweedie_variance_power: 1.5]
[lambdarank_truncation_level: 30]
[lambdarank_norm: 1]
[label_gain: ]
[lambdarank_position_bias_regularization: 0]
[eval_at: ]
[multi_error_top_k: 1]
[auc_mu_weights: ]
[num_machines: 1]
[local_listen_port: 12400]
[time_out: 120]
[machine_list_filename: ]
[machines: ]
[gpu_platform_id: -1]
[gpu_device_id: -1]
[gpu_device_id_list: ]
[gpu_use_dp: 0]
[num_gpu: 1]

end of parameters

pandas_categorical:null
