tree
version=v4
num_class=1
num_tree_per_iteration=1
label_index=0
max_feature_idx=25
objective=binary sigmoid:1
feature_names=Column_0 Column_1 Column_2 Column_3 Column_4 Column_5 Column_6 Column_7 Column_8 Column_9 Column_10 Column_11 Column_12 Column_13 Column_14 Column_15 Column_16 Column_17 Column_18 Column_19 Column_20 Column_21 Column_22 Column_23 Column_24 Column_25
feature_infos=[0:10] [0:7.3944615745535529] [0:1] [0:1] [0:120] [0:1] [0:1] [0:1] [0:1] [0:1] [0:1] [0:1] none none none none [0:1] [0:1] [0:1] [0:1] [0:1] [0:1] [0:1] [1:23] [0:1] [0.14285714285714285:0.5714285714285714]
tree_sizes=1730 1752 1747 1756 1753 1752 1752 1755 1761 1757 1761 1756 1764 1774 1779 1774 1781 1785 1772 1782 1777 1774 1779 1772 1778 1768 1774 1767 1765 1771 1767 1767 1772 1767 1779 1773 1766 1771 1775 1769 1783 1769 1779 1779 1779 1779 1779 1779 1780 1779 1776 1784 1783 1786 1782 1784 1779 1784 1784 1779 1782 1768 1781 1785 1790 1788 1781 1787 1780 1794 1782 1792 1789 1788 1793 1784 1800 1802 1799 1803 1790 1799 1804 1792 1798 1797 1798 1802 1808 1797 1793 1793 1809 1810 1801 1798 1803 1785 1791 1802 1804 1803 1801 1791 1793 1809 1804 1801 1810 1785 1810 1809 1817 1793 1815 1809 1802 1811 1811 1812

Tree=0
num_leaves=15
num_cat=0
split_feature=22 0 5 4 10 11 0 5 4 10 22 0 25 10
split_gain=3508.94 875.284 401.881 222.23 107.208 182.045 79.2107 9.76805 8.32194 16.0658 13.0875 14.3789 9.08468 4.86972
threshold=1.0000000180025095e-35 0.3013976416472342 1.0000000180025095e-35 6.5000000000000009 1.0000000180025095e-35 1.0000000180025095e-35 0.3013976416472342 1.0000000180025095e-35 6.5000000000000009 1.0000000180025095e-35 0.26969696969696971 1.0000000180025095e-35 0.35714285714285715 1.0000000180025095e-35
decision_type=2 2 2 2 2 2 2 2 2 2 2 2 2 2
left_child=1 3 8 4 5 -1 13 -7 9 -2 11 12 -11 -4
right_child=2 -3 6 -5 -6 7 -8 -9 -10 10 -12 -13 -14 -15
leaf_value=-1.2326683883647256 -1.2257559911416132 -1.2337616506126148 -0.96211975123704674 -1.2324950015376113 -0.83237079043920792 -0.91123015837644983 -1.2302368143278306 -0.83175602558338957 -1.2340779875807275 -1.0997360969056671 -1.1982982316435229 -1.2295520363037866 -0.91686109870164523 -0.84141685525976984
leaf_weight=10.406103463843463 192.75263926386833 43.885719138197601 3.0290785115212264 9.2700029173865897 200.62111138738692 36.636546346358955 3.7712201448157421 13.991689060814677 533.45064701884985 4.8575474265962821 29.454938562586904 3.1812376212328672 2.1500814994797111 17.169386366382241
leaf_count=251 6394 1024 91 209 3550 713 126 253 17604 190 817 132 81 529
internal_value=-1.13468 -0.922334 -1.21934 -0.87186 -0.859034 -0.947212 -0.916873 -0.888422 -1.22885 -1.21678 -1.17296 -1.09983 -1.04018 -0.858087
internal_weight=1104.63 314.811 789.817 270.925 261.655 61.0343 23.9697 50.6282 765.847 232.396 39.6438 10.1889 7.00763 20.1985
internal_count=31964 6000 25964 4976 4767 1217 746 966 25218 7614 1220 403 271 620
is_linear=0
shrinkage=1


Tree=1
num_leaves=15
num_cat=0
split_feature=22 0 5 4 10 11 0 4 10 22 0 25 5 16
split_gain=2818.91 627.069 338.464 154.898 63.5051 133.078 56.5057 8.28583 15.3948 11.6004 12.2241 6.66589 5.7603 51.3421
threshold=1.0000000180025095e-35 0.3013976416472342 1.0000000180025095e-35 6.5000000000000009 1.0000000180025095e-35 1.0000000180025095e-35 0.3013976416472342 6.5000000000000009 1.0000000180025095e-35 0.26969696969696971 1.0000000180025095e-35 0.35714285714285715 1.0000000180025095e-35 1.0000000180025095e-35
decision_type=2 2 2 2 2 2 2 2 2 2 2 2 2 2
left_child=1 3 7 4 5 -1 -4 8 -2 10 11 -10 13 -7
right_child=2 -3 6 -5 -6 12 -8 -9 9 -11 -12 -13 -14 -15
leaf_value=-0.095692573547680224 -0.088562775588628545 -0.096792920222860873 0.22455218841082678 -0.095518256187409334 0.24218790360662359 -0.10066321563675928 -0.09325268139496147 -0.09711170675813742 0.031817537595780702 -0.060928869986826908 -0.092567351574174103 0.18316468462190258 0.24314727570019737 0.20990018072125463
leaf_weight=9.8783471500501019 183.67060779919848 41.635022459551692 22.921390063129369 8.8007018063217384 230.19924958981574 3.1868255063891402 3.5847334461286655 506.00452945381403 4.9443523958325368 28.487373983487487 3.0250596711412072 2.382801572792232 16.058407926000655 37.513071052730083
leaf_count=251 6394 1024 620 209 3550 61 126 17604 190 817 132 81 253 652
internal_value=-0.000520018 0.176845 -0.0821182 0.21415 0.223376 0.157984 0.181284 -0.0917377 -0.0794586 -0.036227 0.0316456 0.0837706 0.202273 0.185297
internal_weight=1102.29 347.272 755.021 305.637 296.836 66.6367 26.5061 728.515 222.51 38.8396 10.3522 7.32715 56.7583 40.6999
internal_count=31964 6000 25964 4976 4767 1217 746 25218 7614 1220 403 271 966 713
is_linear=0
shrinkage=0.0752388


Tree=2
num_leaves=15
num_cat=0
split_feature=22 0 5 4 10 11 0 4 10 22 0 25 4 0
split_gain=2345.96 482.23 292.171 117.026 43.9014 102.988 43.1637 8.29813 14.7612 10.2917 10.5024 5.13417 4.39879 14.394
threshold=0.055727554179566569 0.3013976416472342 1.0000000180025095e-35 6.5000000000000009 1.0000000180025095e-35 1.0000000180025095e-35 0.3013976416472342 6.5000000000000009 1.0000000180025095e-35 0.26969696969696971 1.0000000180025095e-35 0.35714285714285715 1.5000000000000002 0.049863967089973843
decision_type=2 2 2 2 2 2 2 2 2 2 2 2 2 2
left_child=1 3 7 4 5 -1 -4 8 -2 10 11 -10 -11 -14
right_child=2 -3 6 -5 -6 -7 -8 -9 9 12 -12 -13 13 -15
leaf_value=-0.093642299760050104 -0.086245952708336404 -0.094759759441810698 0.19120997538695481 -0.093465537617748798 0.20548555356392842 0.17311382853541177 -0.091173967701096745 -0.095083747974516214 0.029030401200711195 -0.073887613990639367 -0.090482827708236069 0.15866790947257242 0.1426890663296381 -0.092669353258817019
leaf_weight=9.3584411833435279 174.75415422767401 39.431867043953389 24.819743868894879 8.3384054675698263 250.02888112515211 61.13887726329267 3.4011442009359589 478.94794008880854 5.0227492265403253 21.684958864003423 2.8713356163352728 2.5594671228900552 2.2652907371520987 3.6030495371669531
leaf_count=251 6393 1026 619 209 3551 966 126 17603 190 676 132 81 45 96
internal_value=-0.000840243 0.153573 -0.0798496 0.183379 0.190622 0.137576 0.15687 -0.08954 -0.0770012 -0.034319 0.0289411 0.0750597 -0.0583467 -0.000501812
internal_weight=1088.23 368.296 719.93 328.865 320.526 70.4973 28.2209 691.709 212.761 38.0069 10.4536 7.58222 27.5533 5.86834
internal_count=31964 6003 25961 4977 4768 1217 745 25216 7613 1220 403 271 817 141
is_linear=0
shrinkage=0.0752388


Tree=3
num_leaves=15
num_cat=0
split_feature=22 0 5 4 0 10 4 16 5 4 10 22 0 25
split_gain=1995.37 386.731 256.333 92.7285 34.4245 33.5317 31.0275 10.7026 78.5443 8.34146 14.1321 9.14998 9.09712 4.09478
threshold=0.055727554179566569 0.3013976416472342 1.0000000180025095e-35 6.5000000000000009 0.3013976416472342 1.0000000180025095e-35 1.0000000180025095e-35 1.0000000180025095e-35 1.0000000180025095e-35 6.5000000000000009 1.0000000180025095e-35 0.26969696969696971 1.0000000180025095e-35 0.35714285714285715
decision_type=2 2 2 2 2 2 2 2 2 2 2 2 2 2
left_child=1 3 9 5 -4 6 7 8 -1 10 -2 12 13 -12
right_child=2 -3 4 -5 -6 -7 -8 -9 -10 -11 11 -13 -14 -15
leaf_value=-0.096919927057755845 -0.084096556902981803 -0.092947776860868164 0.16792491924625882 -0.091623976598954548 -0.089289953879912107 0.18054760420116781 -0.090457082547863318 0.15702126277382888 0.18068435505115565 -0.093279829973642356 0.026532179660544754 -0.055936671255923692 -0.088588414393680884 0.14030008432554122
leaf_weight=8.2350154751911777 166.07523634377867 37.262202034704387 26.098745275288824 7.8864477174356571 3.221730242483317 262.60426783468574 3.5852525169029823 42.79878815729171 18.515818223357201 452.49610435217619 5.093650436960159 26.650837618857622 2.7211235286667943 2.6909982664510608
leaf_count=202 6393 1026 619 209 126 3551 104 652 259 17603 190 817 132 81
internal_value=-0.00104933 0.136973 -0.0778034 0.161935 0.139346 0.167931 0.122345 0.133489 0.0951612 -0.0875432 -0.0747103 -0.0325849 0.0266062 0.0678022
internal_weight=1065.94 380.888 685.048 343.626 29.3205 335.739 73.1349 69.5496 26.7508 655.728 203.232 37.1566 10.5058 7.78465
internal_count=31964 6003 25961 4977 745 4768 1217 1113 461 25216 7613 1220 403 271
is_linear=0
shrinkage=0.0752388


Tree=4
num_leaves=15
num_cat=0
split_feature=22 0 5 4 0 10 4 4 10 22 0 16 5 4
split_gain=1722.9 319.206 227.192 75.8746 28.2545 27.0203 25.7514 8.43033 13.5651 8.12039 7.9315 7.87732 65.3827 4.19214
threshold=0.055727554179566569 0.3013976416472342 1.0000000180025095e-35 6.5000000000000009 0.3013976416472342 1.0000000180025095e-35 1.0000000180025095e-35 6.5000000000000009 1.0000000180025095e-35 0.26969696969696971 1.0000000180025095e-35 1.0000000180025095e-35 1.0000000180025095e-35 1.5000000000000002
decision_type=2 2 2 2 2 2 2 2 2 2 2 2 2 2
left_child=1 3 7 5 -4 6 11 8 -2 10 -10 12 -1 -11
right_child=2 -3 4 -5 -6 -7 -8 -9 9 13 -12 -13 -14 -15
leaf_value=-0.094757433595677953 -0.082086465449874899 -0.091326333097619589 0.15062632068014592 -0.089963533354370143 -0.087572227674922537 0.1624344163142625 -0.088683432783656493 -0.091668940728047474 0.06163294273506776 -0.069545460482263788 -0.086856233415194189 0.14010064215507179 0.16201023407243539 0.0035068708282092985
leaf_weight=7.8090754272416261 157.66897020116448 35.154036228079349 26.888927992433313 7.4473652653396121 3.0474634999409309 269.62151922471821 3.3922826144844285 426.79304198361933 7.9437896171584708 20.113117335364226 2.5752283446490765 44.310260092839599 19.088013011030853 5.6786652840673915
leaf_count=202 6393 1026 619 209 126 3551 104 17603 271 676 132 652 259 141
internal_value=-0.0011916 0.12453 -0.0759403 0.146138 0.126057 0.151284 0.110735 -0.0857101 -0.0725376 -0.0309042 0.0245576 0.120404 0.0873484 -0.0535353
internal_weight=1037.53 386.823 650.709 351.669 29.9364 344.221 74.5996 620.773 193.98 36.3108 10.519 71.2073 26.8971 25.7918
internal_count=31964 6003 25961 4977 745 4768 1217 25216 7613 1220 403 1113 461 817
is_linear=0
shrinkage=0.0752388


Tree=5
num_leaves=15
num_cat=0
split_feature=22 0 5 4 0 10 4 4 10 4 5 16 22 0
split_gain=1503.77 268.852 202.788 63.49 23.6673 22.686 21.7457 8.56041 13.0356 7.51911 6.4775 54.8755 5.58374 5.56085
threshold=0.055727554179566569 0.3013976416472342 1.0000000180025095e-35 6.5000000000000009 0.3013976416472342 1.0000000180025095e-35 1.0000000180025095e-35 6.5000000000000009 1.0000000180025095e-35 5.5000000000000009 1.0000000180025095e-35 1.0000000180025095e-35 0.35504201680672276 1.0000000180025095e-35
decision_type=2 2 2 2 2 2 2 2 2 2 2 2 2 2
left_child=1 3 7 5 -4 6 10 8 -2 12 11 -1 13 -10
right_child=2 -3 4 -5 -6 -7 -8 -9 9 -11 -12 -13 -14 -15
leaf_value=-0.092813507396038358 -0.080192365640427907 -0.08986989146713871 0.13719711432478834 -0.088459220269667724 -0.08599702071278216 0.14865732291613465 -0.087061419487969291 -0.090225429200371396 0.028884192497466914 0.075445418705392217 0.14778459065967287 0.12680402793053985 -0.064852748692371176 -0.087015642689049683
leaf_weight=7.3920053960755459 149.56643041782081 33.116557930596173 27.295860874466602 7.0230366028845301 2.8790640700608483 272.3220848729834 3.2055178191512814 401.95123419724405 9.1639573201537114 3.3635754147544494 19.353099324740469 45.247398673556745 20.018561387434602 2.9783206777647129
leaf_count=202 6393 1026 619 209 126 3551 104 17603 318 98 259 652 664 140
internal_value=-0.00129325 0.114818 -0.0742301 0.133967 0.115576 0.138499 0.101485 -0.0840139 -0.0704616 -0.0293246 0.110046 0.0957845 -0.0405869 -0.00027201
internal_weight=1004.88 387.66 617.217 354.543 30.1749 347.52 75.198 587.042 185.091 35.5244 71.9925 52.6394 32.1608 12.1423
internal_count=31964 6003 25961 4977 745 4768 1217 25216 7613 1220 1113 854 1122 458
is_linear=0
shrinkage=0.0752388


Tree=6
num_leaves=15
num_cat=0
split_feature=22 0 5 4 0 10 4 4 10 7 5 16 22 0
split_gain=1323.12 229.848 181.925 54.0082 20.1256 19.6426 18.6012 8.73243 12.5572 7.27503 5.5698 46.5798 5.33513 4.75259
threshold=0.055727554179566569 0.3013976416472342 1.0000000180025095e-35 6.5000000000000009 0.3013976416472342 1.0000000180025095e-35 1.0000000180025095e-35 6.5000000000000009 1.0000000180025095e-35 0.50675675675675691 1.0000000180025095e-35 1.0000000180025095e-35 0.22474747474747478 1.0000000180025095e-35
decision_type=2 2 2 2 2 2 2 2 2 2 2 2 2 2
left_child=1 3 7 5 -4 6 10 8 -2 12 11 -1 13 -10
right_child=2 -3 4 -5 -6 -7 -8 -9 9 -11 -12 -13 -14 -15
leaf_value=-0.091057499904567824 -0.078394449342095843 -0.08855708655905338 0.12641632274754311 -0.087090037497450506 -0.084544279583707541 0.13781533726289288 -0.085569846494398888 -0.088927857932673798 0.060350758966694007 0.14619001587315472 0.13655791456595046 0.11600611505206977 -0.049406339690236133 -0.082005182689403169
leaf_weight=6.9861986488103858 141.78911930695176 31.156319906935096 27.401760046370331 6.6148003642447284 2.7170439362525931 271.66313690971583 3.0255837962031356 378.05096986424178 5.1204669363796702 1.1624255347996939 19.378446857444942 45.729738106019795 26.874091600999236 1.6297601386904714
leaf_count=202 6393 1026 619 209 126 3551 104 17603 191 29 259 652 897 103
internal_value=-0.00136615 0.107006 -0.072646 0.124279 0.107055 0.128347 0.0938954 -0.0824314 -0.0684576 -0.02779 0.101592 0.0883812 -0.0344384 0.0249268
internal_weight=969.3 384.554 584.746 353.398 30.1188 346.783 75.12 554.627 176.576 34.7867 72.0944 52.7159 33.6243 6.75023
internal_count=31964 6003 25961 4977 745 4768 1217 25216 7613 1220 1113 854 1191 294
is_linear=0
shrinkage=0.0752388


Tree=7
num_leaves=15
num_cat=0
split_feature=22 0 5 4 5 0 10 16 4 10 8 22 0 10
split_gain=1171.42 198.756 163.83 46.5207 17.7037 17.3114 9.76688 52.0662 8.93229 12.1105 6.45574 4.79477 4.78887 3.42312
threshold=0.055727554179566569 0.3013976416472342 1.0000000180025095e-35 6.5000000000000009 1.0000000180025095e-35 0.3013976416472342 1.0000000180025095e-35 1.0000000180025095e-35 6.5000000000000009 1.0000000180025095e-35 0.48380355276907006 0.26969696969696971 1.0000000180025095e-35 1.0000000180025095e-35
decision_type=2 2 2 2 2 2 2 2 2 2 2 2 2 2
left_child=1 3 8 4 6 13 7 -1 9 -2 11 12 -11 -4
right_child=2 -3 5 -5 -6 -7 -8 -9 -10 10 -12 -13 -14 -15
leaf_value=-0.08927192399384247 -0.076675816673714051 -0.087369928677170861 0.051630852840275639 -0.085838203746035277 0.13324149226145637 -0.083196919076869283 0.11595043003901744 0.10585715968988237 -0.087758203845083593 0.039480271592146808 0.13617345904133135 -0.051406651549013409 -0.083011781192758829 0.12881174642928964
leaf_weight=9.1742365388199669 134.35072507429868 29.277715714648366 4.111938124522573 6.2235536528751245 216.26568538881838 2.5617455327883354 71.352409664541483 46.124743270687759 355.14610327361152 7.6200624424964172 1.1837406139820803 23.047213144600391 2.2033288246020675 23.160091567784548
leaf_count=295 6393 1026 91 209 2842 126 968 663 17603 255 27 807 131 528
internal_value=-0.00141757 0.100574 -0.0711706 0.116366 0.120072 0.0999556 0.0974512 0.0733281 -0.0809482 -0.0665203 -0.0262913 -0.0327447 0.0111559 0.117527
internal_weight=931.803 378.418 553.385 349.141 342.917 29.8338 126.651 55.299 523.551 168.405 34.0543 32.8706 9.82339 27.272
internal_count=31964 6003 25961 4977 4768 745 1926 958 25216 7613 1220 1193 386 619
is_linear=0
shrinkage=0.0752388


Tree=8
num_leaves=15
num_cat=0
split_feature=22 0 5 4 5 0 4 10 10 16 7 22 0 16
split_gain=1042.23 173.397 148.041 40.4609 15.9954 15.0414 9.13801 11.6474 8.72804 45.0617 6.3107 4.32247 5.98251 4.30836
threshold=0.055727554179566569 0.3013976416472342 1.0000000180025095e-35 6.5000000000000009 1.0000000180025095e-35 0.3013976416472342 6.5000000000000009 1.0000000180025095e-35 1.0000000180025095e-35 1.0000000180025095e-35 0.54218750000000016 0.35504201680672276 1.0000000180025095e-35 1.0000000180025095e-35
decision_type=2 2 2 2 2 2 2 2 2 2 2 2 2 2
left_child=1 3 6 4 8 -4 7 13 9 -1 11 12 -9 -2
right_child=2 -3 5 -5 -6 -7 -8 10 -10 -11 -12 -13 -14 -15
leaf_value=-0.087906754994782024 -0.087462513832543984 -0.086293115171512697 0.11014729804298083 -0.084688523616181746 0.12583740626398568 -0.081940298367966638 -0.086701189941519666 0.030521160474556337 0.10919672681204005 0.098214909632544353 0.13894764713972077 -0.054215217625255961 -0.084983700068284387 -0.059136881113291677
leaf_weight=8.6386511237360519 70.980829692445695 27.48339408962056 26.939725945703689 5.8498342451639465 211.93139269202948 2.4133725306019178 333.26906557474285 10.015656387433408 70.120676626451313 45.989035396836698 1.1322138123214234 18.934327930212021 3.2303110593929878 56.277783736120909
leaf_count=295 3553 1026 619 209 2842 126 17603 340 968 663 25 686 169 2840
internal_value=-0.00145369 0.095167 -0.0697937 0.109759 0.113174 0.0940118 -0.0795561 -0.0646579 0.0915333 0.0686192 -0.0249041 -0.031298 0.00170529 -0.0750219
internal_weight=893.206 370.013 523.193 342.53 336.68 29.3531 493.84 160.571 124.748 54.6277 33.3125 32.1803 13.246 127.259
internal_count=31964 6003 25961 4977 4768 745 25216 7613 1926 958 1220 1195 509 6393
is_linear=0
shrinkage=0.0752388


Tree=9
num_leaves=15
num_cat=0
split_feature=22 0 5 4 5 0 4 10 10 16 4 16 22 22
split_gain=931 153.787 132.907 35.6751 14.9137 13.0739 9.17663 11.0783 7.92863 39.6619 5.89206 4.256 6.98627 3.91031
threshold=0.080128205128205135 0.3013976416472342 1.0000000180025095e-35 6.5000000000000009 1.0000000180025095e-35 0.3013976416472342 6.5000000000000009 1.0000000180025095e-35 1.0000000180025095e-35 1.0000000180025095e-35 5.5000000000000009 1.0000000180025095e-35 0.25657894736842107 0.35504201680672276
decision_type=2 2 2 2 2 2 2 2 2 2 2 2 2 2
left_child=1 3 6 4 8 -4 7 11 9 -1 13 -2 -13 -9
right_child=2 -3 5 -5 -6 -7 -8 10 -10 -11 -12 12 -14 -15
leaf_value=-0.086658828028285395 -0.086412567278236527 -0.085322454051785956 0.10353761182653368 -0.08364168642973957 0.1196862455206697 -0.080743980630627016 -0.085743745999959223 -0.0010439889174435001 0.10327848094850937 0.091646063128743849 0.068814947317604722 0.0075871937563258855 -0.068735486681808788 -0.057237823214841561
leaf_weight=8.2216587509028596 66.426351933274418 26.053122794255614 26.291763467714194 5.5301745664328328 206.48616195470095 2.264093564823269 312.26453812327236 11.680539678316565 68.70859510730952 45.731483233161271 3.3342760312370947 7.930064022075384 45.886989309918135 17.400217426009476
leaf_count=308 3529 1064 607 214 2854 125 17579 444 977 675 97 508 2319 664
internal_value=-0.00148265 0.0903666 -0.0686313 0.104076 0.107267 0.0885748 -0.0783129 -0.0630425 0.0862381 0.0643071 -0.0238607 -0.0735614 -0.0574995 -0.0347904
internal_weight=854.21 360.731 493.479 334.678 329.148 28.5559 464.923 152.658 122.662 53.9531 32.415 120.243 53.8171 29.0808
internal_count=31964 6092 25872 5028 4814 732 25140 7561 1960 983 1205 6356 2827 1108
is_linear=0
shrinkage=0.0752388


Tree=10
num_leaves=15
num_cat=0
split_feature=22 0 5 4 5 0 4 10 10 17 7 16 22 0
split_gain=834.262 135.903 120.52 31.466 13.9955 11.4936 9.44291 10.7073 7.2064 22.8742 5.4271 4.31928 6.54784 4.1453
threshold=0.080128205128205135 0.3013976416472342 1.0000000180025095e-35 6.5000000000000009 1.0000000180025095e-35 0.3013976416472342 6.5000000000000009 1.0000000180025095e-35 1.0000000180025095e-35 1.0000000180025095e-35 0.98979591836734704 1.0000000180025095e-35 0.25657894736842107 1.0000000180025095e-35
decision_type=2 2 2 2 2 2 2 2 2 2 2 2 2 2
left_child=1 3 6 4 8 -4 7 11 9 -1 13 -2 -13 -9
right_child=2 -3 5 -5 -6 -7 -8 10 -10 -11 -12 12 -14 -15
leaf_value=0.077469984528397901 -0.085460197111225267 -0.084428851075254177 0.097915364101926611 -0.08265949475681493 0.11449177851323508 -0.07963202301481076 -0.084874715409506252 -0.015514082959559089 0.098158666615555987 -0.082853145455700147 0.128953773069613 0.0069874985301945757 -0.067016231039276911 -0.086751527952133839
leaf_weight=47.436866427306086 62.27376343216747 24.41234691021964 25.739606200717393 5.1897199363447717 199.87335181422532 2.1302524302154771 292.48536879383028 25.143790623173125 66.929607736878097 5.5086839199066153 1.1375293843448151 7.9741061404347411 43.61514499457553 5.5427522370591751
leaf_count=736 3529 1064 607 214 2854 125 17579 939 977 247 24 508 2319 242
internal_value=-0.0015051 0.0863744 -0.0673873 0.0992404 0.102231 0.0839844 -0.0770412 -0.0612419 0.0816678 0.060599 -0.0225214 -0.0720194 -0.0555907 -0.0287472
internal_weight=815.393 349.351 466.042 324.938 319.749 27.8699 438.172 145.687 119.875 52.9456 31.8241 113.863 51.5893 30.6865
internal_count=31964 6092 25872 5028 4814 732 25140 7561 1960 983 1205 6356 2827 1181
is_linear=0
shrinkage=0.0752388


Tree=11
num_leaves=15
num_cat=0
split_feature=22 0 5 4 5 0 4 10 10 11 4 0 16 22
split_gain=749.107 120.547 109.431 27.8668 13.5091 10.1516 9.73108 10.3614 6.74265 20.9629 5.34399 17.2901 4.3883 6.13337
threshold=0.080128205128205135 0.3013976416472342 1.0000000180025095e-35 6.5000000000000009 1.0000000180025095e-35 0.3013976416472342 6.5000000000000009 1.0000000180025095e-35 1.0000000180025095e-35 1.0000000180025095e-35 1.5000000000000002 1.0000000180025095e-35 1.0000000180025095e-35 0.25657894736842107
decision_type=2 2 2 2 2 2 2 2 2 2 2 2 2 2
left_child=1 3 6 4 8 -4 7 12 9 -1 -9 -12 -2 -14
right_child=2 -3 5 -5 -6 -7 -8 10 -10 -11 11 -13 13 -15
leaf_value=-0.08241710707838458 -0.084593892224409176 -0.083611565461609305 0.092935271973071443 -0.08174520634822266 0.11005690033866715 -0.07857750657015164 -0.08408441414138515 -0.041516017986914344 0.09360880092696891 0.073064293014796861 0.116611613563567 -0.085220865736401086 0.0064381050097083283 -0.065322574637961262
leaf_weight=5.354861151892691 58.330588702578098 22.857267780695111 25.110963578335944 4.8670019726268938 192.56955959461629 2.0033328123390666 273.73992669768631 21.880481272004548 64.984882756136358 46.787665758747607 5.1760483346879465 4.2311616861261427 8.0147880110889655 41.466661063022912
leaf_count=254 3529 1064 607 214 2854 125 17579 885 977 729 125 195 508 2319
internal_value=-0.001521 0.0827948 -0.066193 0.0949212 0.0977365 0.079894 -0.0758137 -0.059463 0.0773635 0.0569028 -0.0212126 0.0259205 -0.0705178 -0.053715
internal_weight=777.375 337.421 439.954 314.564 309.697 27.1143 412.84 139.1 117.127 52.1425 31.2877 9.40721 107.812 49.4814
internal_count=31964 6092 25872 5028 4814 732 25140 7561 1960 983 1205 320 6356 2827
is_linear=0
shrinkage=0.0752388


Tree=12
num_leaves=15
num_cat=0
split_feature=22 0 5 4 5 4 10 0 10 11 4 0 16 22
split_gain=674.226 106.559 100.287 24.6654 13.0377 10.0644 9.98866 9.0509 6.3011 18.2684 4.77947 15.0098 4.51633 5.84513
threshold=0.069047619047619066 0.3013976416472342 1.0000000180025095e-35 6.5000000000000009 1.0000000180025095e-35 6.5000000000000009 1.0000000180025095e-35 0.3013976416472342 1.0000000180025095e-35 1.0000000180025095e-35 1.5000000000000002 1.0000000180025095e-35 1.0000000180025095e-35 0.25657894736842107
decision_type=2 2 2 2 2 2 2 2 2 2 2 2 2 2
left_child=1 3 5 4 8 6 12 -4 9 -1 -8 -12 -2 -14
right_child=2 -3 7 -5 -6 -7 10 -9 -10 -11 11 -13 13 -15
leaf_value=-0.081518586869008716 -0.083805193010659848 -0.08285461884053319 0.088618316573327777 -0.080876399005534783 0.10622675736204208 -0.083364471930623199 -0.039518697083164946 -0.077591677031213294 0.089618543750592597 0.068476835081780568 0.10535046021204564 -0.084014924557404363 0.0062574385007361094 -0.063647931986135248
leaf_weight=4.9744066358543924 54.711790609173477 21.204942831303924 24.593083585612479 4.5367307481355956 184.63373742625117 256.11352357943542 21.38772343238816 1.8897226769477118 62.812692077830434 46.152912168763578 5.3793358411639911 3.9998622415587306 8.1367844338528794 39.438454153947532
leaf_count=247 3547 1035 618 210 2843 17596 890 126 970 720 128 198 517 2319
internal_value=-0.00153506 0.0797496 -0.0649642 0.091161 0.0938151 -0.074609 -0.0576794 0.0763813 0.0735873 0.0536838 -0.0199654 0.0245413 -0.0689767 -0.0517103
internal_weight=739.966 324.315 415.65 303.11 298.574 389.167 133.054 26.4828 113.94 51.1273 30.7669 9.3792 102.287 47.5752
internal_count=31964 6025 25939 4990 4780 25195 7599 744 1937 967 1216 326 6383 2836
is_linear=0
shrinkage=0.0752388


Tree=13
num_leaves=15
num_cat=0
split_feature=22 0 5 4 5 4 10 0 10 11 16 22 0 2
split_gain=607.887 95.8956 90.559 22.1204 12.947 10.1773 9.46773 8.0055 5.97329 16.2107 4.53548 5.36491 4.27275 17.3561
threshold=0.080128205128205135 0.3013976416472342 1.0000000180025095e-35 6.5000000000000009 1.0000000180025095e-35 6.5000000000000009 1.0000000180025095e-35 0.3013976416472342 1.0000000180025095e-35 1.0000000180025095e-35 1.0000000180025095e-35 0.25657894736842107 1.0000000180025095e-35 1.0000000180025095e-35
decision_type=2 2 2 2 2 2 2 2 2 2 2 2 2 2
left_child=1 3 5 4 8 6 10 -4 9 -1 -2 -12 13 -8
right_child=2 -3 7 -5 -6 -7 12 -9 -10 -11 11 -13 -14 -15
leaf_value=-0.080719807243629801 -0.083082673623431733 -0.082173433082867606 0.08440659159444977 -0.080086588567905584 0.10290155088909708 -0.082707482209964586 0.11939252844763525 -0.076607843299427783 0.085800440780630011 0.064165334606117785 0.0054469426037474147 -0.061986833510973553 -0.083627233003716245 -0.037083343446676451
leaf_weight=4.7029005656950167 51.06176965450868 19.998251653509215 23.709488150663677 4.2733853925019494 176.74132506549358 239.26967102359049 4.8327082861214938 1.7696796231903125 60.805281302891672 45.630292089655995 8.0889966334216279 37.526842123363167 4.7166037359274915 20.421451491303742
leaf_count=254 3529 1064 607 214 2854 17579 113 125 977 729 508 2319 243 849
internal_value=-0.00154555 0.0767466 -0.0639916 0.0876621 0.0901934 -0.0735452 -0.0561567 0.0728334 0.0698704 0.0504247 -0.0676005 -0.0500506 -0.0190863 -0.00660203
internal_weight=703.549 312.151 391.397 292.153 287.88 365.918 126.648 25.4792 111.138 50.3332 96.6776 45.6158 29.9708 25.2542
internal_count=31964 6092 25872 5028 4814 25140 7561 732 1960 983 6356 2827 1205 962
is_linear=0
shrinkage=0.0752388


Tree=14
num_leaves=15
num_cat=0
split_feature=22 0 5 4 5 4 10 10 11 10 11 16 22 0
split_gain=548.856 85.8867 82.4957 19.7989 12.8217 10.3769 9.0027 7.41538 12.3261 5.65275 14.3056 4.61075 5.01099 3.98324
threshold=0.080128205128205135 0.3013976416472342 1.0000000180025095e-35 6.5000000000000009 1.0000000180025095e-35 6.5000000000000009 1.0000000180025095e-35 1.0000000180025095e-35 1.0000000180025095e-35 1.0000000180025095e-35 1.0000000180025095e-35 1.0000000180025095e-35 0.25657894736842107 1.0000000180025095e-35
decision_type=2 2 2 2 2 2 2 2 2 2 2 2 2 2
left_child=1 3 5 4 9 6 11 8 -4 10 -1 -2 -13 -8
right_child=2 -3 7 -5 -6 -7 13 -9 -10 -11 -12 12 -14 -15
leaf_value=-0.079946522746574419 -0.082422258576699353 -0.081538104822463833 -0.14151214338786022 -0.079327751015562512 0.099979229151796065 -0.082107110862932542 -0.0062072313079622873 0.090113837228410779 0.091842123508648121 0.082380000392603472 0.060227894060123154 0.0050244383748695868 -0.060334811454945549 -0.0826048082917758
leaf_weight=4.4040478188544503 47.727034735027701 18.688962560379878 2.1682129977270987 4.0015352070331565 168.5407281788066 223.48953520716168 24.849269608035687 19.755191716365516 2.7104160254821181 58.654984313063323 44.990941515192389 8.1209501307457668 35.727693700231612 4.4286475558765224
leaf_count=254 3529 1064 112 214 2854 17579 962 550 70 977 729 508 2319 243
internal_value=-0.00155326 0.0741371 -0.0629518 0.0845446 0.0869579 -0.0724708 -0.0545695 0.0697352 -0.0130151 0.0665343 0.0475221 -0.0661695 -0.0482546 -0.018132
internal_weight=668.258 299.281 368.977 280.592 276.591 344.343 120.854 24.6338 4.87863 108.05 49.395 91.5757 43.8486 29.2779
internal_count=31964 6092 25872 5028 4814 25140 7561 732 182 1960 983 6356 2827 1205
is_linear=0
shrinkage=0.0752388


Tree=15
num_leaves=15
num_cat=0
split_feature=22 0 5 4 5 4 10 0 10 11 16 22 23 4
split_gain=495.896 76.5288 75.7362 17.6805 12.6364 10.8032 8.73129 6.79799 5.34311 12.5543 4.73882 4.75286 4.17407 4.03519
threshold=0.069047619047619066 0.3013976416472342 1.0000000180025095e-35 6.5000000000000009 1.0000000180025095e-35 6.5000000000000009 1.0000000180025095e-35 0.16910859180799973 1.0000000180025095e-35 1.0000000180025095e-35 1.0000000180025095e-35 0.25657894736842107 3.5000000000000004 5.5000000000000009
decision_type=2 2 2 2 2 2 2 2 2 2 2 2 2 2
left_child=1 3 5 4 8 6 10 -4 9 -1 -2 -12 -13 -8
right_child=2 -3 7 -5 -6 -7 13 -9 -10 -11 11 12 -14 -15
leaf_value=-0.079189069030356232 -0.081818300523699691 -0.080942521629163627 0.083151769041691498 -0.078591231009209367 0.097392164097022629 -0.081557725538290493 -0.026822921167754275 -0.031035083250178595 0.079330246493997725 0.056639200170069307 0.0048792244598279914 -0.0097305264151641094 -0.072869662275448374 0.061290632370380044
leaf_weight=4.0853911917656651 44.681799712590873 17.307622571941465 20.586637901142243 3.7251223609782746 160.16779022850096 208.72014630166814 25.887882397975776 3.3597293621860436 56.387161354534328 44.238192136399448 8.2409672578796727 7.7025992032140485 26.33397171786055 3.1713078860193482
leaf_count=247 3547 1035 566 210 2843 17596 1118 178 970 720 517 234 2085 98
internal_value=-0.00155714 0.0718716 -0.0617717 0.0817587 0.0840578 -0.071297 -0.0527548 0.067036 0.0635491 0.0449427 -0.0646735 -0.0463244 -0.0586883 -0.0169367
internal_weight=634.596 285.911 348.685 268.604 264.879 324.739 116.019 23.9464 104.711 48.3236 86.9593 42.2775 34.0366 29.0592
internal_count=31964 6025 25939 4990 4780 25195 7599 744 1937 967 6383 2836 2319 1216
is_linear=0
shrinkage=0.0752388


Tree=16
num_leaves=15
num_cat=0
split_feature=22 0 5 5 0 4 10 10 11 10 11 16 22 0
split_gain=448.384 69.3328 68.4747 16.8589 24.9588 11.0149 8.36482 6.95103 12.2484 6.64613 10.8182 4.75261 4.41865 3.84031
threshold=0.080128205128205135 0.3013976416472342 1.0000000180025095e-35 1.0000000180025095e-35 1.0000000180025095e-35 6.5000000000000009 1.0000000180025095e-35 1.0000000180025095e-35 1.0000000180025095e-35 1.0000000180025095e-35 1.0000000180025095e-35 1.0000000180025095e-35 0.53137254901960795 1.0000000180025095e-35
decision_type=2 2 2 2 2 2 2 2 2 2 2 2 2 2
left_child=1 3 5 4 7 6 11 8 -1 10 -4 -2 -13 -8
right_child=2 -3 9 -5 -6 -7 13 -9 -10 -11 -12 12 -14 -15
leaf_value=-0.078376503904816694 -0.08125989965845376 -0.080407196639514858 -0.13981547729566488 0.095099611505463616 -0.1272397562894079 -0.081054227720101513 -0.0044145917510431051 0.081597771817126241 0.05383629981989984 0.084025751286406616 0.084724660647790245 -0.018174499198428454 -0.067998938521179261 -0.08166721402430821
leaf_weight=4.2291671647690228 41.626145739108324 16.299270422430709 2.0498959408141699 152.15426290268078 3.9200676507316521 194.67082824464887 24.411789856851104 53.776918963063508 43.464869585353881 18.427946496289223 2.5591985257342458 19.09094689367339 21.545690510421991 4.1331760208122423
leaf_count=280 3529 1064 112 2854 195 17579 962 974 725 550 70 1307 1520 243
internal_value=-0.00155724 0.069521 -0.0608115 0.0790515 0.0557787 -0.0702477 -0.0511769 0.0630297 0.0418999 0.0639533 -0.0164209 -0.0633395 -0.0447473 -0.0159755
internal_weight=602.36 273.845 328.516 257.545 105.391 305.479 110.808 101.471 47.694 23.037 4.60909 82.2628 40.6366 28.545
internal_count=31964 6092 25872 5028 2174 25140 7561 1979 1005 732 182 6356 2827 1205
is_linear=0
shrinkage=0.0752388


Tree=17
num_leaves=15
num_cat=0
split_feature=22 0 5 5 0 4 10 10 11 10 11 16 22 23
split_gain=405.811 62.474 62.4057 16.4932 22.4791 11.3397 8.02938 6.59352 10.8704 5.95873 9.66291 4.82552 4.26781 4.20708
threshold=0.080128205128205135 0.3013976416472342 1.0000000180025095e-35 1.0000000180025095e-35 1.0000000180025095e-35 6.5000000000000009 1.0000000180025095e-35 1.0000000180025095e-35 1.0000000180025095e-35 1.0000000180025095e-35 1.0000000180025095e-35 1.0000000180025095e-35 0.25657894736842107 3.5000000000000004
decision_type=2 2 2 2 2 2 2 2 2 2 2 2 2 2
left_child=1 3 5 4 7 6 11 8 -1 10 -4 -2 -13 -14
right_child=2 -3 9 -5 -6 -7 -8 -9 -10 -11 -12 12 13 -15
leaf_value=-0.077753772438745844 -0.080747387574560014 -0.079900872593963473 -0.13433796809077905 0.09304272509266516 -0.12601886940625795 -0.080592304501123105 -0.015000931813455768 0.078784913797953215 0.050623937584800799 0.080860666108509269 0.081118577009267903 0.0056666288388414086 -0.0055856557886973185 -0.070860894724147735
leaf_weight=3.9540447753388426 38.845782891381532 15.211006957339121 1.9818589598871792 144.12880471628159 3.6713198027573517 181.55762804765254 28.229460261296481 51.596533115487546 42.781949739903212 17.741215072572231 2.4816652471199632 8.0724575663916749 7.3272579107433584 23.794390445575118
leaf_count=280 3529 1064 112 2854 195 17579 1205 974 725 550 70 508 234 2085
internal_value=-0.00155956 0.0674814 -0.0597627 0.0766335 0.0533433 -0.0691414 -0.0494904 0.0602249 0.0395448 0.0614497 -0.0158261 -0.0619127 -0.0430044 -0.0555949
internal_weight=571.375 261.344 310.032 246.133 102.004 287.827 106.269 98.3325 46.736 22.2047 4.46352 78.0399 39.1941 31.1216
internal_count=31964 6092 25872 5028 2174 25140 7561 1979 1005 732 182 6356 2827 2319
is_linear=0
shrinkage=0.0752388


Tree=18
num_leaves=15
num_cat=0
split_feature=22 5 0 5 0 4 10 10 11 0 16 22 4 0
split_gain=367.432 57.3322 55.8491 15.9988 20.2643 11.8306 7.73272 6.24547 9.54936 5.47856 4.99086 4.31134 3.96962 10.3558
threshold=0.055727554179566569 1.0000000180025095e-35 0.3013976416472342 1.0000000180025095e-35 1.0000000180025095e-35 6.5000000000000009 1.0000000180025095e-35 1.0000000180025095e-35 1.0000000180025095e-35 0.16910859180799973 1.0000000180025095e-35 0.53137254901960795 1.5000000000000002 1.0000000180025095e-35
decision_type=2 2 2 2 2 2 2 2 2 2 2 2 2 2
left_child=2 5 3 4 7 6 10 8 -1 -3 -2 -12 -8 -14
right_child=1 9 -4 -5 -6 -7 12 -9 -10 -11 11 -13 13 -15
leaf_value=-0.077110642806341972 -0.080286117418570724 0.074859016006912693 -0.079416767621537848 0.091186041539052715 -0.12461109009677411 -0.080168020774088633 -0.032587077329157728 0.076331129369780454 0.047691814514132715 -0.031494854967071724 -0.014796642430978887 -0.065582057424179357 0.089252356367296989 -0.079852900149171097
leaf_weight=3.646141003817319 36.354293289361522 18.402880594134334 14.03605891112238 136.15703473240137 3.4390333730261764 169.34896898269653 19.574475404806439 49.322063735686243 41.939438699744642 3.1296073221601537 18.5087143718265 19.456510540563613 5.5087906010448915 3.0713102638255805
leaf_count=268 3553 567 1026 2842 193 17603 892 965 709 178 1320 1520 128 200
internal_value=-0.0015588 -0.058571 0.0657283 0.0744619 0.0512025 -0.0679353 -0.0476303 0.0577631 0.0374854 0.0592882 -0.0603332 -0.0409817 -0.0139539 0.028382
internal_weight=541.895 293.356 248.54 234.504 98.3467 271.823 102.474 94.9076 45.5856 21.5325 74.3195 37.9652 28.1546 8.5801
internal_count=31964 25961 6003 4977 2135 25216 7613 1942 977 745 6393 2840 1220 328
is_linear=0
shrinkage=0.0752388


Tree=19
num_leaves=15
num_cat=0
split_feature=22 5 0 5 0 4 10 10 11 10 11 16 22 22
split_gain=332.915 51.8795 50.9121 15.9332 18.2228 11.8753 7.2944 5.93949 8.60341 5.40275 8.50635 4.94151 4.01039 3.82023
threshold=0.080128205128205135 1.0000000180025095e-35 0.3013976416472342 1.0000000180025095e-35 1.0000000180025095e-35 6.5000000000000009 1.0000000180025095e-35 1.0000000180025095e-35 1.0000000180025095e-35 1.0000000180025095e-35 1.0000000180025095e-35 1.0000000180025095e-35 0.53137254901960795 0.35504201680672276
decision_type=2 2 2 2 2 2 2 2 2 2 2 2 2 2
left_child=2 5 3 4 7 6 11 8 -1 10 -3 -2 -13 -8
right_child=1 9 -4 -5 -6 -7 13 -9 -10 -11 -12 12 -14 -15
leaf_value=-0.076579124910366572 -0.079837421500260158 -0.13214291384965418 -0.078987174539927485 0.089515818940662295 -0.12273111165433689 -0.079777762596586976 0.018197927692697541 0.073613404796427431 0.044793217088278249 0.075932911057988828 0.075479815884869128 -0.014358541850565081 -0.06424510478156098 -0.03805290569068627
leaf_weight=3.4540241495706132 33.786461621057242 1.8859169669449354 13.233960059471427 128.69862482883036 3.2437203098088494 157.72855314123444 12.111067486461254 47.394530456047505 41.436129714362323 16.460324088577181 2.3243604712188244 18.158737486694008 18.410690511576831 15.329054247587917
leaf_count=280 3529 112 1064 2854 195 17579 514 974 725 550 70 1307 1520 691
internal_value=-0.00155824 -0.0577079 0.0637456 0.0722177 0.0488076 -0.0669849 -0.0462599 0.0550298 0.0352264 0.0566219 -0.018891 -0.0590729 -0.0396364 -0.0132625
internal_weight=513.656 276.195 237.461 224.227 95.5284 255.525 97.796 92.2847 44.8902 20.6706 4.21028 70.3559 36.5694 27.4401
internal_count=31964 25872 6092 5028 2174 25140 7561 1979 1005 732 182 6356 2827 1205
is_linear=0
shrinkage=0.0752388


Tree=20
num_leaves=15
num_cat=0
split_feature=22 0 5 5 0 4 10 10 16 0 16 2 0 22
split_gain=301.934 52.4047 43.8016 16.4272 17.1624 10.4462 6.734 5.73193 22.0705 4.79169 3.94999 3.71186 12.5294 4.51465
threshold=0.12916666666666668 0.3013976416472342 1.0000000180025095e-35 1.0000000180025095e-35 1.0000000180025095e-35 6.5000000000000009 1.0000000180025095e-35 1.0000000180025095e-35 1.0000000180025095e-35 0.16910859180799973 1.0000000180025095e-35 1.0000000180025095e-35 1.0000000180025095e-35 0.35504201680672276
decision_type=2 2 2 2 2 2 2 2 2 2 2 2 2 2
left_child=1 3 5 4 7 6 10 8 -1 -4 -2 12 -8 -13
right_child=2 -3 9 -5 -6 -7 11 -9 -10 -11 -12 13 -14 -15
leaf_value=-0.089305090392267292 -0.079419501597749159 -0.078794677347855807 0.071139855548270514 0.08755412452251958 -0.11689357007333714 -0.079417641538405859 0.10870258706541883 0.070656505606948833 0.055092904548623742 -0.035801869197343572 -0.041825666569661128 0.018978925819822003 -0.079632502203496505 -0.059853157139026163
leaf_weight=6.9404366032686076 30.456470558885485 14.274468394462017 15.198615583591165 123.24331951700151 3.3945031526964149 145.42707578302361 4.5230683404952314 46.417822536546737 38.776919138152152 2.7082898570224634 34.283718838822097 6.1665253019891706 3.3516015480272472 11.842845030128954
leaf_count=474 3328 1427 457 2964 255 17276 98 1028 752 149 2731 227 208 590
internal_value=-0.00155567 0.0602667 -0.0582897 0.0693888 0.0458512 -0.0668986 -0.0467092 0.0520307 0.0329472 0.0547997 -0.0596566 -0.0141656 0.0285538 -0.0329279
internal_weight=487.006 233.047 253.958 218.773 95.5297 236.051 90.6242 92.1352 45.7174 17.9069 64.7402 25.884 7.87467 18.0094
internal_count=31964 6900 25064 5473 2509 24458 7182 2254 1226 606 6059 1123 306 817
is_linear=0
shrinkage=0.0752388


Tree=21
num_leaves=15
num_cat=0
split_feature=22 0 5 5 0 4 10 10 11 0 16 23 2 0
split_gain=273.993 47.4543 40.0339 16.0311 15.4698 10.587 6.29694 5.30166 8.1768 4.31774 4.02243 3.26898 3.25861 10.9305
threshold=0.12916666666666668 0.3013976416472342 1.0000000180025095e-35 1.0000000180025095e-35 1.0000000180025095e-35 6.5000000000000009 1.0000000180025095e-35 1.0000000180025095e-35 1.0000000180025095e-35 0.16910859180799973 1.0000000180025095e-35 2.5000000000000004 1.0000000180025095e-35 1.0000000180025095e-35
decision_type=2 2 2 2 2 2 2 2 2 2 2 2 2 2
left_child=1 3 5 4 7 6 10 8 -1 -4 -2 -10 13 -8
right_child=2 -3 9 -5 -6 -7 12 -9 11 -11 -12 -13 -14 -15
leaf_value=-0.075992611436237367 -0.079042788028635638 -0.078405079189657695 0.068650490650952523 0.086122532644881386 -0.11502313157775335 -0.07908645562504947 0.099997357567341627 0.068224475670163473 0.065991157780298279 -0.033435530093128059 -0.040105426962797813 0.022713676453144725 -0.031344539029356688 -0.078820646922830612
leaf_weight=3.552726845489814 28.379242416704074 13.303897284436969 14.593862109817566 116.14045308018103 3.2001583660021415 135.43070798460394 4.5585977323353317 44.534502130700275 17.017674796283245 2.6931937360204747 33.116684495471418 23.886657366063446 17.545588812790811 3.1409977236762643
leaf_count=401 3328 1427 457 2964 255 17276 98 1028 124 149 2731 701 817 208
internal_value=-0.00155523 0.0587091 -0.057336 0.0675161 0.0439727 -0.0659198 -0.0452595 0.0498775 0.0313279 0.0525927 -0.0582256 0.0408972 -0.0135145 0.0269355
internal_weight=461.095 221.636 239.459 208.332 92.1917 222.172 86.7411 88.9916 44.4571 17.2871 61.4959 40.9043 25.2452 7.6996
internal_count=31964 6900 25064 5473 2509 24458 7182 2254 1226 606 6059 825 1123 306
is_linear=0
shrinkage=0.0752388


Tree=22
num_leaves=15
num_cat=0
split_feature=22 0 5 5 0 4 10 10 16 10 11 16 22 23
split_gain=248.398 42.9328 36.5768 15.8223 13.9069 10.7495 5.90437 4.98267 18.807 4.333 6.26913 4.08662 3.04219 4.27206
threshold=0.12916666666666668 0.3013976416472342 1.0000000180025095e-35 1.0000000180025095e-35 1.0000000180025095e-35 6.5000000000000009 1.0000000180025095e-35 1.0000000180025095e-35 1.0000000180025095e-35 1.0000000180025095e-35 1.0000000180025095e-35 1.0000000180025095e-35 0.53137254901960795 2.5000000000000004
decision_type=2 2 2 2 2 2 2 2 2 2 2 2 2 2
left_child=1 3 5 4 7 6 11 8 -1 10 -4 -2 -13 -14
right_child=2 -3 9 -5 -6 -7 -8 -9 -10 -11 -12 12 13 -15
leaf_value=-0.088849053887687213 -0.078692117996775918 -0.078037703062483435 -0.12936471104047015 0.084800691713184162 -0.11298812448128062 -0.078780854688986948 -0.01282467775139093 0.065865590277334102 0.049977244036780284 0.069791044113688083 0.066585936626817596 -0.014667517417875304 0.032960382692551776 -0.076556433291254902
leaf_weight=6.3377880002371958 26.435851154150441 12.396229551639406 1.5560135298874238 109.33980254083872 3.0223229017574331 126.08419461199082 24.692393135046586 42.734474664786831 37.260124031454325 13.264188574627042 1.8710923669859767 15.784229036653413 2.2635530978441265 13.979231282835825
leaf_count=474 3328 1427 95 2964 255 17276 1123 1028 752 455 56 1211 67 1453
internal_value=-0.00154857 0.0571138 -0.0563593 0.0655991 0.0419984 -0.0649117 -0.0437767 0.047614 0.0295565 0.0504683 -0.0241051 -0.0567821 -0.0384094 -0.0611296
internal_weight=437.021 211.091 225.931 198.695 89.3547 209.239 83.1553 86.3324 43.5979 16.6913 3.42711 58.4629 32.027 16.2428
internal_count=31964 6900 25064 5473 2509 24458 7182 2254 1226 606 151 6059 2731 1520
is_linear=0
shrinkage=0.0752388


Tree=23
num_leaves=15
num_cat=0
split_feature=22 0 5 5 0 4 10 10 11 16 10 11 23 22
split_gain=225.198 38.9154 33.3338 15.4788 12.5229 11.0322 5.6434 4.59963 6.47524 4.12889 3.89671 5.60718 3.01428 2.92666
threshold=0.12916666666666668 0.3013976416472342 1.0000000180025095e-35 1.0000000180025095e-35 1.0000000180025095e-35 6.5000000000000009 1.0000000180025095e-35 1.0000000180025095e-35 1.0000000180025095e-35 1.0000000180025095e-35 1.0000000180025095e-35 1.0000000180025095e-35 2.5000000000000004 0.54195804195804198
decision_type=2 2 2 2 2 2 2 2 2 2 2 2 2 2
left_child=1 3 5 4 7 6 9 8 -1 -2 11 -4 -10 -8
right_child=2 -3 10 -5 -6 -7 13 -9 12 -11 -12 -13 -14 -15
leaf_value=-0.074909490963580794 -0.078364865195938882 -0.077689949389688567 -0.12411234279731233 0.0835733060370243 -0.11082686338076092 -0.078498553716746466 0.007898172447799336 0.063567988611530166 0.061176494463565524 -0.036800389808824586 0.067311577224963837 0.063959382516085767 0.018776342201465263 -0.045677919034821428
leaf_weight=3.0598028062377116 24.618939213803969 11.547942386358043 1.5081669187638918 102.84954992774874 2.8587480565765864 117.35090258310083 15.499940455192702 41.020077300956473 16.155244663357735 31.001564861973748 12.744001769460738 1.8100343188270926 23.20541764004156 9.009703061077742
leaf_count=401 3328 1427 95 2964 255 17276 665 1028 124 2731 455 56 701 458
internal_value=-0.00154598 0.0556553 -0.0553074 0.0638524 0.0402433 -0.063787 -0.0421336 0.0456121 0.0280833 -0.055362 0.0485663 -0.0232214 0.0363483 -0.0119572
internal_weight=414.24 200.697 213.543 189.149 86.2993 197.481 80.1301 83.4405 42.4205 55.6205 16.0622 3.3182 39.3607 24.5096
internal_count=31964 6900 25064 5473 2509 24458 7182 2254 1226 6059 606 151 825 1123
is_linear=0
shrinkage=0.0752388


Tree=24
num_leaves=15
num_cat=0
split_feature=22 5 0 5 4 22 0 23 23 10 11 10 16 3
split_gain=203.983 32.3928 30.7498 14.6691 12.9615 6.31467 6.21137 5.82097 5.12032 4.20524 6.17345 3.67544 5.48474 5.45594
threshold=0.069047619047619066 1.0000000180025095e-35 0.3013976416472342 1.0000000180025095e-35 6.5000000000000009 0.51190476190476197 1.0000000180025095e-35 2.5000000000000004 2.5000000000000004 1.0000000180025095e-35 1.0000000180025095e-35 1.0000000180025095e-35 1.0000000180025095e-35 1.0000000180025095e-35
decision_type=2 2 2 2 2 2 2 2 2 2 2 2 2 2
left_child=2 4 3 8 5 6 11 -7 -1 10 -3 12 -2 -13
right_child=1 9 -4 -5 -6 7 -8 -9 -10 -11 -12 13 -14 -15
leaf_value=0.060860531352163821 -0.077027021627096709 -0.12627414359667974 -0.077107487605544311 0.083043533851820339 -0.078239059674410971 0.0025724203448339567 -0.078926833525834045 -0.076271692174515723 0.022516473917399357 0.065096021452510394 0.063551681452665612 0.037204806885693754 0.00099530462464103857 -0.12545906246149574
leaf_weight=35.039879969321191 7.5331807055044928 1.6582265775650749 9.2102910156827402 95.040337605867535 110.36897069704719 6.4568798001855603 8.0346479470608738 29.20459323306568 45.507563165156171 13.575454952660948 1.9475733349099755 13.206497670616951 15.150341104017571 1.1300014890730388
leaf_count=373 1211 113 1035 2843 17596 203 983 3441 1774 561 70 515 1219 27
internal_value=-0.00153739 -0.0525752 0.0559779 0.0630197 -0.0614739 -0.0384452 -0.0196183 -0.062046 0.0392806 0.0460628 -0.0253287 -0.00647495 -0.0252577 0.0231965
internal_weight=393.064 208.266 184.798 175.588 191.085 80.7161 45.0547 35.6615 80.5474 17.1813 3.6058 37.02 22.6835 14.3365
internal_count=31964 25939 6025 4990 25195 7599 3955 3644 2147 744 183 2972 2430 542
is_linear=0
shrinkage=0.0752388


Tree=25
num_leaves=15
num_cat=0
split_feature=22 0 5 5 4 1 22 23 0 10 11 2 0 23
split_gain=184.568 31.8171 27.6971 15.3892 11.4306 11.1431 5.14399 5.63509 4.92304 4.45683 5.64757 3.9932 3.57786 2.59531
threshold=0.12916666666666668 0.3013976416472342 1.0000000180025095e-35 1.0000000180025095e-35 6.5000000000000009 1.0000000180025095e-35 0.51190476190476197 2.5000000000000004 1.0000000180025095e-35 1.0000000180025095e-35 1.0000000180025095e-35 1.0000000180025095e-35 0.16910859180799973 1.5000000000000002
decision_type=2 2 2 2 2 2 2 2 2 2 2 2 2 2
left_child=1 3 4 5 6 9 8 -8 11 10 -1 -2 -4 -12
right_child=2 -3 12 -5 -6 -7 7 -9 -10 -11 13 -13 -14 -15
leaf_value=-0.074535659158996431 0.059741273164818066 -0.07705085608302481 0.061363551351646901 0.081367345213246747 -0.077995734163732955 -0.10922805265036341 0.0023783735475318805 -0.075615200697333892 -0.078383782291106333 0.059944953899448372 0.069121865739288496 -0.018629812700085329 -0.035781493518275684 0.021456209216304017
leaf_weight=2.9010957151185712 4.044065393973141 10.020451245014554 12.401687365490941 90.79332220274955 101.58335897757206 2.7325965930940574 6.4701580666005603 27.315446480643004 6.8563804650912052 38.35955446655862 8.1940362453460676 29.893101133871824 2.4832646145950994 29.946535259950906
leaf_count=401 130 1427 457 2964 17276 255 203 3441 822 1028 46 2586 149 779
internal_value=-0.00153366 0.0524564 -0.0532353 0.0600222 -0.061564 0.0363194 -0.0390688 -0.0607354 -0.0209647 0.0415285 0.0241572 -0.00906507 0.044958 0.0319314
internal_weight=373.995 182.948 191.047 172.927 176.163 82.1338 74.5792 33.7856 40.7935 79.4012 41.0417 33.9372 14.885 38.1406
internal_count=31964 6900 25064 5473 24458 2509 7182 3644 3538 2254 1226 2716 606 825
is_linear=0
shrinkage=0.0752388


Tree=26
num_leaves=15
num_cat=0
split_feature=22 0 5 5 4 0 10 16 10 16 0 23 22 2
split_gain=167.057 28.8182 25.2494 15.1653 11.589 10.0097 4.99966 4.38449 4.14532 15.2601 3.21403 2.99611 5.19594 2.80016
threshold=0.12916666666666668 0.3013976416472342 1.0000000180025095e-35 1.0000000180025095e-35 6.5000000000000009 1.0000000180025095e-35 1.0000000180025095e-35 1.0000000180025095e-35 1.0000000180025095e-35 1.0000000180025095e-35 0.16910859180799973 3.5000000000000004 0.35504201680672276 1.0000000180025095e-35
decision_type=2 2 2 2 2 2 2 2 2 2 2 2 2 2
left_child=1 3 4 5 6 8 7 -2 9 -1 -4 -9 -13 -8
right_child=2 -3 10 -5 -6 -7 13 11 -10 -11 -12 12 -14 -15
leaf_value=-0.089554523292121893 -0.07763146658321185 -0.076747897570744003 0.05917903794468099 0.080349905065360494 -0.077771628996008618 -0.1069310224512541 0.030243459983648656 0.016282332246858253 0.057770259534172308 0.041637664979186334 -0.033404348360045931 0.0010665162879784297 -0.073043950645084094 -0.025995065317932907
leaf_weight=5.7200016726274034 20.529621326830238 9.3300654751947132 11.916559274308382 85.240294895134866 94.482373783946969 2.5900843702256671 7.0782868159003582 5.7765561286360052 36.872769848676398 34.594955604989082 2.4712037099525324 8.7798613777849841 13.560161631321533 16.217853256035596
leaf_count=474 3328 1427 457 2964 17276 255 306 234 1028 752 149 676 1821 817
internal_value=-0.00152334 0.0510032 -0.0521723 0.0582905 -0.0604401 0.0346121 -0.037562 -0.0512547 0.0395635 0.022756 0.0430933 -0.0316801 -0.0441083 -0.0088219
internal_weight=355.161 174.348 180.812 165.018 166.425 79.7778 71.9423 48.6462 77.1877 40.315 14.3878 28.1166 22.34 23.2961
internal_count=31964 6900 25064 5473 24458 2509 7182 6059 2254 1226 606 2731 2497 1123
is_linear=0
shrinkage=0.0752388


Tree=27
num_leaves=15
num_cat=0
split_feature=22 4 0 5 10 0 11 2 0 3 22 23 22 10
split_gain=151.285 24.9802 22.8229 14.3729 14.2136 8.73166 7.43971 7.00778 9.68584 6.10362 4.25773 5.23552 4.09482 4.05867
threshold=0.069047619047619066 6.5000000000000009 0.3013976416472342 1.0000000180025095e-35 1.0000000180025095e-35 1.0000000180025095e-35 1.0000000180025095e-35 1.0000000180025095e-35 0.3013976416472342 1.0000000180025095e-35 0.25657894736842107 3.5000000000000004 0.35504201680672276 1.0000000180025095e-35
decision_type=2 2 2 2 2 2 2 2 2 2 2 2 2 2
left_child=2 4 3 5 6 13 -2 8 9 -6 -8 -12 -9 -1
right_child=1 -3 -4 -5 7 -7 10 12 -10 -11 11 -13 -14 -15
leaf_value=0.021325050444848625 -0.082476391794503487 -0.077566137862140075 -0.076172272276108843 0.080143940932843508 0.089241280011163715 -0.10651860595866847 0.02302871545892082 0.022924833740695347 -0.077872538136827041 -0.040855426737225191 0.015245311045707472 -0.061976737392817581 -0.049413527183606622 0.05723207510036301
leaf_weight=37.561539684422314 19.748771590879187 88.808699312037788 7.4338274889159939 78.577725861687213 13.486190792173149 2.2844685630407175 8.120147612760773 7.5898755723610547 2.843501445837318 2.3089028992690137 6.9269827753305462 16.985443126526661 10.255913455504922 34.26592624001205
leaf_count=987 3251 17596 1035 2843 565 193 640 305 225 80 285 2390 602 967
internal_value=-0.00151978 -0.0494229 0.0514511 0.0577345 -0.0210216 0.0338587 -0.0463111 0.0149147 0.0470037 0.0700148 -0.0237289 -0.0396522 -0.0187143 0.0385399
internal_weight=337.198 177.074 160.123 152.69 88.2657 74.1119 51.7813 36.4844 18.6386 15.7951 32.0326 23.9124 17.8458 71.8275
internal_count=31964 25939 6025 4990 8343 2147 6566 1777 870 645 3315 2675 907 1954
is_linear=0
shrinkage=0.0752388


Tree=28
num_leaves=15
num_cat=0
split_feature=22 0 5 5 3 0 2 4 4 23 22 23 10 0
split_gain=136.817 34.4621 17.1873 16.2591 10.1917 9.74097 7.41965 12.1024 7.36964 4.86059 4.49069 3.1609 2.24499 2.09678
threshold=0.20526315789473687 0.3013976416472342 1.0000000180025095e-35 1.0000000180025095e-35 1.0000000180025095e-35 1.0000000180025095e-35 1.0000000180025095e-35 1.0000000180025095e-35 6.5000000000000009 3.5000000000000004 0.34313725490196084 2.5000000000000004 1.0000000180025095e-35 0.16910859180799973
decision_type=2 2 2 2 2 2 2 2 2 2 2 2 2 2
left_child=1 3 8 4 5 6 -1 11 9 -2 -11 -8 -13 -4
right_child=2 -3 13 -5 -6 -7 7 -9 -10 10 -12 12 -14 -15
leaf_value=0.087637854006135926 -0.0054129820886118108 -0.076985676441731987 0.057206523915451266 0.077025019257690855 -0.14852778505594183 -0.097372473786738245 0.05515626254164515 -0.1556897096003588 -0.077363807875977672 -0.02075717185293725 -0.072592925897915217 0.0075541600861588724 0.044838643444299442 -0.037691166608309103
leaf_weight=14.037512096576391 15.383029448799787 12.412880533025598 7.9798934953287226 78.595858407206833 1.6362874518381421 2.9728429085807866 23.279914550483227 1.8321321432013054 78.228245728532784 14.5790285943076 27.66610257467255 26.844682935159653 13.773623772431163 1.4626464070752261
leaf_count=408 700 2407 276 3167 210 393 249 229 16372 1284 4326 1286 574 83
internal_value=-0.00151239 0.0432019 -0.0554743 0.0524195 0.0294022 0.0331881 0.0382307 0.0275005 -0.0622986 -0.0416978 -0.0548433 0.0331117 0.0203179 0.042141
internal_weight=320.685 175.386 145.299 162.973 84.377 82.7407 79.7679 65.7304 135.856 57.6282 42.2451 63.8982 40.6183 9.44254
internal_count=31964 8923 23041 6516 3349 3139 2746 2338 22682 6310 5610 2109 1860 359
is_linear=0
shrinkage=0.0752388


Tree=29
num_leaves=15
num_cat=0
split_feature=22 0 5 5 3 0 4 2 4 23 22 23 10 11
split_gain=123.783 31.2161 15.8134 15.6859 9.31042 8.7552 7.59408 7.14154 11.1293 4.56041 4.43243 2.90464 2.05468 3.02439
threshold=0.20526315789473687 0.3013976416472342 1.0000000180025095e-35 1.0000000180025095e-35 1.0000000180025095e-35 1.0000000180025095e-35 6.5000000000000009 1.0000000180025095e-35 1.0000000180025095e-35 3.5000000000000004 0.34313725490196084 2.5000000000000004 1.0000000180025095e-35 1.0000000180025095e-35
decision_type=2 2 2 2 2 2 2 2 2 2 2 2 2 2
left_child=1 2 4 6 5 7 9 -1 11 -2 -11 -9 13 -5
right_child=3 -3 -4 12 -6 -7 -8 8 -10 10 -12 -13 -14 -15
leaf_value=0.086526828944599204 -0.0050323673005229202 -0.07672218014817403 0.076012209145368423 -0.11314911887448639 -0.14751531374708984 -0.095751825604811061 -0.077183305819488179 0.052739811768332708 -0.15661888715804712 -0.019494186502210555 -0.071794497405523169 0.018962895467193795 0.059665685143026288 0.056129355850584622
leaf_weight=13.182750557083635 15.315832457505165 11.551765940734184 73.835753854596987 0.96137143240775746 1.5287711115088303 2.8047662430908522 72.721982584218495 22.550511959940195 1.6888222197303537 14.373729372164233 25.937151898862794 40.302507089916617 7.0176048176363111 1.1485632173717022
leaf_count=408 700 2407 3167 62 210 393 16372 249 229 1284 4326 1860 262 35
internal_value=-0.00150542 0.0419143 0.0507718 -0.0543784 0.0279615 0.0315657 -0.0611576 0.0363388 0.0259078 -0.040053 -0.0532896 0.0311799 0.0403873 -0.0234318
internal_weight=304.922 167.446 155.894 137.476 82.0581 80.5294 128.349 77.7246 64.5418 55.6267 40.3109 62.853 9.12754 2.10993
internal_count=31964 8923 6516 23041 3349 3139 22682 2746 2338 6310 5610 2109 359 97
is_linear=0
shrinkage=0.0752388


Tree=30
num_leaves=15
num_cat=0
split_feature=22 0 5 5 3 0 4 2 4 23 22 23 0 2
split_gain=111.888 28.2564 15.4031 14.2911 8.47963 7.86345 7.79928 6.88565 10.2007 4.26814 4.36263 2.67449 2.04543 6.0596
threshold=0.20526315789473687 0.3013976416472342 1.0000000180025095e-35 1.0000000180025095e-35 1.0000000180025095e-35 1.0000000180025095e-35 6.5000000000000009 1.0000000180025095e-35 1.0000000180025095e-35 3.5000000000000004 0.34313725490196084 2.5000000000000004 0.015346551295121701 1.0000000180025095e-35
decision_type=2 2 2 2 2 2 2 2 2 2 2 2 2 2
left_child=1 2 4 6 5 7 9 -1 11 12 -11 -9 13 -2
right_child=3 -3 -4 -5 -6 -7 -8 8 -10 10 -12 -13 -14 -15
leaf_value=0.085506411331359694 0.14375890425560423 -0.076468429167919669 0.07502127929120174 0.038837083231992552 -0.14586800380389017 -0.094138413527115342 -0.077014907522658618 0.050385519410888271 -0.15669686062425242 -0.018292736584328579 -0.070988014071036359 0.017629882256981155 -0.073535418843795247 -0.012219046710779271
leaf_weight=12.369365971069781 1.445160010829565 10.749212350579908 69.356456400360912 8.7874016334535536 1.4350796602666367 2.6468953529838464 67.593426788109355 21.862537745386362 1.5656606887932856 14.182981794117948 24.321943555376492 40.107674430822954 1.9561348855495442 11.852280518971384
leaf_count=408 22 2407 3167 359 210 393 16372 249 229 1284 4326 1860 119 559
internal_value=-0.00150012 0.0406023 0.0490982 -0.05328 0.0265203 0.0299466 -0.0599908 0.0344539 0.0243336 -0.038428 -0.0517271 0.0292812 -0.00467706 0.00617233
internal_weight=290.232 160.093 149.344 130.139 79.9872 78.5521 121.352 75.9052 63.5359 53.7585 38.5049 61.9702 15.2536 13.2974
internal_count=31964 8923 6516 23041 3349 3139 22682 2746 2338 6310 5610 2109 700 581
is_linear=0
shrinkage=0.0752388


Tree=31
num_leaves=15
num_cat=0
split_feature=22 0 5 4 10 3 0 2 6 2 1 11 23 3
split_gain=101.05 25.5731 14.9847 13.8324 7.76077 7.70314 7.0638 6.63427 9.31562 6.13431 7.16113 4.06359 3.34127 3.1976
threshold=0.20526315789473687 0.3013976416472342 1.0000000180025095e-35 6.5000000000000009 1.0000000180025095e-35 1.0000000180025095e-35 1.0000000180025095e-35 1.0000000180025095e-35 1.0000000180025095e-35 1.0000000180025095e-35 0.26032388090949926 1.0000000180025095e-35 5.5000000000000009 1.0000000180025095e-35
decision_type=2 2 2 2 2 2 2 2 2 2 2 2 2 2
left_child=1 2 5 4 11 6 7 -1 -9 10 13 -2 -13 -6
right_child=3 -3 -4 -5 9 -7 -8 8 -10 -11 -12 12 -14 -15
leaf_value=0.08456620225150896 -0.08025409270427547 -0.076222920842514183 0.074046161490230897 -0.076857516480612745 0.095761885545992839 -0.14362059531684299 -0.092543925624178722 -0.15577551662097477 0.027478473085944196 -0.028716440542087267 -0.0761151111480943 -0.0051267136047473258 -0.063368239555627856 -0.021392173852194704
leaf_weight=11.597160379402338 13.679629542864857 10.001501415506935 65.146595314145088 62.818192521343008 7.5610239747911674 1.3534458186477412 2.4982781986473119 1.4613873362541188 61.142728709266521 12.524126217700541 2.0311139023397127 14.012121339328589 9.1419984875246865 1.5310412803664801
leaf_count=408 2603 2407 3167 16372 260 210 393 229 2109 750 141 987 1882 46
internal_value=-0.00149303 0.039295 0.0474358 -0.0521587 -0.0263765 0.0251243 0.0283814 0.0326346 0.0228321 0.00724398 0.0475741 -0.0479016 -0.0283869 0.0760065
internal_weight=276.5 153.201 143.2 123.299 60.4811 78.053 76.6996 74.2013 62.6041 23.6473 11.1232 36.8337 23.1541 9.09207
internal_count=31964 8923 6516 23041 6669 3349 3139 2746 2338 1197 447 5472 2869 306
is_linear=0
shrinkage=0.0752388


Tree=32
num_leaves=15
num_cat=0
split_feature=22 0 5 4 10 3 0 2 6 2 1 11 23 10
split_gain=91.2515 23.1211 14.6041 13.5442 6.99201 6.97518 6.33977 6.40237 8.46381 5.43408 6.4207 4.02468 3.12616 2.70397
threshold=0.20526315789473687 0.3013976416472342 1.0000000180025095e-35 6.5000000000000009 1.0000000180025095e-35 1.0000000180025095e-35 1.0000000180025095e-35 1.0000000180025095e-35 1.0000000180025095e-35 1.0000000180025095e-35 0.26032388090949926 1.0000000180025095e-35 5.5000000000000009 1.0000000180025095e-35
decision_type=2 2 2 2 2 2 2 2 2 2 2 2 2 2
left_child=1 2 5 4 11 6 7 -1 -9 10 -6 -2 -13 -10
right_child=3 -3 -4 -5 9 -7 -8 8 13 -11 -12 12 -14 -15
leaf_value=0.083697122833208182 -0.079964102686812574 -0.07598423784201544 0.07308130883762172 -0.076710096588788745 0.072815765100592858 -0.14083990217798187 -0.090977604059431921 -0.15379410518642453 0.014228240206767263 -0.027120437021243168 -0.074908356121727027 -0.0047646736378291537 -0.06207481762765777 0.04785254120740378
leaf_weight=10.865563442930577 12.732968365540726 9.3051118709845451 61.194358691107482 58.373247459006961 8.7979319393634778 1.2821291206637386 2.3581155647989354 1.3742310546804208 40.053382863872685 12.282057645730674 1.915475707966835 13.956320848315956 8.6524672027444449 20.462347305845469
leaf_count=408 2603 2407 3167 16372 306 210 393 229 1426 750 141 987 1882 683
internal_value=-0.00149404 0.0379473 0.0457281 -0.0511208 -0.0253823 0.0237156 0.0268045 0.0308046 0.0213355 0.00689415 0.0457223 -0.0463226 -0.0269668 0.0256895
internal_weight=263.606 146.895 137.59 116.71 58.3372 76.3958 75.1136 72.7555 61.89 22.9955 10.7134 35.3418 22.6088 60.5157
internal_count=31964 8923 6516 23041 6669 3349 3139 2746 2338 1197 447 5472 2869 2109
is_linear=0
shrinkage=0.0752388


Tree=33
num_leaves=15
num_cat=0
split_feature=22 4 5 0 10 11 2 1 3 22 23 23 22 0
split_gain=82.6055 20.1519 17.445 12.3618 8.47311 7.60537 3.73142 6.46616 5.15728 3.50269 4.11556 3.33548 3.03226 2.32607
threshold=0.055727554179566569 6.5000000000000009 1.0000000180025095e-35 1.0000000180025095e-35 1.0000000180025095e-35 1.0000000180025095e-35 1.0000000180025095e-35 0.2532745816509227 1.0000000180025095e-35 0.51190476190476197 2.5000000000000004 5.5000000000000009 0.54195804195804198 1.0000000180025095e-35
decision_type=2 2 2 2 2 2 2 2 2 2 2 2 2 2
left_child=2 4 3 11 5 -2 7 8 13 -7 -11 -1 -8 -6
right_child=1 -3 -4 -5 6 9 12 -9 -10 10 -12 -13 -14 -15
leaf_value=0.036480301931336848 -0.083065394715876942 -0.076579421274251214 0.074959115528983863 -0.081433810423634345 0.1081643353085185 0.0072981692699415407 0.011128583460881109 -0.064717612989604711 -0.041978228074301273 0.029446515113665576 -0.072261187548562644 -0.0079449767040266038 -0.057578843506572212 0.029449536545559742
leaf_weight=49.53351258370094 14.316077397204934 57.091474540124182 53.876797526725568 6.316815187688916 7.0462647839449328 15.966784377349542 10.530997766181825 2.6352661431301394 2.1245360448956481 2.9221229776740065 8.7272422036621702 11.788446406600995 5.3708438470494011 3.2219796964200214
leaf_count=1129 3254 17603 2901 1160 331 1555 489 259 81 91 1676 813 420 202
internal_value=-0.00149163 -0.0431662 0.043075 0.0175665 -0.0168796 -0.0388582 0.0129617 0.0396574 0.0623699 -0.0156107 -0.046698 0.0279415 -0.0124043 0.0842586
internal_weight=251.469 129.954 121.516 67.6388 72.8621 41.9322 30.9299 15.028 12.3928 27.6161 11.6494 61.322 15.9018 10.2682
internal_count=31964 25961 6003 3102 8358 6576 1782 873 614 3322 1767 1942 909 533
is_linear=0
shrinkage=0.0752388


Tree=34
num_leaves=15
num_cat=0
split_feature=22 10 11 4 5 0 23 10 16 5 2 0 23 5
split_gain=74.4041 19.868 18.8067 12.5735 6.68113 8.14683 5.79258 3.86508 3.39773 2.931 2.70993 4.34945 2.28693 2.04679
threshold=0.22474747474747478 1.0000000180025095e-35 1.0000000180025095e-35 6.5000000000000009 1.0000000180025095e-35 1.0000000180025095e-35 5.5000000000000009 1.0000000180025095e-35 1.0000000180025095e-35 1.0000000180025095e-35 1.0000000180025095e-35 0.33355880376525432 1.5000000000000002 1.0000000180025095e-35
decision_type=2 2 2 2 2 2 2 2 2 2 2 2 2 2
left_child=1 2 9 6 5 -3 7 8 -2 -1 11 -9 -4 -14
right_child=3 4 12 -5 -6 -7 -8 10 -10 -11 -12 -13 13 -15
leaf_value=-0.075868715669098932 -0.064740006106992043 0.043630889367565734 0.058070938120758836 -0.076440365701489807 0.075951250804714307 -0.085308225460093035 -0.06009408165861746 0.071574898069806409 -0.0028180749686926134 -0.2106749186497785 -0.011943619354038702 -0.071857178151292764 0.0065842887032984045 0.063861063213122807
leaf_weight=9.4151260475045966 8.5135719995014369 31.323608557751868 7.6671705208718768 50.144954101589974 48.739933231729083 2.9008861511247224 17.039737348328345 7.2489438848570007 11.945174013730139 0.9411247740499683 7.8247423972934476 1.299823406152427 31.630798540834803 3.8305875398218623
leaf_count=2749 1136 1208 66 16231 2899 577 3972 225 834 107 317 89 1281 273
internal_value=-0.00147641 0.0350487 -0.000719386 -0.0493711 0.0580662 0.0323715 -0.0240296 -0.00716589 -0.0288746 -0.0910027 0.0199754 0.048888 0.0212045 0.0130187
internal_weight=240.466 136.449 53.4848 104.017 82.9644 34.2245 53.872 36.8323 20.4587 10.3563 16.3735 8.54877 43.1286 35.4614
internal_count=31964 9160 4476 22804 4684 1785 6573 2601 1970 2856 631 314 1620 1554
is_linear=0
shrinkage=0.0752388


Tree=35
num_leaves=15
num_cat=0
split_feature=4 5 22 0 10 0 23 22 10 16 23 0 2 0
split_gain=68.0934 29.8754 12.8725 7.96781 4.6574 4.73366 3.93727 3.81253 3.26153 12.3315 1.77546 1.63371 3.27942 1.46895
threshold=6.5000000000000009 1.0000000180025095e-35 0.22474747474747478 1.0000000180025095e-35 1.0000000180025095e-35 0.018774855177500046 3.5000000000000004 0.34313725490196084 1.0000000180025095e-35 1.0000000180025095e-35 4.5000000000000009 0.015346551295121701 1.0000000180025095e-35 1.0000000180025095e-35
decision_type=2 2 2 2 2 2 2 2 2 2 2 2 2 2
left_child=1 2 3 8 5 -3 11 13 9 -1 -11 12 -4 -8
right_child=-2 4 6 -5 -6 -7 7 -9 -10 10 -12 -13 -14 -15
leaf_value=-0.091697805959726014 -0.07637322096268738 0.032843352053803745 0.10800998140332141 -0.082091571908634961 0.072858559960930713 -0.13501539890487149 -0.0024700895745980783 -0.068180761997465908 0.043094433982015561 0.041878424425545444 0.0069882289945842413 -0.070726710904986959 -0.0050110054891752175 -0.07311750461477344
leaf_weight=5.6030437108129254 52.754951097304001 6.6115489432122549 1.5255834832787485 4.062708228477276 51.100104935816489 0.95453644264489401 10.238379453076051 19.043736905092373 30.098282197955996 19.755598396062851 14.229095521848647 1.441212183330207 10.757672116626054 1.8399461696390051
leaf_count=614 18385 335 22 962 3153 158 900 4326 1141 286 706 119 559 298
internal_value=-0.00146041 0.020881 -0.000861363 0.0184576 0.0647219 0.00941408 -0.0325856 -0.0473287 0.0244863 0.0102274 0.0273668 0.000999314 0.0101802 -0.0140107
internal_weight=230.016 177.261 118.595 73.7487 58.6662 7.56609 44.8465 31.1221 69.686 39.5877 33.9847 13.7245 12.2833 12.0783
internal_count=31964 13579 9933 3709 3646 493 6224 5524 2747 1606 992 700 581 1198
is_linear=0
shrinkage=0.0752388


Tree=36
num_leaves=15
num_cat=0
split_feature=4 5 22 0 10 0 23 22 23 10 16 0 2 1
split_gain=62.5725 27.4866 11.3912 7.21404 4.46042 4.3432 3.61348 3.70765 3.05721 2.43913 9.38543 1.50074 2.82012 1.46467
threshold=6.5000000000000009 1.0000000180025095e-35 0.22474747474747478 1.0000000180025095e-35 1.0000000180025095e-35 0.018774855177500046 3.5000000000000004 0.4045454545454546 1.5000000000000002 1.0000000180025095e-35 1.0000000180025095e-35 0.015346551295121701 1.0000000180025095e-35 0.34550489931503742
decision_type=2 2 2 2 2 2 2 2 2 2 2 2 2 2
left_child=1 2 3 8 5 -3 11 -8 -1 10 -10 12 -4 -6
right_child=-2 4 6 -5 13 -7 7 -9 9 -11 -12 -13 -14 -15
leaf_value=0.057079832803541293 -0.076257251960031053 0.031181511341542026 0.099839753721859839 -0.081385926948211271 0.073540009915786297 -0.13376507497210396 -0.016939273957362017 -0.070261908546827609 -0.090904759737878135 0.034027944344089227 0.019693538463233934 -0.07009018562195253 -0.0046599023405836442 -0.029708665162320857
leaf_weight=12.222813470289109 49.00318607466761 6.4543474675156167 1.5381883615627856 3.8009627388673826 47.28312452044338 0.894699707685504 13.800133459735664 16.035838176612742 5.0068302007857701 23.480515817180276 27.31252365373075 1.3497736258432258 10.711225922685117 0.71448268217500199
leaf_count=128 18385 335 22 962 3099 158 1589 3935 605 1068 946 119 559 54
internal_value=-0.0014568 0.0200772 -0.000868496 0.0175151 0.0635787 0.00878607 -0.0312221 -0.0458103 0.0232114 0.015657 0.002213 0.000936939 0.00953016 0.0719137
internal_weight=219.609 170.605 115.259 71.8236 55.3467 7.34905 43.4352 29.836 68.0227 55.7999 32.3194 13.5992 12.2494 47.9976
internal_count=31964 13579 9933 3709 3646 493 6224 5524 2747 2619 1551 700 581 3153
is_linear=0
shrinkage=0.0752388


Tree=37
num_leaves=15
num_cat=0
split_feature=4 5 22 0 10 0 23 23 2 0 2 22 23 1
split_gain=57.5087 25.3294 10.0524 6.53012 4.29082 3.98335 3.42495 2.80385 2.32087 2.21167 3.16439 2.68589 2.05428 1.38045
threshold=6.5000000000000009 1.0000000180025095e-35 0.22474747474747478 1.0000000180025095e-35 1.0000000180025095e-35 0.018774855177500046 5.5000000000000009 1.5000000000000002 1.0000000180025095e-35 1.0000000180025095e-35 1.0000000180025095e-35 0.65686274509803932 2.5000000000000004 0.34550489931503742
decision_type=2 2 2 2 2 2 2 2 2 2 2 2 2 2
left_child=1 2 3 7 5 -3 9 -1 -9 10 -4 -12 -13 -6
right_child=-2 4 6 -5 13 -7 -8 8 -10 -11 11 12 -14 -15
leaf_value=0.05510889510986778 -0.076147412759463962 0.029571286055523963 0.062978707744628534 -0.080685962669171413 0.072772477832661359 -0.13234243940354137 -0.060764322469640419 0.052631856321941985 0.0083842525927505067 -0.074575412671340019 0.008784471605951933 -0.0012568087433863795 -0.067152213462197602 -0.028129684286129827
leaf_weight=11.73211310058832 45.514817316143308 6.3078845916315904 3.0130605942104074 3.5561795418034299 44.302750268951058 0.84002588764997188 13.572156742447985 7.6896679084748021 47.16273290180834 2.9827498388476661 11.205285732168704 4.2500173607841134 7.1157034519128501 0.70669733465183426
leaf_count=128 18385 335 64 962 3099 158 3869 464 2155 377 796 157 961 54
internal_value=-0.00144668 0.0192813 -0.000863775 0.0165758 0.0625238 0.00817284 -0.0298471 0.0219431 0.0147162 -0.0149133 -0.00755624 -0.0173321 -0.0428551 0.0710984
internal_weight=209.952 164.437 112.28 70.1407 52.1574 7.14791 42.139 66.5845 54.8524 28.5668 25.5841 22.571 11.3657 45.0094
internal_count=31964 13579 9933 3709 3646 493 6224 2747 2619 2355 1978 1914 1118 3153
is_linear=0
shrinkage=0.0752388


Tree=38
num_leaves=15
num_cat=0
split_feature=4 5 22 3 0 2 10 0 23 23 0 2 22 23
split_gain=52.8408 23.3461 8.87523 6.15422 6.23098 5.89386 4.1291 3.65187 3.20711 2.20053 2.0807 2.74775 2.4218 1.95836
threshold=6.5000000000000009 1.0000000180025095e-35 0.22474747474747478 1.0000000180025095e-35 1.0000000180025095e-35 1.0000000180025095e-35 1.0000000180025095e-35 0.018774855177500046 5.5000000000000009 1.5000000000000002 1.0000000180025095e-35 1.0000000180025095e-35 0.65686274509803932 2.5000000000000004
decision_type=2 2 2 2 2 2 2 2 2 2 2 2 2 2
left_child=1 2 3 4 5 -1 7 -3 10 -7 11 -4 -13 -14
right_child=-2 6 8 -5 -6 9 -8 -9 -10 -11 -12 12 13 -15
leaf_value=0.080960096810155549 -0.076043036662070018 0.028014041817139755 0.058640483977394867 -0.17415485677159578 -0.079992122008048963 0.047615763471508393 0.070278833286706227 -0.13075423990396723 -0.059483011746813849 0.0077762932706759262 -0.074108741575663203 0.008073712040635634 -0.0011667958630605824 -0.066264035358488557
leaf_weight=8.5794926956295949 42.271941078361124 6.1714697745628646 3.0041314731352093 0.80295164161361654 3.3272382334107524 9.2901719175279123 42.215352687519044 0.79004187666578207 12.852536992693784 47.040953960560728 2.7842559311538926 11.284637464676052 4.2454256722703576 6.6870702018495649
leaf_count=410 18385 335 64 85 962 97 3153 158 3869 2155 377 796 157 961
internal_value=-0.00142925 0.0184521 -0.000848411 0.0155908 0.0182074 0.0234169 0.0614535 0.00757592 -0.0285815 0.0144576 -0.0141542 -0.00712945 -0.0163623 -0.0413491
internal_weight=201.348 159.076 109.899 69.0408 68.2379 64.9106 49.1769 6.96151 40.8581 56.3311 28.0055 25.2213 22.2171 10.9325
internal_count=31964 13579 9933 3709 3624 2662 3646 493 6224 2252 2355 1978 1914 1118
is_linear=0
shrinkage=0.0752388


Tree=39
num_leaves=15
num_cat=0
split_feature=4 5 22 3 0 2 10 0 23 22 23 1 0 3
split_gain=48.5568 21.4457 7.83107 5.43666 5.63081 5.61559 3.95604 3.34668 3.03849 3.49605 1.9906 1.80447 1.27061 1.43867
threshold=6.5000000000000009 1.0000000180025095e-35 0.22474747474747478 1.0000000180025095e-35 1.0000000180025095e-35 1.0000000180025095e-35 1.0000000180025095e-35 0.018774855177500046 3.5000000000000004 0.4045454545454546 1.5000000000000002 0.35369022677140921 1.0000000180025095e-35 1.0000000180025095e-35
decision_type=2 2 2 2 2 2 2 2 2 2 2 2 2 2
left_child=1 2 3 4 5 -1 7 -3 -4 12 -7 -8 13 -10
right_child=-2 6 8 -5 -6 10 11 -9 9 -11 -12 -13 -14 -15
leaf_value=0.080333086560862466 -0.075943502384111447 0.026510881308208931 0.002379986709265044 -0.16421071626868153 -0.079304569283293644 0.045635895231618928 0.071296170609789822 -0.12900802514547316 0.0029092860268282801 -0.068404669736204071 0.007210998207891138 -0.052042094973224748 -0.071768404280788872 -0.10168748752975701
leaf_weight=8.0185571804176998 39.257786452479195 6.0444510048255315 13.060599867720155 0.79698578541865472 3.1131051479023872 8.9826587438583356 39.109445175155997 0.74432171491207544 10.703100701735821 13.561226440011522 46.928433573280927 0.58023569348733772 1.6889395292382676 0.6467886895406999
leaf_count=410 18385 335 700 85 962 97 3106 158 1201 3935 2155 47 361 27
internal_value=-0.00141664 0.0176408 -0.000842126 0.0146764 0.0171713 0.022047 0.0602529 0.00699673 -0.027341 -0.0418643 0.0134918 0.0693005 -0.0137883 -0.0043222
internal_weight=193.237 153.979 107.5 67.8397 67.0428 63.9296 46.4785 6.78877 39.6607 26.6001 55.9111 39.6897 13.0388 11.3499
internal_count=31964 13579 9933 3709 3624 2662 3646 493 6224 5524 2252 3153 1589 1228
is_linear=0
shrinkage=0.0752388


Tree=40
num_leaves=15
num_cat=0
split_feature=4 5 0 22 3 2 6 2 23 22 23 22 10 10
split_gain=44.6152 19.7536 7.0828 7.60298 7.47955 9.14939 7.69184 4.64045 3.88083 3.84963 2.58712 1.84825 1.30249 1.2971
threshold=6.5000000000000009 1.0000000180025095e-35 1.0000000180025095e-35 0.51190476190476197 1.0000000180025095e-35 1.0000000180025095e-35 1.0000000180025095e-35 1.0000000180025095e-35 4.5000000000000009 0.080128205128205135 2.5000000000000004 0.25657894736842107 1.0000000180025095e-35 1.0000000180025095e-35
decision_type=2 2 2 2 2 2 2 2 2 2 2 2 2 2
left_child=1 2 3 4 5 -1 -7 -5 -8 12 -9 -10 -3 -11
right_child=-2 9 -4 7 -6 6 8 10 11 13 -12 -13 -14 -15
leaf_value=0.087399293895242508 -0.075848213461611413 0.029040059754548431 -0.078159902231727252 0.11486964556727447 -0.13674219406432581 -0.16497725363398999 0.027956288218561418 -0.0012536871617127852 0.00073659777904004045 -0.029516151575439277 -0.069810411154731508 -0.045892436477681597 0.075715917627593637 0.032664364727876836
leaf_weight=9.0633406483102572 36.456656323483912 4.0879482593736602 6.1540921864216207 0.8658665975090124 1.6847794265486289 1.2784259551553976 37.054193837568164 4.2498579490929851 27.854629189940169 2.5407459036214259 11.585330883273853 5.6630988143151617 30.839597443235107 6.3850044461432844
leaf_count=444 18385 311 1629 19 122 128 1009 157 1821 182 3282 1322 2603 550
internal_value=-0.00140834 0.0168268 -0.000841696 0.00406276 0.0134379 0.0168167 0.00774676 -0.0420056 0.0112252 0.0591694 -0.0515988 -0.00731418 0.0704031 0.0147657
internal_weight=185.764 149.307 105.454 99.2995 82.5985 80.9137 71.8503 16.7011 70.5719 43.8533 15.8352 33.5177 34.9275 8.92575
internal_count=31964 13579 9933 8304 4846 4724 4280 3458 4152 3646 3439 3143 2914 732
is_linear=0
shrinkage=0.0752388


Tree=41
num_leaves=15
num_cat=0
split_feature=4 5 0 22 3 2 6 23 22 23 22 10 1 2
split_gain=41.033 18.1106 6.52595 6.75871 6.6559 8.57108 6.8935 4.21659 3.77251 3.3628 1.66765 1.32484 1.31095 1.48059
threshold=6.5000000000000009 1.0000000180025095e-35 1.0000000180025095e-35 0.51190476190476197 1.0000000180025095e-35 1.0000000180025095e-35 1.0000000180025095e-35 2.5000000000000004 0.080128205128205135 4.5000000000000009 0.25657894736842107 1.0000000180025095e-35 0.2532745816509227 1.0000000180025095e-35
decision_type=2 2 2 2 2 2 2 2 2 2 2 2 2 2
left_child=1 2 3 4 5 -1 -7 -5 11 -8 -11 -3 13 -10
right_child=-2 8 -4 7 -6 6 9 -9 12 10 -12 -13 -14 -15
leaf_value=0.086585558438783086 -0.07575661165235105 0.027602219008812958 -0.077740833508665869 0.016162625330168164 -0.13109728148626507 -0.15888451617806654 0.026131516696361493 -0.066596381265522808 0.038734240455983997 0.0006814620475393843 -0.044363200223363049 0.075283473126297573 -0.060416847690718894 -0.048150149979590447
leaf_weight=8.4838275669608247 33.853866957331775 3.989180468954145 5.7384548541740505 5.0047204503789535 1.6336609942081839 1.2351520862430323 36.684702799189836 10.951492399559354 6.5720105895306897 27.855279101291671 5.431857780145946 28.763355683651753 1.0290620790910905 1.1945425425656138
leaf_count=444 18385 311 1629 165 122 128 1009 3293 519 1821 1322 2603 147 66
internal_value=-0.00138799 0.0160887 -0.000843942 0.00380684 0.0126054 0.0157964 0.00719516 -0.0407316 0.0579229 0.0104664 -0.00683804 0.0696311 0.0138805 0.0247001
internal_weight=178.421 144.567 103.019 97.2807 81.3245 79.6908 71.207 15.9562 41.5482 69.9718 33.2871 32.7525 8.79562 7.76655
internal_count=31964 13579 9933 8304 4846 4724 4280 3458 3646 4152 3143 2914 732 585
is_linear=0
shrinkage=0.0752388


Tree=42
num_leaves=15
num_cat=0
split_feature=4 5 0 22 3 2 6 2 10 0 23 23 0 22
split_gain=37.7324 16.6148 6.01309 5.99469 5.93327 8.02567 6.16189 4.07424 3.67476 3.00828 2.91142 2.34479 1.82324 1.50245
threshold=6.5000000000000009 1.0000000180025095e-35 1.0000000180025095e-35 0.51190476190476197 1.0000000180025095e-35 1.0000000180025095e-35 1.0000000180025095e-35 1.0000000180025095e-35 1.0000000180025095e-35 0.018774855177500046 4.5000000000000009 2.5000000000000004 0.33355880376525432 0.25657894736842107
decision_type=2 2 2 2 2 2 2 2 2 2 2 2 2 2
left_child=1 2 3 4 5 -1 -7 -5 9 -3 -8 -9 -10 -12
right_child=-2 8 -4 7 -6 6 10 11 12 -11 13 -13 -14 -15
leaf_value=0.085804098803041337 -0.075668155341581736 0.023450665627924673 -0.077327808912358312 0.1078357839599231 -0.12593042913516439 -0.15254288376274161 0.024405915233281377 -0.0023146690645825313 0.069077059060481796 -0.128556783390149 0.00063045393468951416 -0.068488052013635115 -0.062661847048006231 -0.042833557995940484
leaf_weight=7.9392166985198847 31.435695497086272 5.7258419180288902 5.3506828658573786 0.85917415237053951 1.5810356104047958 1.1975505793816399 36.347630368545651 4.3046399131417283 32.434130713227205 0.69011196139035735 27.855882478528656 10.183074851694981 0.49367247789632429 5.2164528850116758
leaf_count=444 18385 335 1629 19 122 128 1009 157 3111 158 1821 3282 42 1322
internal_value=-0.00137603 0.0153485 -0.000852824 0.00354924 0.0118136 0.0148248 0.00667695 -0.0392963 0.0567141 0.00449182 0.00975242 -0.0490556 0.0668218 -0.00639043
internal_weight=171.615 140.179 100.835 95.4847 80.1378 78.5567 70.6175 15.3469 39.3438 6.41595 69.42 14.4877 32.9278 33.0723
internal_count=31964 13579 9933 8304 4846 4724 4280 3458 3646 493 4152 3439 3153 3143
is_linear=0
shrinkage=0.0752388


Tree=43
num_leaves=15
num_cat=0
split_feature=4 10 11 5 3 0 2 4 5 16 22 23 22 5
split_gain=34.7048 15.2956 15.748 7.02847 5.74953 4.30011 7.00781 6.15755 3.29282 7.94489 3.02137 2.9783 2.66522 2.44301
threshold=6.5000000000000009 1.0000000180025095e-35 1.0000000180025095e-35 1.0000000180025095e-35 1.0000000180025095e-35 1.0000000180025095e-35 1.0000000180025095e-35 1.0000000180025095e-35 1.0000000180025095e-35 1.0000000180025095e-35 0.57518796992481214 4.5000000000000009 0.25657894736842107 1.0000000180025095e-35
decision_type=2 2 2 2 2 2 2 2 2 2 2 2 2 2
left_child=1 2 13 4 5 6 -3 10 9 -4 -8 -11 -13 -1
right_child=-2 3 8 -5 -6 -7 7 -9 -10 11 -12 12 -14 -15
leaf_value=-0.075619001044712975 -0.075582333775232782 0.090041771592696093 -0.091180504821831793 0.065988429418192412 -0.12596646698665659 -0.077568674542336707 0.029112539974458812 -0.14744768676109615 0.064028163562521931 0.02727539937904638 -0.046810147364722124 0.0040362592466779493 -0.057618042695041151 -0.17953823298617949
leaf_weight=9.8360117573465651 29.189320771314669 8.2073819276411069 4.7572488988225805 30.904843462514691 1.3653386123478402 2.0969658734975374 22.193733558058746 1.1692675137892354 4.8075280615012153 24.564317387528718 3.281574137043207 16.136615724302832 5.1036114703165358 1.4715368150791626
leaf_count=3664 18385 452 627 3153 36 348 1002 32 325 768 391 833 1780 168
internal_value=-0.00137005 0.0146371 -0.0110729 0.0393726 0.0177271 0.0235335 0.0299285 0.0110041 0.00552858 -0.000209743 0.019112 0.00951005 -0.0110836 -0.091355
internal_weight=165.085 135.896 66.6769 69.2191 38.3143 36.9489 34.852 26.6446 55.3693 50.5618 25.4753 45.8045 21.2402 11.3075
internal_count=31964 13579 8165 5414 2261 2225 1877 1425 4333 4008 1393 3381 2613 3832
is_linear=0
shrinkage=0.0752388


Tree=44
num_leaves=15
num_cat=0
split_feature=4 5 0 22 3 2 6 22 23 23 10 22 10 16
split_gain=31.9255 13.9996 5.10437 4.84862 4.73955 6.95992 4.91308 3.70013 3.59433 2.33849 1.34961 1.21522 1.18099 8.24971
threshold=6.5000000000000009 1.0000000180025095e-35 1.0000000180025095e-35 0.51190476190476197 1.0000000180025095e-35 1.0000000180025095e-35 1.0000000180025095e-35 0.080128205128205135 2.5000000000000004 4.5000000000000009 1.0000000180025095e-35 0.25657894736842107 1.0000000180025095e-35 1.0000000180025095e-35
decision_type=2 2 2 2 2 2 2 2 2 2 2 2 2 2
left_child=1 2 3 4 5 -1 -7 10 -5 12 -3 -11 13 -8
right_child=-2 7 -4 8 -6 6 9 -9 -10 11 -12 -13 -14 -15
leaf_value=0.084283177496042458 -0.075498653959934117 0.023650767346349483 -0.076512295012906614 0.014384835495017819 -0.11647711816050051 -0.13920347222562282 -0.087964990679031421 0.0087643852793174368 -0.064414803600556653 0.0002574506546222196 0.074100874850039064 -0.04005877412277313 0.041867180994485699 0.031450406567450385
leaf_weight=6.9204347638878962 27.102773934835568 3.6432530046731726 4.6483206891571163 4.9535694522783151 1.4780794399848662 1.143980954075231 3.7480758600868311 7.8482824963284648 9.2590077295899373 27.658416354912333 23.649203529814258 4.8438528713886617 11.33862650580704 20.32278155721724
leaf_count=444 18385 311 1629 165 122 128 216 732 3293 1821 2603 1322 342 451
internal_value=-0.00138371 0.0139667 -0.00088633 0.00306945 0.010497 0.0131959 0.00590158 0.0545043 -0.0370895 0.00865273 0.0675354 -0.00591016 0.0219879 0.0124189
internal_weight=158.559 131.456 96.3151 91.6668 77.4542 75.9762 69.0557 35.1407 14.2126 67.9118 27.2925 32.5023 35.4095 24.0709
internal_count=31964 13579 9933 8304 4846 4724 4280 3646 3458 4152 2914 3143 1009 667
is_linear=0
shrinkage=0.0752388


Tree=45
num_leaves=15
num_cat=0
split_feature=4 5 0 2 3 22 6 22 23 23 10 16 10 23
split_gain=29.3865 12.763 4.70766 4.43403 9.41833 5.0068 4.38257 3.60599 2.12642 2.10616 1.69587 10.3968 1.3618 1.11257
threshold=6.5000000000000009 1.0000000180025095e-35 1.0000000180025095e-35 1.0000000180025095e-35 1.0000000180025095e-35 0.51190476190476197 1.0000000180025095e-35 0.080128205128205135 2.5000000000000004 8.5000000000000018 1.0000000180025095e-35 1.0000000180025095e-35 1.0000000180025095e-35 4.5000000000000009
decision_type=2 2 2 2 2 2 2 2 2 2 2 2 2 2
left_child=1 2 3 4 -1 6 -5 12 -7 10 11 -8 -3 -9
right_child=-2 7 -4 5 -6 8 9 13 -10 -11 -12 -13 -14 -15
leaf_value=0.088831806899895713 -0.075416636266554996 0.022387977656344211 -0.076111160306240822 -0.13319211327808264 -0.11106209600013359 -0.0018532447186993197 -0.085058206267946537 0.042337897170694562 -0.066635841426584672 -0.027610886729997227 0.031268975048019988 0.020612931180567458 0.073664000071931066 -0.014639770589628905
leaf_weight=7.2338660554960352 25.164885692123789 3.5706817233585779 4.3340598413487887 1.1137370309152164 1.4917207214748485 4.2786115333437911 6.0948190721683195 3.072085791733115 8.6040830407291633 8.0706765254726616 19.262800620403141 33.568066603504121 22.061224278528243 4.7359862623561639
leaf_count=452 18385 311 1629 128 133 157 850 156 3282 1220 778 1304 2603 576
internal_value=-0.00136984 0.0133185 -0.000898527 0.00285796 0.0533355 -0.00267028 0.00549417 0.0531273 -0.045394 0.00809733 0.0130468 0.00411096 0.0666958 0.00816022
internal_weight=152.657 127.492 94.0524 89.7184 8.72559 80.9928 68.1101 33.44 12.8827 66.9964 58.9257 39.6629 25.6319 7.80807
internal_count=31964 13579 9933 8304 585 7719 4280 3646 3439 4152 2932 2154 2914 732
is_linear=0
shrinkage=0.0752388


Tree=46
num_leaves=15
num_cat=0
split_feature=4 5 0 2 3 22 6 22 23 23 10 0 2 3
split_gain=27.0531 11.6299 4.34212 4.05781 8.63869 4.48109 3.90934 3.49864 2.03945 1.96327 1.37112 1.09337 1.44422 1.53858
threshold=6.5000000000000009 1.0000000180025095e-35 1.0000000180025095e-35 1.0000000180025095e-35 1.0000000180025095e-35 0.51190476190476197 1.0000000180025095e-35 0.080128205128205135 2.5000000000000004 4.5000000000000009 1.0000000180025095e-35 0.1100310661145308 1.0000000180025095e-35 1.0000000180025095e-35
decision_type=2 2 2 2 2 2 2 2 2 2 2 2 2 2
left_child=1 2 3 4 -1 6 -5 10 -7 -8 -3 12 13 -9
right_child=-2 7 -4 5 -6 8 9 11 -10 -11 -12 -13 -14 -15
leaf_value=0.087987350590507607 -0.07533581334638613 0.021171293048929916 -0.075711791556361444 -0.12745233418142896 -0.10763154903177291 -0.0017213599729078491 0.020081042513453252 0.060977198012476641 -0.065864586210229323 -0.0057928526556581105 0.073218880109569284 -0.041668264815865469 -0.048935863593670068 -0.042149632766486776
leaf_weight=6.7729312854353321 23.365239361155545 3.5032578219543273 4.0411161427909965 1.0843510322738428 1.4306848647247532 4.2718136273324481 34.10909945005551 3.9344284229446194 8.0721331199747492 32.102767600037623 20.582884618546814 1.7932782908028455 1.1321647649165241 0.90824401564896096
leaf_count=452 18385 311 1629 128 133 157 1009 399 3282 3143 2603 206 66 61
internal_value=-0.00135809 0.0126865 -0.000917276 0.00264895 0.0525285 -0.00257977 0.00509267 0.0517443 -0.0439591 0.00755164 0.0658298 0.00764325 0.0231131 0.0409385
internal_weight=147.104 123.739 91.8849 87.8438 8.20362 79.6402 67.2962 31.8543 12.3439 66.2119 24.0861 7.76812 5.97484 4.84267
internal_count=31964 13579 9933 8304 585 7719 4280 3646 3439 4152 2914 732 526 460
is_linear=0
shrinkage=0.0752388


Tree=47
num_leaves=15
num_cat=0
split_feature=4 10 11 5 3 0 2 4 5 16 23 22 5 22
split_gain=24.9057 10.7737 13.3165 5.52082 3.78277 2.95296 5.46533 4.02252 2.73239 6.27458 2.06723 1.9311 1.87723 1.77357
threshold=6.5000000000000009 1.0000000180025095e-35 1.0000000180025095e-35 1.0000000180025095e-35 1.0000000180025095e-35 1.0000000180025095e-35 1.0000000180025095e-35 1.0000000180025095e-35 1.0000000180025095e-35 1.0000000180025095e-35 6.5000000000000009 0.57518796992481214 1.0000000180025095e-35 0.087121212121212141
decision_type=2 2 2 2 2 2 2 2 2 2 2 2 2 2
left_child=1 2 12 4 5 6 -3 11 9 -4 -11 -8 -1 -5
right_child=-2 3 8 13 -6 -7 7 -9 -10 10 -12 -13 -14 -15
leaf_value=-0.075054640545168833 -0.075255730436593185 0.087165287008357031 -0.087651751015516935 0.072743147159557556 -0.1077891606064509 -0.074352163424444576 0.024154151772128915 -0.1214810505174852 0.061292708182446219 0.017190178708269607 -0.020851427990934691 -0.040970233053719836 -0.16968367069188242 0.02278246669144322
leaf_weight=7.8273029515403305 21.694122406333918 6.3404275539796826 4.0991872042941386 19.234394131810408 1.2060172138735641 1.6214045884262294 21.39189707220067 1.1072034486569453 4.2922324718674636 33.437680254690349 10.509405741293447 2.7875559494132167 1.4428333168907554 5.3023838994558892
leaf_count=3664 18385 452 627 2610 36 348 1002 32 325 1610 1771 391 168 543
internal_value=-0.00133293 0.012043 -0.00995468 0.0349831 0.0154443 0.0203867 0.0255775 0.00970435 0.0048553 -0.000364778 0.00805229 0.0164362 -0.0922943 0.0621544
internal_weight=142.294 120.6 61.6086 58.9913 34.4545 33.2485 31.6271 25.2867 52.3385 48.0463 43.9471 24.1795 9.27014 24.5368
internal_count=31964 13579 8165 5414 2261 2225 1877 1425 4333 4008 3381 1393 3832 3153
is_linear=0
shrinkage=0.0752388


Tree=48
num_leaves=15
num_cat=0
split_feature=4 5 0 2 3 22 22 6 23 23 10 22 7 24
split_gain=22.9292 9.74251 3.69675 3.39514 7.28324 3.76057 3.13746 3.13578 1.9803 1.6053 1.38626 1.03425 1.03363 1.06181
threshold=6.5000000000000009 1.0000000180025095e-35 1.0000000180025095e-35 1.0000000180025095e-35 1.0000000180025095e-35 0.51190476190476197 0.080128205128205135 1.0000000180025095e-35 2.5000000000000004 4.5000000000000009 1.0000000180025095e-35 0.25657894736842107 0.76607142857142874 0.90238095238095251
decision_type=2 2 2 2 2 2 2 2 2 2 2 2 2 2
left_child=1 2 3 4 -1 7 10 -5 -7 -9 -3 -11 13 -8
right_child=-2 6 -4 5 -6 8 12 9 -10 11 -12 -13 -14 -15
leaf_value=0.086364212402768217 -0.075175945392954732 0.018199997601029656 -0.074916365690231732 -0.11685988842160984 -0.10123171051574369 -0.0002001720370871728 -0.021171431954610284 0.018237005999064266 -0.064733090510860972 0.00030230424596779581 0.072293616526029128 -0.03783318368369587 0.070095106428562773 0.050426079896543879
leaf_weight=5.9347284575924268 20.142483387986431 3.2937655623827657 3.5120681509724809 1.030195164727046 1.3150061563937923 4.1913577290251833 4.9870399496867313 33.412843451835215 7.3761976091482211 27.259346998180266 17.927672107703984 4.5701350087765595 1.0859739002771673 1.3676004286971872
leaf_count=452 18385 311 1629 128 133 157 508 1009 3282 1821 2603 1322 114 110
internal_value=-0.00133282 0.0114325 -0.000925321 0.00225739 0.0509504 -0.00236858 0.0494363 0.00456916 -0.0416577 0.00675497 0.0640878 -0.00532776 0.00720018 -0.00494095
internal_weight=137.406 117.264 88.6019 85.0898 7.24973 77.8401 28.6621 66.2725 11.5676 65.2423 21.2214 31.8295 7.44061 6.35464
internal_count=31964 13579 9933 8304 585 7719 3646 4280 3439 4152 2914 3143 732 618
is_linear=0
shrinkage=0.0752388


Tree=49
num_leaves=15
num_cat=0
split_feature=4 10 11 5 3 0 2 4 5 16 22 23 22 22
split_gain=21.1245 9.00963 12.0404 4.81765 3.09611 2.456 4.75148 3.27937 2.4496 5.72066 1.75172 1.70554 2.49063 1.53926
threshold=6.5000000000000009 1.0000000180025095e-35 1.0000000180025095e-35 1.0000000180025095e-35 1.0000000180025095e-35 1.0000000180025095e-35 1.0000000180025095e-35 1.0000000180025095e-35 1.0000000180025095e-35 1.0000000180025095e-35 0.087121212121212141 2.5000000000000004 0.53137254901960795 0.57518796992481214
decision_type=2 2 2 2 2 2 2 2 2 2 2 2 2 2
left_child=1 2 -1 4 5 6 -3 13 9 -4 -5 -11 -13 -8
right_child=-2 3 8 10 -6 -7 7 -9 -10 11 -12 12 -14 -15
leaf_value=-0.09179081863270537 -0.075096010262946974 0.085582795751174126 -0.086696507666753783 0.071783437545514708 -0.10082780652444816 -0.072789817559987105 0.022173463220213147 -0.11163984052803014 0.059645901934526221 0.032864767166257941 0.020912130787071718 0.0059696451029483052 -0.060870806810490542 -0.037917416222805721
leaf_weight=8.4403179721703037 18.701891455144505 5.5542870364151957 3.8352088006504337 16.762469375622462 1.1184544833376993 1.4247674239450123 21.109527058433748 1.0562801952473808 4.0268866525730109 10.977457188069819 5.160185463493689 29.016619391273707 3.386035122035536 2.582065521972253
leaf_count=3832 18385 452 627 2610 36 348 1002 32 325 179 543 1760 1442 391
internal_value=-0.0012981 0.0108449 -0.00937056 0.0328392 0.0144923 0.0190211 0.0236813 0.00934878 0.00443763 -0.000448071 0.0600368 0.00745448 -0.00126787 0.0154235
internal_weight=133.152 114.451 59.6825 54.768 32.8454 31.7269 30.3022 24.7479 51.2422 47.2153 21.9227 43.3801 32.4027 23.6916
internal_count=31964 13579 8165 5414 2261 2225 1877 1425 4333 4008 3153 3381 3202 1393
is_linear=0
shrinkage=0.0752388


Tree=50
num_leaves=15
num_cat=0
split_feature=4 10 11 5 3 5 16 0 2 4 22 23 23 22
split_gain=19.464 8.03206 11.2129 4.55488 2.78416 2.2299 5.21747 2.22322 4.4913 2.93153 1.75628 1.60709 1.49676 1.65869
threshold=6.5000000000000009 1.0000000180025095e-35 1.0000000180025095e-35 1.0000000180025095e-35 1.0000000180025095e-35 1.0000000180025095e-35 1.0000000180025095e-35 1.0000000180025095e-35 1.0000000180025095e-35 1.0000000180025095e-35 0.087121212121212141 6.5000000000000009 3.5000000000000004 0.41421568627450983
decision_type=2 2 2 2 2 2 2 2 2 2 2 2 2 2
left_child=1 2 -1 4 7 6 -4 8 -3 12 -5 -8 -10 -14
right_child=-2 3 5 10 -6 -7 11 -9 9 -11 -12 -13 13 -15
leaf_value=-0.091836620742810168 -0.075015492958228944 0.084819732221225977 -0.0854468779316465 0.071274944329863865 -0.097706984438394914 0.058194608280526167 0.015070791693886384 -0.072022346533556131 0.037895050643904388 -0.10741033388819822 0.019683846378004684 -0.018829519791147387 0.009745597637774198 -0.061359010857187569
leaf_weight=7.8247697990591396 17.364492756503751 5.1976349720498609 3.6094239944359279 15.655370297143238 1.0739375804550935 3.8283030729508019 32.761846391484141 1.3366195427661285 9.1426904695108586 1.02258801460266 5.0823609321378163 10.281336514744906 12.317483552498741 2.0294857234694055
leaf_count=3832 18385 452 627 2610 36 325 1610 348 282 32 543 1771 660 451
internal_value=-0.00129614 0.0103064 -0.00894369 0.031505 0.0136442 0.00414332 -0.000467521 0.0179553 0.022351 0.00866178 0.0588674 0.00693539 0.014376 -0.000852984
internal_weight=128.528 111.164 58.3057 52.8582 32.1204 50.4809 46.6526 31.0465 29.7099 24.5122 20.7377 43.0432 23.4897 14.347
internal_count=31964 13579 8165 5414 2261 4333 4008 2225 1877 1425 3153 3381 1393 1111
is_linear=0
shrinkage=0.0752388


Tree=51
num_leaves=15
num_cat=0
split_feature=4 5 0 22 2 3 22 6 23 10 23 1 10 16
split_gain=17.9363 7.17885 2.8744 2.74822 2.59367 5.66106 2.83309 2.28343 1.78848 1.43969 1.37762 1.02832 0.968811 7.11117
threshold=6.5000000000000009 1.0000000180025095e-35 1.0000000180025095e-35 0.080128205128205135 1.0000000180025095e-35 1.0000000180025095e-35 0.51190476190476197 1.0000000180025095e-35 2.5000000000000004 1.0000000180025095e-35 8.5000000000000018 0.2532745816509227 1.0000000180025095e-35 1.0000000180025095e-35
decision_type=2 2 2 2 2 2 2 2 2 2 2 2 2 2
left_child=1 2 4 9 5 -1 7 -6 -8 -3 12 -5 13 -9
right_child=-2 3 -4 11 6 -7 8 10 -10 -11 -12 -13 -14 -15
leaf_value=0.084073729667200059 -0.074933954274519335 0.012643991582106811 -0.07366897713198256 0.017067160949015427 -0.10389877010117479 -0.093151799419411443 0.00064817241963107904 -0.081923153337966265 -0.062643956759826341 0.070778805674447082 -0.023633938667491694 -0.062433734470476641 0.024029333953887941 0.01557070336479459
leaf_weight=4.8633806337602428 16.122976254773675 2.9723765846865762 2.8016540777898618 6.1537855840288094 0.93997709990071499 1.1459786397463174 4.1370575102046114 4.7127066415850996 6.3303589146235026 14.603651633078698 7.7414202711079261 0.92682465761026822 18.358476041816175 32.550092307385057
leaf_count=452 18385 311 1629 585 128 133 157 850 3282 2603 1220 147 778 1304
internal_value=-0.00128766 0.00977273 -0.000775258 0.045313 0.00188713 0.048806 -0.00197559 0.00396132 -0.0379793 0.0611409 0.00580737 0.00556238 0.00995853 0.0029564
internal_weight=124.361 108.238 83.5811 24.6566 80.7794 6.00936 74.7701 64.3027 10.4674 17.576 63.3627 7.08061 55.6213 37.2628
internal_count=31964 13579 9933 3646 8304 585 7719 4280 3439 2914 4152 732 2932 2154
is_linear=0
shrinkage=0.0752388


Tree=52
num_leaves=15
num_cat=0
split_feature=4 5 0 22 2 3 22 6 23 10 23 7 23 0
split_gain=16.5283 6.5045 2.65495 2.61969 2.37532 5.21593 2.52107 2.05557 1.6944 1.42412 1.29228 0.948559 0.952221 0.867633
threshold=6.5000000000000009 1.0000000180025095e-35 1.0000000180025095e-35 0.080128205128205135 1.0000000180025095e-35 1.0000000180025095e-35 0.51190476190476197 1.0000000180025095e-35 2.5000000000000004 1.0000000180025095e-35 2.5000000000000004 0.76607142857142874 4.5000000000000009 1.0000000180025095e-35
decision_type=2 2 2 2 2 2 2 2 2 2 2 2 2 2
left_child=1 2 4 9 5 -1 7 -6 -8 -3 -9 12 -5 -14
right_child=-2 3 -4 11 6 -7 8 10 -10 -11 -12 -13 13 -15
leaf_value=0.083343491951227075 -0.074850956183293682 0.011864338227551134 -0.073249885737441553 0.031125066620762927 -0.10024462061151251 -0.090809551472909686 0.00060080652249914319 0.025769396362284345 -0.061721797714614307 0.070229285131238189 -0.00030886049639140833 0.06863495940247169 -0.0021988557036294997 -0.075663122577252578
leaf_weight=4.5502062120940527 14.97053811365913 2.9406773407245099 2.6137455073039737 2.2350247375434256 0.90775395951641158 1.0930735436559187 4.1393506815657002 13.614824097603558 5.958164744253736 13.648373801901471 49.172595300333342 0.97097925795242179 2.5004208467435096 1.2867265987006247
leaf_count=452 18385 311 1629 127 128 133 157 249 3282 2603 3903 114 277 214
internal_value=-0.00127962 0.00924018 -0.000792792 0.0439285 0.0017273 0.0481071 -0.00191162 0.00365306 -0.0365451 0.0600858 0.00539475 0.00513538 -0.00654714 -0.0291245
internal_weight=120.602 105.632 82.0497 23.5822 79.436 5.64328 73.7927 63.6952 10.0975 16.5891 62.7874 6.99315 6.02217 3.78715
internal_count=31964 13579 9933 3646 8304 585 7719 4280 3439 2914 4152 732 618 491
is_linear=0
shrinkage=0.0752388


Tree=53
num_leaves=15
num_cat=0
split_feature=4 10 11 5 3 5 16 0 2 4 22 23 22 23
split_gain=15.2408 6.04378 10.0426 3.74211 2.07712 1.95391 4.41027 1.67891 3.67414 2.19036 1.61383 1.2403 1.64475 1.21524
threshold=6.5000000000000009 1.0000000180025095e-35 1.0000000180025095e-35 1.0000000180025095e-35 1.0000000180025095e-35 1.0000000180025095e-35 1.0000000180025095e-35 1.0000000180025095e-35 1.0000000180025095e-35 1.0000000180025095e-35 0.087121212121212141 4.5000000000000009 0.43303571428571436 3.5000000000000004
decision_type=2 2 2 2 2 2 2 2 2 2 2 2 2 2
left_child=1 2 -1 4 7 6 -4 8 -3 13 -5 -8 -13 -10
right_child=-2 3 5 10 -6 -7 11 -9 9 -11 -12 12 -14 -15
leaf_value=-0.093236936509086599 -0.074766059278196864 0.082627708275239339 -0.083391746313871584 0.069621530436483711 -0.089704509519171693 0.056347021130065907 0.018176962986909104 -0.069666853827007047 0.034400025086485209 -0.096526937789912406 0.018180268580803162 0.00091385920717398797 -0.062529181609969842 -0.0010904366055499023
leaf_weight=6.7242581647005855 13.900846326141616 4.2568652236368605 3.2091061101964433 12.783043454284782 0.94480393826961417 3.5567209682194507 22.47160764131695 1.09974097466329 8.7675664369016939 0.93713290151208539 4.8925943332724264 17.290882653789598 2.5170169544871888 14.062872728449291
leaf_count=3832 18385 452 627 2610 36 325 768 348 282 32 543 1188 1425 1111
internal_value=-0.0012407 0.00872855 -0.00808753 0.0283343 0.0120709 0.00383987 -0.000440422 0.0158233 0.0195375 0.0077824 0.0556603 0.00613323 -0.00756465 0.012677
internal_weight=117.415 103.514 55.7696 47.7446 30.069 49.0453 45.4886 29.1242 28.0244 23.7676 17.6756 42.2795 19.8079 22.8304
internal_count=31964 13579 8165 5414 2261 4333 4008 2225 1877 1425 3153 3381 2613 1393
is_linear=0
shrinkage=0.0752388


Tree=54
num_leaves=15
num_cat=0
split_feature=4 10 11 5 3 5 16 0 0 2 4 23 22 23
split_gain=14.0533 5.36551 9.343 3.50903 1.87694 1.77546 4.03175 1.62167 1.52384 3.46407 1.97199 1.14118 1.77501 1.06084
threshold=6.5000000000000009 1.0000000180025095e-35 1.0000000180025095e-35 1.0000000180025095e-35 1.0000000180025095e-35 1.0000000180025095e-35 1.0000000180025095e-35 0.33355880376525432 1.0000000180025095e-35 1.0000000180025095e-35 1.0000000180025095e-35 2.5000000000000004 0.53137254901960795 3.5000000000000004
decision_type=2 2 2 2 2 2 2 2 2 2 2 2 2 2
left_child=1 2 -1 4 8 6 -4 -5 9 -3 13 -8 -13 -11
right_child=-2 3 5 7 -6 -7 11 -9 -10 10 -12 12 -14 -15
leaf_value=-0.093201930350412535 -0.074678818908165884 0.081925059640489295 -0.082315346553006624 0.058680849973785809 -0.087353349921770226 0.054859914641726945 0.027068662029591087 -0.063384890263097154 -0.068896131190858245 0.032279915573758165 -0.093509005772344431 0.004170259745625648 -0.057354985575758674 -0.0010093318877767616
leaf_weight=6.2392299097991772 12.908010447397826 3.9821782512590387 3.0158754842996123 16.267261836212132 0.9029607861302783 3.3889487051637834 10.431060612201689 0.51988401380367477 1.0326589488104208 8.6550064031034761 0.90092179155908425 28.854884700034749 2.7692328518023706 14.062094250228254
leaf_count=3832 18385 452 627 3111 36 325 179 42 348 282 32 1760 1442 1111
internal_value=-0.00123196 0.00825119 -0.00770073 0.027051 0.0113279 0.00356576 -0.000463334 0.0543632 0.0148868 0.0183834 0.00721226 0.00568305 -0.00146707 0.0118044
internal_weight=113.93 101.022 54.6992 46.323 29.5358 48.46 45.0711 16.7871 28.6329 27.6002 23.618 42.0552 31.6241 22.7171
internal_count=31964 13579 8165 5414 2261 4333 4008 3153 2225 1877 1425 3381 3202 1393
is_linear=0
shrinkage=0.0752388


Tree=55
num_leaves=15
num_cat=0
split_feature=4 10 11 5 3 22 0 2 4 2 16 23 22 1
split_gain=12.9589 4.75712 8.68808 3.30193 1.69806 1.66095 1.38425 3.26301 1.7785 1.32501 3.53217 1.08701 1.02475 1.00301
threshold=6.5000000000000009 1.0000000180025095e-35 1.0000000180025095e-35 1.0000000180025095e-35 1.0000000180025095e-35 0.087121212121212141 1.0000000180025095e-35 1.0000000180025095e-35 1.0000000180025095e-35 1.0000000180025095e-35 1.0000000180025095e-35 6.5000000000000009 0.57518796992481214 0.2532745816509227
decision_type=2 2 2 2 2 2 2 2 2 2 2 2 2 2
left_child=1 2 -1 4 6 -5 7 -3 12 -4 -11 -12 -9 -7
right_child=-2 3 9 5 -6 13 -8 8 -10 10 11 -13 -14 -15
leaf_value=-0.093111270456906009 -0.074588784230110922 0.081234219684537298 0.047591938274058998 0.068580366296035561 -0.085144835070158395 0.030187863113514131 -0.068120922892599203 0.016502393798104534 -0.090712479871268126 -0.081605311691415022 0.012067709099045225 -0.016214854282654741 -0.034505459049063429 -0.057995622224462987
leaf_weight=5.7926118249888523 11.986551977461202 3.725030126282955 3.3911032608157248 11.296729374735149 0.86221647402271528 3.8365696652326724 0.96997565813944575 20.257035768940121 0.86492061289027233 2.6748117798706508 31.810892490204424 9.9873708114610036 2.3591985940001896 0.7469465835019945
leaf_count=3832 18385 452 486 2610 36 490 348 1002 32 466 1610 1771 391 53
internal_value=-0.00123212 0.00778947 -0.00732869 0.0258122 0.0106174 0.0532315 0.013991 0.0172824 0.00667784 0.00331599 -0.00021139 0.00527538 0.0109858 0.0144105
internal_weight=110.562 98.5754 53.6568 44.9186 29.0384 15.8802 28.1762 27.2062 23.4812 47.8642 44.4731 41.7983 22.6162 4.58352
internal_count=31964 13579 8165 5414 2261 3153 2225 1877 1425 4333 3847 3381 1393 543
is_linear=0
shrinkage=0.0752388


Tree=56
num_leaves=15
num_cat=0
split_feature=4 5 10 11 0 2 3 22 22 23 6 23 1 23
split_gain=11.9518 4.23215 2.18663 6.59286 1.91794 1.661 3.77291 1.83851 1.6132 1.45912 1.39583 0.99578 0.890586 0.607219
threshold=6.5000000000000009 1.0000000180025095e-35 1.0000000180025095e-35 1.0000000180025095e-35 1.0000000180025095e-35 1.0000000180025095e-35 1.0000000180025095e-35 0.51190476190476197 0.087121212121212141 2.5000000000000004 1.0000000180025095e-35 8.5000000000000018 0.2532745816509227 2.5000000000000004
decision_type=2 2 2 2 2 2 2 2 2 2 2 2 2 2
left_child=1 4 3 -3 5 6 -1 10 -4 -9 -7 13 -10 -12
right_child=-2 2 8 -5 -6 7 -8 9 12 -11 11 -13 -14 -15
leaf_value=0.080553845289636203 -0.074495489996756856 -0.14040939179428788 0.067920576738758107 0.051995162056080395 -0.071451975437380452 -0.08819847035139472 -0.082556032214510827 0.00088438953997502202 0.028777332209935027 -0.059074203181918375 0.022644132418033217 -0.020698413603758577 -0.054738376516481564 0.0037759080613448846
leaf_weight=3.4843667109962544 11.131377236466504 1.3081404330005177 10.577365874894893 3.1031511106994003 1.9518895917426551 0.77823783426720083 0.89647618264280016 4.1054791370406729 3.7333864248357722 5.0519616306119133 12.546573754400013 7.532273202930809 0.74117529368959356 40.64417446317384
leaf_count=452 18385 168 2610 325 1629 128 133 157 490 3282 249 1220 53 2683
internal_value=-0.0012254 0.00733475 0.0385333 -0.00785019 -0.000612825 0.00137118 0.0455192 -0.00145827 0.0520693 -0.0326199 0.00325095 0.0046413 0.0135937 0.00827861
internal_weight=107.586 96.4547 19.4632 4.41129 76.9914 75.0395 4.38084 70.6587 15.0519 9.15744 61.5013 60.723 4.47456 53.1907
internal_count=31964 13579 3646 493 9933 8304 585 7719 3153 3439 4280 4152 543 2932
is_linear=0
shrinkage=0.0752388


Tree=57
num_leaves=15
num_cat=0
split_feature=4 10 11 5 22 3 0 2 4 2 16 23 22 24
split_gain=11.0276 3.90174 7.58045 2.81907 1.56431 1.4132 1.1575 2.83326 1.48725 1.07942 3.2458 0.900063 1.19564 1.14816
threshold=6.5000000000000009 1.0000000180025095e-35 1.0000000180025095e-35 1.0000000180025095e-35 0.087121212121212141 1.0000000180025095e-35 1.0000000180025095e-35 1.0000000180025095e-35 1.0000000180025095e-35 1.0000000180025095e-35 1.0000000180025095e-35 3.5000000000000004 0.41421568627450983 0.41421568627450983
decision_type=2 2 2 2 2 2 2 2 2 2 2 2 2 2
left_child=1 2 -1 5 -5 6 7 -3 11 -4 -11 -9 13 -13
right_child=-2 3 9 4 -6 -7 -8 8 -10 10 -12 12 -14 -15
leaf_value=-0.091403023115224399 -0.074398467180232825 0.079882589932382106 0.044503051998642448 0.06722462231168537 0.01280503359735459 -0.081106752468246709 -0.066504149873785987 0.029532948213251472 -0.085703291343630889 -0.080728783096601489 0.0048885609098258988 -0.017601056326772141 -0.058076139318230927 0.028013042939881359
leaf_weight=5.2319849202758624 10.337750089034669 3.2591918121907026 3.1217489391128757 9.9100241469568555 4.3740699037443838 0.78466296917758782 0.85348243302723759 8.3556193560361915 0.80135515099391241 2.5147354490472926 41.412058818852529 5.6884666476398689 1.6879098197678093 6.5782011353876442
leaf_count=3832 18385 452 486 2610 543 36 348 282 32 466 3381 295 451 365
internal_value=-0.00120577 0.0069019 -0.00683921 0.0238515 0.050872 0.00987031 0.0129303 0.0158693 0.00637698 0.00282992 -0.00027559 0.0102445 -0.00149949 0.00690392
internal_weight=104.911 94.5735 52.2805 42.293 14.2841 28.0089 27.2242 26.3707 23.1116 47.0485 43.9268 22.3102 13.9546 12.2667
internal_count=31964 13579 8165 5414 3153 2261 2225 1877 1425 4333 3847 1393 1111 660
is_linear=0
shrinkage=0.0752388


Tree=58
num_leaves=15
num_cat=0
split_feature=4 10 11 5 22 3 5 16 0 2 4 23 1 22
split_gain=10.1755 3.45023 7.03946 2.61675 1.53138 1.28308 1.22616 3.13486 1.05456 2.66361 1.34753 0.852277 0.792286 0.787377
threshold=6.5000000000000009 1.0000000180025095e-35 1.0000000180025095e-35 1.0000000180025095e-35 0.080128205128205135 1.0000000180025095e-35 1.0000000180025095e-35 1.0000000180025095e-35 1.0000000180025095e-35 1.0000000180025095e-35 1.0000000180025095e-35 6.5000000000000009 0.2532745816509227 0.35504201680672276
decision_type=2 2 2 2 2 2 2 2 2 2 2 2 2 2
left_child=1 2 -1 5 -5 8 7 -4 9 -3 13 -9 -6 -11
right_child=-2 3 6 4 12 -7 -8 11 -10 10 -12 -13 -14 -15
leaf_value=-0.091129288224207322 -0.074297235322959926 0.079219110430767126 -0.079481433761837611 0.066546369372585526 0.026905795684133371 -0.079238689926173209 0.04908798895020431 0.010565090867130344 -0.065709013265553881 0.016880824739338281 -0.083443375160119432 -0.014594499108104423 -0.05191695262064526 -0.017446109324522206
leaf_weight=4.8672710013634051 9.601267354184527 3.048563990043486 2.5240592822228782 9.2732303623924945 3.6047439532121635 0.74775716243311663 2.8555612668860695 31.515631332062185 0.80262104251596511 17.436751821078367 0.76661001378670235 9.8934145262464863 0.74615553626790632 4.68529892747756
leaf_count=3832 18385 452 627 2603 495 36 325 1610 348 813 32 1771 55 580
internal_value=-0.00119298 0.00648284 -0.00645819 0.0227067 0.0494811 0.00923597 0.00261767 -0.000562378 0.012146 0.0149257 0.00589413 0.00452244 0.0120861 0.00954085
internal_weight=102.369 92.7677 51.6559 41.1117 13.6241 27.4876 46.7887 43.9331 26.7398 25.9372 22.8887 41.409 4.3509 22.1221
internal_count=31964 13579 8165 5414 3153 2261 4333 4008 2225 1877 1425 3381 550 1393
is_linear=0
shrinkage=0.0752388


Tree=59
num_leaves=15
num_cat=0
split_feature=4 2 0 3 10 22 23 10 4 4 23 23 0 23
split_gain=9.39191 3.13457 3.69603 5.31589 1.55985 1.44192 1.43403 1.41174 1.11531 1.05167 1.02504 0.955509 0.804931 1.18155
threshold=6.5000000000000009 1.0000000180025095e-35 0.1100310661145308 1.0000000180025095e-35 1.0000000180025095e-35 0.51190476190476197 3.5000000000000004 1.0000000180025095e-35 1.0000000180025095e-35 1.0000000180025095e-35 2.5000000000000004 3.5000000000000004 1.0000000180025095e-35 6.5000000000000009
decision_type=2 2 2 2 2 2 2 2 2 2 2 2 2 2
left_child=1 2 3 12 -5 9 -7 -4 -6 10 -3 -9 -1 -14
right_child=-2 5 7 4 8 6 -8 11 -10 -11 -12 -13 13 -15
leaf_value=0.077458170209773386 -0.074191297283469099 0.022911922951952289 -0.093780952767760065 -0.13468311618814102 0.029583789943649054 -0.0039884695755672698 -0.065522504920716998 0.042980879269153206 -0.07746075888907486 -0.081168270628546882 -0.0011652963582238815 -0.03445203876559421 0.050716376317413873 -0.075970276839671835
leaf_weight=10.813106735382464 8.9178376725758408 12.434010366909204 1.1487150433167688 0.63764205529878326 1.3743113231612372 5.1378990495577437 3.5528794840793125 1.4199888082221153 0.71224411716684688 0.68393397109320986 48.820414496440208 1.9633463284117167 1.861150361306499 0.38218829402467225
leaf_count=2257 18385 304 1389 110 325 356 3086 214 36 128 4160 658 381 175
internal_value=-0.0011817 0.00609006 0.0320181 0.0491183 -0.0445869 -0.00141975 -0.0298413 -0.0271851 -0.0097465 0.00263176 0.00376695 -0.00150068 0.0689591 0.0256669
internal_weight=99.8597 90.9418 20.3127 15.7806 2.7242 70.6291 8.69078 4.53205 2.08656 61.9384 61.2544 3.38334 13.0564 2.24334
internal_count=31964 13579 5545 3284 471 8034 3442 2261 361 4592 4464 872 2813 556
is_linear=0
shrinkage=0.0752388


Tree=60
num_leaves=15
num_cat=0
split_feature=4 10 11 23 2 7 7 5 16 22 23 22 0 3
split_gain=8.66905 2.85736 6.20644 2.46543 1.29556 1.2245 1.98235 0.967722 2.87356 0.868703 0.722429 1.36271 0.646427 0.651375
threshold=6.5000000000000009 1.0000000180025095e-35 1.0000000180025095e-35 3.5000000000000004 1.0000000180025095e-35 0.76607142857142874 0.19901315789473686 1.0000000180025095e-35 1.0000000180025095e-35 0.41421568627450983 2.5000000000000004 0.53137254901960795 0.22721685743224204 1.0000000180025095e-35
decision_type=2 2 2 2 2 2 2 2 2 2 2 2 2 2
left_child=1 2 -1 4 -3 6 9 8 -4 12 -10 -12 13 -5
right_child=-2 3 7 5 -6 -7 -8 -9 10 -11 11 -13 -14 -15
leaf_value=-0.089781404191824565 -0.074080144230678727 0.066305668449489527 -0.078712172375147077 0.0157682395364575 0.023451337001677189 0.066153789146244965 -0.12599722530263874 0.04578340476257866 0.021704084563894898 -0.043025604184332981 0.0031892524866814001 -0.05434014564752937 -0.049403387375967805 -0.04373542778176065
leaf_weight=4.4151671488725688 8.2836587350320752 7.3186142365448186 2.3572763988049692 16.807644335349341 9.1587584244553 1.5462062028236676 0.53410829530912352 2.5576200839132062 9.9362954013049585 1.8646075364376873 28.759399631991986 2.3825858799100379 0.8701030725351292 0.96406337822554533
leaf_count=3832 18385 1092 627 2282 390 533 110 325 179 505 1760 1442 298 204
internal_value=-0.00116709 0.00569816 -0.0061347 0.0209317 0.0429197 0.00471066 -0.000248762 0.00216561 -0.000554149 0.00393363 0.00420587 -0.00145585 0.00894206 0.0121952
internal_weight=97.7561 89.4725 50.4083 39.0641 16.4774 22.5867 21.0405 45.9932 43.4356 20.5064 41.0783 31.142 18.6418 17.7717
internal_count=31964 13579 8165 5414 1482 3932 3399 4333 4008 3289 3381 3202 2784 2486
is_linear=0
shrinkage=0.0752388


Tree=61
num_leaves=15
num_cat=0
split_feature=4 2 0 3 10 10 22 23 0 4 23 23 23 23
split_gain=8.00204 2.663 3.26026 5.04198 2.1083 1.24017 1.1576 1.35544 1.02842 0.983251 0.962418 0.829556 0.63579 0.599172
threshold=6.5000000000000009 1.0000000180025095e-35 0.031511901160000112 1.0000000180025095e-35 1.0000000180025095e-35 1.0000000180025095e-35 0.57518796992481214 3.5000000000000004 0.3013976416472342 1.0000000180025095e-35 8.5000000000000018 3.5000000000000004 4.5000000000000009 1.5000000000000002
decision_type=2 2 2 2 2 2 2 2 2 2 2 2 2 2
left_child=1 2 3 -1 -4 -5 10 -8 11 12 13 -6 -7 -3
right_child=-2 6 4 5 8 9 7 -9 -10 -11 -12 -13 -14 -15
leaf_value=0.071889913623736756 -0.073963250432825034 0.027682335599209469 -0.10851912913216141 -0.12316732805782925 0.06463954577900051 0.064537179270261424 -0.0038011559386869798 -0.066559359927806108 -0.065636006232011615 -0.075497792256767476 -0.022521390672364593 -0.0091836685345928117 -0.032888033603882871 0.0028027549994763339
leaf_weight=10.918808261980304 7.6951980451267437 6.0482370802201322 1.0380995035739022 0.62490613151749053 1.4050643786322328 0.80736376042477764 5.1131998193450254 3.014565147808753 0.7654080073989461 0.66719131125137221 7.6985103678816804 1.8553813658072611 0.50476557371439412 47.545121719493181
leaf_count=2596 18385 124 1425 110 217 146 356 2894 308 36 1426 528 179 3234
internal_value=-0.00116227 0.00532046 0.030489 0.04962 -0.0205563 -0.0425619 -0.00147051 -0.0278762 0.00526271 -0.010114 0.00209167 0.0240986 0.0275371 0.0056812
internal_weight=95.7018 88.0066 18.587 13.523 5.06395 2.60423 69.4196 8.12776 4.02585 1.97932 61.2919 3.26045 1.31213 53.5934
internal_count=31964 13579 5545 3067 2478 471 8034 3250 1053 361 4784 745 325 3358
is_linear=0
shrinkage=0.0752388


Tree=62
num_leaves=15
num_cat=0
split_feature=4 2 0 3 10 10 22 23 0 4 23 18 23 23
split_gain=7.39092 2.41225 2.99822 4.69587 2.00073 1.09725 1.02805 1.9041 0.942312 0.900325 0.770579 0.643313 0.622836 0.587989
threshold=6.5000000000000009 1.0000000180025095e-35 0.031511901160000112 1.0000000180025095e-35 1.0000000180025095e-35 1.0000000180025095e-35 0.34313725490196084 3.5000000000000004 0.3013976416472342 1.0000000180025095e-35 3.5000000000000004 1.0000000180025095e-35 1.5000000000000002 4.5000000000000009
decision_type=2 2 2 2 2 2 2 2 2 2 2 2 2 2
left_child=1 2 3 -1 -4 -5 12 11 10 13 -6 -8 -3 -7
right_child=-2 6 4 5 8 9 7 -9 -10 -11 -12 -13 -14 -15
leaf_value=0.071272546962358435 -0.073840073775458245 0.02624952964985415 -0.10940659709034165 -0.11725740428592371 0.063634968540085948 0.063809765474233893 0.057231340730283346 -0.051893988586498366 -0.064791711067758856 -0.073876309775491006 -0.0085037099293261576 -0.0044513277248140488 0.00065115314429983057 -0.030239851813652466
leaf_weight=10.213139989355115 7.1491728654145836 5.9122242317534974 0.9541551273141512 0.61508641552791155 1.3253504838794476 0.75873931217938639 0.92159368563443322 5.7909002409141968 0.72075056290486816 0.63512394833378505 1.8648077578400259 8.6416994843166304 47.763584099484433 0.5204020892851986
leaf_count=2596 18385 124 1425 110 217 146 44 4066 308 36 528 523 3277 179
internal_value=-0.0011421 0.00497617 0.0297057 0.0487292 -0.0200869 -0.0411727 -0.00138326 -0.0184499 0.00499725 -0.00986842 0.0230042 0.00229901 0.00353721 0.0264026
internal_weight=93.7867 86.6376 17.6076 12.7425 4.86506 2.52935 69.03 15.3542 3.91091 1.91427 3.19016 9.56329 53.6758 1.27914
internal_count=31964 13579 5545 3067 2478 471 8034 4633 1053 361 745 567 3401 325
is_linear=0
shrinkage=0.0752388


Tree=63
num_leaves=15
num_cat=0
split_feature=4 7 9 10 11 23 5 24 22 5 16 23 22 22
split_gain=6.8297 2.27358 3.25353 1.94948 5.22835 1.88348 1.07672 0.669642 0.783982 0.66853 2.61344 0.583818 0.612929 1.01299
threshold=6.5000000000000009 0.76607142857142874 1.0000000180025095e-35 1.0000000180025095e-35 1.0000000180025095e-35 3.5000000000000004 1.0000000180025095e-35 0.81534090909090928 0.41421568627450983 1.0000000180025095e-35 1.0000000180025095e-35 6.5000000000000009 0.22474747474747478 0.06458333333333334
decision_type=2 2 2 2 2 2 2 2 2 2 2 2 2 2
left_child=1 2 -1 4 -4 6 -5 8 -7 10 -6 -12 13 -13
right_child=-2 -3 3 5 9 7 -8 -9 -10 -11 11 12 -14 -15
leaf_value=-0.13777159501757927 -0.073710052109803026 0.070231276792337788 -0.08750340943295791 0.024931924120771092 -0.077892394657921554 0.0012373947345780177 0.071700542780321411 0.029050899081141723 -0.056584650410346493 0.041051675728732723 0.0091274084335606527 -0.026571949205897821 -0.04620995849535036 0.027651116447496536
leaf_weight=0.7748239669308522 6.6425348804841624 2.7396110571862655 3.8975379759067428 9.3459980608895403 2.1762049328972344 14.225835853983883 4.0115244446787974 4.2560439366061464 1.3106408616295073 2.1715528218192039 30.762817232985981 4.0761613128706795 2.1186255926440936 3.4676518738269806
leaf_count=136 18385 803 3832 424 627 2107 762 768 414 325 1610 202 1305 264
internal_value=-0.00111268 0.00465993 0.00235939 0.00394059 -0.00564163 0.0179705 0.0396292 0.00316201 -0.00414371 0.00175775 -0.000384687 0.00406521 -0.0119428 -0.00159323
internal_weight=91.9776 85.335 82.5954 81.8206 48.6706 33.15 13.3575 19.7925 15.5365 44.773 42.6015 40.4253 9.66244 7.54381
internal_count=31964 13579 12776 12640 8165 4475 1186 3289 2521 4333 4008 3381 1771 466
is_linear=0
shrinkage=0.0752388


Tree=64
num_leaves=15
num_cat=0
split_feature=4 7 9 10 11 23 5 5 16 22 7 23 22 24
split_gain=6.30951 2.11042 3.1041 1.70541 4.83981 1.68819 1.08093 0.600714 2.39948 0.581933 0.554463 0.517913 1.09822 0.710328
threshold=6.5000000000000009 0.76607142857142874 1.0000000180025095e-35 1.0000000180025095e-35 1.0000000180025095e-35 3.5000000000000004 1.0000000180025095e-35 1.0000000180025095e-35 1.0000000180025095e-35 0.41421568627450983 0.33541666666666675 4.5000000000000009 0.43303571428571436 0.087121212121212141
decision_type=2 2 2 2 2 2 2 2 2 2 2 2 2 2
left_child=1 2 10 4 -4 6 -5 8 -6 -7 -1 -10 13 -13
right_child=-2 -3 3 5 7 9 -8 -9 11 -11 -12 12 -14 -15
leaf_value=-0.22011009694853004 -0.073572614885964033 0.069546903845723512 -0.08694219057204168 0.023277035007755027 -0.077025529241359247 0.0068872401307739049 0.071196305801133869 0.03950257955133419 0.011770832222386181 -0.038359613490968225 -0.063224776668426366 0.036885269418870513 -0.057823436238838274 -0.0054689955902004388
leaf_weight=0.20664988370844994 6.1724521394207832 2.5665662245010017 3.6384683630603822 9.2711754867341352 2.0419855498839743 18.091796055843592 3.7471875085029742 2.0958833326585582 21.315320757683367 1.6127757778740477 0.49633757340779994 2.4849853415507885 1.8598890614230175 14.775288891280068
leaf_count=45 18385 803 3832 424 627 2784 762 325 768 505 91 163 1425 1025
internal_value=-0.00109678 0.00433951 0.00216346 0.00366377 -0.00533167 0.0168803 0.0377356 0.0016042 -0.000400553 0.00291736 -0.140394 0.00374424 -0.00522623 0.000898812
internal_weight=90.3768 84.2043 81.6377 80.9348 48.2118 32.7229 13.0184 44.5734 42.4775 19.7046 0.702987 40.4355 19.1202 17.2603
internal_count=31964 13579 12776 12640 8165 4475 1186 4333 4008 3289 136 3381 2613 1188
is_linear=0
shrinkage=0.0752388


Tree=65
num_leaves=15
num_cat=0
split_feature=4 7 9 10 11 23 5 24 22 3 23 22 7 20
split_gain=5.82796 1.95812 2.95483 1.49046 4.47798 1.51037 1.07784 0.583957 0.654434 0.561329 0.558248 1.07943 0.532362 0.51392
threshold=6.5000000000000009 0.76607142857142874 1.0000000180025095e-35 1.0000000180025095e-35 1.0000000180025095e-35 3.5000000000000004 1.0000000180025095e-35 0.81534090909090928 0.41421568627450983 1.0000000180025095e-35 2.5000000000000004 0.51190476190476197 0.33541666666666675 1.0000000180025095e-35
decision_type=2 2 2 2 2 2 2 2 2 2 2 2 2 2
left_child=1 2 12 4 -4 6 -5 8 -7 -9 -6 -12 -1 -13
right_child=-2 -3 3 5 10 7 -8 9 -10 -11 11 13 -14 -15
leaf_value=-0.22046426483529366 -0.073427160864726698 0.06882240788802424 -0.086338883298232305 0.021714335049940883 0.016009529380932534 0.00063443197917706048 0.070656952838511894 0.034642739001070913 -0.05377945723080118 -0.058795372541606862 0.00027181496424758694 -0.063219591933763017 -0.062129194686822653 0.050792083842965449
leaf_weight=0.19116116510121983 5.7362946896973872 2.4062171351979478 3.3984892302469225 9.2043394731590507 11.035410315846091 14.197799944537111 3.5022623469121745 3.9514942919486193 1.2190659205079999 0.26153486192924891 31.048347839561757 2.0142638405668545 0.47076660158927552 0.13615591447160103
leaf_count=45 18385 803 3832 424 277 2107 762 710 414 58 2380 1593 91 83
internal_value=-0.00109747 0.00402475 0.00196459 0.00341049 -0.00505034 0.0158387 0.0358831 0.00268701 -0.00415355 0.0269886 0.00147058 -0.00341341 -0.140612 -0.0531116
internal_weight=88.7736 83.0373 80.6311 79.9692 47.6327 32.3365 12.7066 19.6299 15.4169 4.21303 44.2342 33.1988 0.661928 2.15042
internal_count=31964 13579 12776 12640 8165 4475 1186 3289 2521 768 4333 4056 136 1676
is_linear=0
shrinkage=0.0752388


Tree=66
num_leaves=15
num_cat=0
split_feature=4 7 9 2 0 3 10 22 23 22 23 10 4 7
split_gain=5.3845 1.81533 2.80389 1.3043 2.47742 3.88142 1.60118 0.788238 1.05396 0.740189 0.621146 0.581285 0.586712 0.492788
threshold=6.5000000000000009 0.76607142857142874 1.0000000180025095e-35 1.0000000180025095e-35 0.031511901160000112 1.0000000180025095e-35 1.0000000180025095e-35 0.57518796992481214 3.5000000000000004 0.13484848484848486 8.5000000000000018 1.0000000180025095e-35 1.0000000180025095e-35 0.33541666666666675
decision_type=2 2 2 2 2 2 2 2 2 2 2 2 2 2
left_child=1 2 13 4 5 -4 -6 10 -9 -8 -5 -7 -13 -1
right_child=-2 -3 3 7 6 11 9 8 -10 -11 -12 12 -14 -15
leaf_value=-0.21837536759583634 -0.073273072430426231 0.06805495069692484 0.070277340195388505 0.0048198790767243786 -0.11621503728028877 -0.10095239098467476 0.034234561903176218 -0.0041032521851881417 -0.063833069269349771 -0.040566035195735116 -0.018138629898552375 0.020389932074988338 -0.071124849241135546 -0.061045050091949195
leaf_weight=0.18036942239268583 5.3316204149523392 2.2577040134638073 7.2823026136029494 51.557990498957224 0.73387934473066652 0.5714589957897257 1.4940237282862656 5.0972404427593565 2.3531865571421804 1.2208172407408708 7.5076553097569549 0.90553561091655865 0.4920323695987463 0.44671797093178611
leaf_count=45 18385 803 2090 3278 1425 110 553 355 2894 242 1411 256 26 91
internal_value=-0.00109156 0.00372323 0.0017777 0.00316922 0.0251112 0.0452068 -0.0284272 -0.00106812 -0.0238719 0.00022899 0.00186244 -0.0458994 -0.0156615 -0.140201
internal_weight=87.4325 82.1009 79.8432 79.2161 12.7 9.25133 3.44872 66.5161 7.45043 2.71484 59.0656 1.96903 1.39757 0.627087
internal_count=31964 13579 12776 12640 4702 2482 2220 7938 3249 795 4689 392 282 136
is_linear=0
shrinkage=0.0752388


Tree=67
num_leaves=15
num_cat=0
split_feature=4 7 9 23 3 2 0 10 22 23 22 23 24 24
split_gain=4.97364 1.68221 2.64886 1.24187 0.928716 1.68998 4.37093 1.42909 0.783077 0.597012 0.575494 0.995575 0.5721 1.32988
threshold=6.5000000000000009 0.76607142857142874 1.0000000180025095e-35 1.5000000000000002 1.0000000180025095e-35 1.0000000180025095e-35 1.0000000180025095e-35 1.0000000180025095e-35 0.12132352941176472 4.5000000000000009 0.57518796992481214 3.5000000000000004 0.56696428571428581 0.31414473684210531
decision_type=2 2 2 2 2 2 2 2 2 2 2 2 2 2
left_child=1 2 -1 -4 5 6 -5 -8 -9 -10 -7 -12 13 -11
right_child=-2 -3 3 4 -6 10 7 8 9 12 11 -13 -14 -15
leaf_value=-0.1390581271024782 -0.073109718566110191 0.067241929981311538 0.032998243617669433 0.076171042735755715 -0.051167695486419584 -0.00037483627494788832 -0.11654400694162312 0.032476585230708302 0.015983145751557432 0.013827432900843579 -0.0038168392301351989 -0.063058528183823917 -0.011396845039307655 -0.21045690494027691
leaf_weight=0.59822046758199476 4.9561613100013338 2.1202195727964854 6.9213500419282346 5.0990089484257606 1.8043489379451774 53.572919222282508 0.68588108067706377 1.4678308094298702 0.60264476540032752 0.21966303969384171 5.0796191435074425 2.210240108986909 0.50698999830638058 0.22222876685555093
leaf_count=136 18385 803 325 1697 375 4570 1433 684 77 63 355 2894 114 53
internal_value=-0.0011041 0.00342481 0.00158543 0.00292697 -4.93068e-05 0.00138366 0.0318993 -0.0296294 -0.00522553 -0.0406078 -0.00309944 -0.0227039 -0.0737826 -0.124049
internal_weight=86.0673 81.1112 78.9909 78.3927 71.4714 69.667 8.80425 3.70524 3.01936 1.55153 60.8628 7.28986 0.948882 0.441892
internal_count=31964 13579 12776 12640 12315 11940 4121 2424 991 307 7819 3249 230 116
is_linear=0
shrinkage=0.0752388


Tree=68
num_leaves=15
num_cat=0
split_feature=4 7 9 10 11 23 5 24 0 3 22 23 5 23
split_gain=4.59778 1.5563 2.51299 1.13182 3.83889 1.25138 1.03914 0.501156 0.846588 0.51495 0.513755 0.969805 0.851029 0.791926
threshold=6.5000000000000009 0.76607142857142874 1.0000000180025095e-35 1.0000000180025095e-35 1.0000000180025095e-35 3.5000000000000004 1.0000000180025095e-35 0.63961038961038974 0.23434487067463061 1.0000000180025095e-35 0.069047619047619066 4.5000000000000009 1.0000000180025095e-35 4.5000000000000009
decision_type=2 2 2 2 2 2 2 2 2 2 2 2 2 2
left_child=1 2 -1 4 -4 6 -5 10 9 -9 12 -12 13 -7
right_child=-2 -3 3 5 -6 7 -8 8 -10 -11 11 -13 -14 -15
leaf_value=-0.1403754669323615 -0.072936442383827765 0.066381040631713045 -0.08458078700509504 0.019129366700784571 0.0011009061424435021 -0.068603630257805942 0.069684459484478906 0.028536300509812838 -0.074408126094120064 -0.043678301647271149 0.046629024941824443 -0.030894195616004275 0.066308716476735058 0.013408818648394064
leaf_weight=0.54848046766710368 4.6078119744779533 1.9930060686310742 3.0233074989700972 8.9610973790986481 43.498012831725646 0.73836966662202241 3.040124765597283 6.7392269267875227 0.3947108248976291 0.47360694000963111 0.92531740898266424 6.2971919324045302 1.0509610566950867 2.5111818931472953
leaf_count=136 18385 803 3832 424 4333 65 762 1181 134 100 73 751 687 298
internal_value=-0.00109431 0.00316437 0.00142703 0.00270216 -0.00472586 0.013771 0.0326505 0.00176247 0.0165692 0.0229873 -0.00810184 -0.0202024 0.0122164 -0.00746908
internal_weight=84.8024 80.1946 78.2016 77.6531 46.5213 31.1318 12.0012 19.1306 7.60754 7.21283 11.523 7.22251 4.30051 3.24955
internal_count=31964 13579 12776 12640 8165 4475 1186 3289 1415 1281 1874 824 1050 363
is_linear=0
shrinkage=0.0752388


Tree=69
num_leaves=15
num_cat=0
split_feature=4 7 9 23 0 2 3 0 23 10 4 6 22 23
split_gain=4.25356 1.43754 2.38081 1.04973 0.774624 1.75319 2.94621 0.979526 0.62365 0.580396 0.574915 0.528342 0.511984 0.948147
threshold=6.5000000000000009 0.76607142857142874 1.0000000180025095e-35 1.5000000000000002 0.1100310661145308 1.0000000180025095e-35 1.0000000180025095e-35 1.0000000180025095e-35 6.5000000000000009 1.0000000180025095e-35 1.0000000180025095e-35 1.0000000180025095e-35 0.57518796992481214 3.5000000000000004
decision_type=2 2 2 2 2 2 2 2 2 2 2 2 2 2
left_child=1 2 -1 11 5 6 7 -5 -9 -6 12 -4 -7 -14
right_child=-2 -3 3 4 9 10 -8 8 -10 -11 -12 -13 13 -15
leaf_value=-0.14128728439342295 -0.072752575220901713 0.065470346493543524 0.067572898328440226 0.07578236118823499 -0.099026562889796638 0.00037438041758271169 -0.046136733051015483 0.031867101674259865 -0.076920873729904152 -0.017349595438153086 -0.074436929904905635 0.018040631461090355 -0.0027946378890045514 -0.062094913711191427
leaf_weight=0.50463176061748427 4.2846171683559069 1.8753521532344155 1.5374357097898599 4.6517743147269348 0.55319568185586754 52.975885050131183 1.7915309212621648 0.77345299947774016 0.28764614074316341 1.933885500926408 0.47749705601745418 5.0699549298733473 5.0051754876039913 2.0531128505172092
leaf_count=136 18385 803 230 1697 1383 4454 375 273 146 622 131 95 352 2882
internal_value=-0.00106008 0.00293631 0.00129975 0.00251029 -0.000204865 0.00134417 0.035266 0.0613301 -0.00359079 -0.0401945 -0.00294086 0.0308321 -0.00218477 -0.0209936
internal_weight=83.7751 79.4905 77.6152 77.1105 70.5032 68.0161 7.5044 5.71287 1.0611 2.48708 60.5117 6.60739 60.0342 7.05829
internal_count=31964 13579 12776 12640 12315 10310 2491 2116 419 2005 7819 325 7688 3234
is_linear=0
shrinkage=0.0752388


Tree=70
num_leaves=15
num_cat=0
split_feature=4 7 9 10 11 5 22 23 24 24 16 5 23 23
split_gain=3.93481 1.32683 2.24971 0.94476 3.45349 1.08964 1.02174 0.615748 0.59709 1.86077 0.517051 1.99967 0.423594 0.4112
threshold=6.5000000000000009 0.76607142857142874 1.0000000180025095e-35 1.0000000180025095e-35 1.0000000180025095e-35 1.0000000180025095e-35 0.080128205128205135 4.5000000000000009 0.31414473684210531 0.55050505050505061 1.0000000180025095e-35 1.0000000180025095e-35 3.5000000000000004 3.5000000000000004
decision_type=2 2 2 2 2 2 2 2 2 2 2 2 2 2
left_child=1 2 -1 4 -4 13 -7 -8 -9 -10 11 -6 -13 -5
right_child=-2 -3 3 5 10 6 7 8 9 -11 -12 12 -14 -15
leaf_value=-0.14167343873716037 -0.072557430220995298 0.064508340992563848 -0.083579680582390944 0.017509163294220587 -0.076330621961104503 0.061874993201470815 0.049584420091092145 0.039275807764624672 -0.16159867801648692 0.012574535337727802 0.0033757729318981684 0.065117986772667752 -0.0066478107201898675 -0.0028933128731555751
leaf_weight=0.46644398157513833 3.9847621577791861 1.7665902765875205 2.7734131052911826 8.8173915947554686 1.8891376263272823 4.0833663478260851 0.89675388112664256 0.52467970631550986 0.36885728337801971 0.98037093708990142 39.686844929965446 0.85773489158600569 0.8157175924279727 14.755873959336894
leaf_count=136 18385 803 3832 424 627 2010 91 98 52 183 3381 101 224 1617
internal_value=-0.00103894 0.00271652 0.00117229 0.00232453 -0.00447359 0.012578 0.038636 0.00294363 -0.0214307 -0.046631 0.000875394 -0.0259724 0.0325055 0.00480165
internal_weight=82.6679 78.6832 76.9166 76.4501 46.0228 30.4273 6.85403 2.77066 1.87391 1.34923 43.2494 3.56259 1.67345 23.5733
internal_count=31964 13579 12776 12640 8165 4475 2434 424 333 235 4333 952 325 2041
is_linear=0
shrinkage=0.0752388


Tree=71
num_leaves=15
num_cat=0
split_feature=4 7 9 23 0 2 3 0 10 4 23 6 23 22
split_gain=3.64119 1.22312 2.11921 0.881264 0.7049 1.48494 2.62255 0.977985 0.539532 0.535695 0.516924 0.491381 0.463173 0.45814
threshold=6.5000000000000009 0.76607142857142874 1.0000000180025095e-35 1.5000000000000002 0.1100310661145308 1.0000000180025095e-35 1.0000000180025095e-35 1.0000000180025095e-35 1.0000000180025095e-35 1.0000000180025095e-35 6.5000000000000009 1.0000000180025095e-35 10.500000000000002 0.58957219251336912
decision_type=2 2 2 2 2 2 2 2 2 2 2 2 2 2
left_child=1 2 -1 11 5 6 7 -5 -6 12 -9 -4 13 -7
right_child=-2 -3 3 4 8 9 -8 10 -10 -11 -12 -13 -14 -15
leaf_value=-0.14143749658354574 -0.072350308716687808 0.063494012798840746 0.066531580863388548 0.075392628466377676 -0.099261289132882277 0.0021949218458327991 -0.043294454063742882 0.029053401353105839 -0.017525139632982311 -0.072797520228635532 -0.069765219115802191 0.01665452067706984 -0.02871711905851378 -0.018502618247911797
leaf_weight=0.43359393411810643 3.7065618897722734 1.6660939534776833 1.3611715318402264 4.2150527364283326 0.48914078377492765 49.596105643446208 1.7584147042853144 0.72255721296824027 1.919553071827977 0.45809776486203091 0.30390772174723679 4.9524223767220974 3.2993560150789554 6.7401564717874853
leaf_count=136 18385 803 230 1697 1383 3727 375 273 622 131 146 95 1273 2688
internal_value=-0.001012 0.00251656 0.00105992 0.00215755 -0.000313526 0.00116273 0.0335721 0.0598548 -0.0390519 -0.00268796 -0.0054501 0.028725 -0.00196484 -0.000324689
internal_weight=81.6222 77.9156 76.2495 75.8159 69.5023 67.0936 6.99993 5.24152 2.40869 60.0937 1.02646 6.31359 59.6356 56.3363
internal_count=31964 13579 12776 12640 12315 10310 2491 2116 2005 7819 419 325 7688 6415
is_linear=0
shrinkage=0.0752388


Tree=72
num_leaves=15
num_cat=0
split_feature=4 7 9 10 11 5 22 23 16 5 24 24 23 23
split_gain=3.36976 1.12643 1.98879 0.790893 3.11528 0.941242 0.952081 0.549667 0.537025 1.71489 0.512271 1.47913 0.405481 0.365306
threshold=6.5000000000000009 0.76607142857142874 1.0000000180025095e-35 1.0000000180025095e-35 1.0000000180025095e-35 1.0000000180025095e-35 0.080128205128205135 4.5000000000000009 1.0000000180025095e-35 1.0000000180025095e-35 0.31414473684210531 0.55050505050505061 3.5000000000000004 6.5000000000000009
decision_type=2 2 2 2 2 2 2 2 2 2 2 2 2 2
left_child=1 2 -1 4 -4 -5 -7 -8 9 -6 -9 -12 -11 -10
right_child=-2 -3 3 5 8 6 7 10 13 12 11 -13 -14 -15
leaf_value=-0.14052236415195521 -0.072130483274505955 0.06242690416431039 -0.08256062154846594 0.0043540878648133446 -0.075501970582799033 0.060528900037071974 0.047816668462144836 0.037586533836173566 0.0072294463029538968 0.063592082350842058 -0.13894559975748846 0.012080172191687197 -0.0090681872264011948 -0.0095750367197886231
leaf_weight=0.40566306085747683 3.4484527439708463 1.5732754009368353 2.5523175561502276 23.346120815040198 1.765742732473881 3.7256149034074033 0.85590643249452147 0.50262229295913119 30.020011840155348 0.75105693843215704 0.41741162026301004 0.97044075961457565 0.77363773190882057 9.5266085558396281
leaf_count=136 18385 803 3832 2041 627 2010 91 98 1610 101 52 183 224 1771
internal_value=-0.0009883 0.00232627 0.000952451 0.00199877 -0.00425215 0.0114871 0.0365243 0.00248775 0.000690335 -0.0278161 -0.0200748 -0.0426131 0.0292548 0.00316006
internal_weight=80.6349 77.1864 75.6132 75.2075 45.3894 29.8181 6.472 2.74638 42.8371 3.29044 1.89047 1.38785 1.52469 39.5466
internal_count=31964 13579 12776 12640 8165 4475 2434 424 4333 952 333 235 325 3381
is_linear=0
shrinkage=0.0752388


Tree=73
num_leaves=15
num_cat=0
split_feature=4 7 9 23 22 5 0 2 3 25 0 24 24 23
split_gain=3.1191 1.03624 1.85903 0.747915 1.12384 0.716865 0.716852 0.974687 1.55487 0.969145 0.560786 0.548039 0.698368 0.43556
threshold=6.5000000000000009 0.76607142857142874 1.0000000180025095e-35 2.5000000000000004 0.51190476190476197 1.0000000180025095e-35 0.061501463163091206 1.0000000180025095e-35 1.0000000180025095e-35 0.35714285714285715 1.0000000180025095e-35 0.39230769230769241 0.22474747474747478 6.5000000000000009
decision_type=2 2 2 2 2 2 2 2 2 2 2 2 2 2
left_child=1 2 -1 5 6 -4 7 8 10 -8 -5 12 -9 -12
right_child=-2 -3 3 4 -6 -7 9 11 -10 -11 13 -13 -14 -15
leaf_value=-0.13892058783741965 -0.07189723328979665 0.061307154751442522 0.0091185867943317338 0.07318350217474498 -0.044593672502842435 0.052680586660565243 -0.16028677945823155 -0.0016028296703222192 -0.034511909585744176 -0.019203985346558334 0.041807742752591776 0.0054766992357032787 -0.03310945619618505 -0.06376967327357988
leaf_weight=0.38214747466190502 3.2089826824594629 1.4875833198020689 15.039303003286479 2.8306277378578666 3.1978941498455233 2.3618955291167358 0.17850529664428849 13.36262948880176 1.2497964418580521 2.0173183451697696 0.35146087051543862 28.266974061181827 5.53100994610213 0.24251084419665858
leaf_count=136 18385 803 556 1486 3458 501 145 1110 327 1701 160 2551 540 105
internal_value=-0.000964351 0.00214843 0.000853063 0.00185101 -0.00231046 0.0154382 0.000310767 0.00214669 0.0343483 -0.0403498 0.0598791 -0.00114559 -0.0110177 -0.0055243
internal_weight=79.7086 76.4997 75.0121 74.6299 57.2287 17.4012 54.0308 51.835 4.6744 2.19582 3.4246 47.1606 18.8936 0.593972
internal_count=31964 13579 12776 12640 11583 1057 8125 6279 2078 1846 1751 4201 1650 265
is_linear=0
shrinkage=0.0752388


Tree=74
num_leaves=15
num_cat=0
split_feature=4 7 9 23 0 2 3 10 0 23 4 22 23 6
split_gain=2.88687 0.952535 1.73069 0.691864 0.59177 1.28807 2.4945 1.04357 0.508521 0.543479 0.502033 0.453643 0.554354 0.441787
threshold=6.5000000000000009 0.76607142857142874 1.0000000180025095e-35 1.5000000000000002 0.031511901160000112 1.0000000180025095e-35 1.0000000180025095e-35 1.0000000180025095e-35 1.0000000180025095e-35 6.5000000000000009 1.0000000180025095e-35 0.22474747474747478 4.5000000000000009 1.0000000180025095e-35
decision_type=2 2 2 2 2 2 2 2 2 2 2 2 2 2
left_child=1 2 -1 13 5 6 8 -6 -5 -10 -7 -9 -13 -4
right_child=-2 -3 3 4 7 10 -8 11 9 -11 -12 12 -14 -15
leaf_value=-0.13667567689267024 -0.071649821754874332 0.060135539014528783 0.064974890280485462 0.074834773711023164 -0.12113722720652367 -0.0016666877447060549 -0.039553029505107036 0.014033695447741631 0.048226850575667786 -0.071609173937615206 -0.071262363330713729 0.0026325822190144442 -0.11416854858847651 0.01485248351328004
leaf_weight=0.36248091474044386 2.9868043622118412 1.4085007151879825 1.1553265204420302 3.6103805162128983 0.45897699915803913 59.088278586015804 1.7326522373805344 1.5321863562567162 0.37464345635089547 0.20811036201484967 0.44008384650805865 0.48063136858399946 0.27697526490374003 4.8139716740697622
leaf_count=136 18385 803 230 1697 1419 7688 375 603 170 86 131 66 80 95
internal_value=-0.000947216 0.00197169 0.000751841 0.00170289 -0.000470918 0.0010007 0.0339941 -0.0337215 0.0647065 -0.000551351 -0.00236223 -0.00972121 -0.0520581 0.0259322
internal_weight=78.93 75.9432 74.5347 74.1722 68.2029 65.4541 5.92579 2.74877 4.19313 0.582754 59.5284 2.28979 0.757607 5.9693
internal_count=31964 13579 12776 12640 12315 10147 2328 2168 1953 256 7819 749 146 325
is_linear=0
shrinkage=0.0752388


Tree=75
num_leaves=15
num_cat=0
split_feature=4 7 9 10 16 2 0 3 23 5 24 23 24 22
split_gain=2.6723 0.874614 1.60539 0.637744 2.82033 0.852718 1.51598 1.68883 0.81345 0.843721 0.436543 0.436572 0.4222 0.56136
threshold=6.5000000000000009 0.76607142857142874 1.0000000180025095e-35 1.0000000180025095e-35 1.0000000180025095e-35 1.0000000180025095e-35 1.0000000180025095e-35 1.0000000180025095e-35 3.5000000000000004 1.0000000180025095e-35 0.9772727272727274 2.5000000000000004 0.9772727272727274 0.41421568627450983
decision_type=2 2 2 2 2 2 2 2 2 2 2 2 2 2
left_child=1 2 -1 4 5 6 7 -4 9 10 -5 -12 13 -10
right_child=-2 -3 3 8 -6 -7 -8 -9 12 -11 11 -13 -14 -15
leaf_value=-0.13387380428184303 -0.071387508900627797 0.058913487178315724 0.067542149139106181 0.026441578313962714 0.0029099557627823786 -0.078177541726614119 -0.12225454811496642 -0.082986775072097396 -0.00037169397012804656 0.066808522099623721 -0.034479065238287046 0.024173279388440987 0.025178110365960703 -0.052856999001258946
leaf_weight=0.34606743348922364 2.7806670466488859 1.3355430712399528 1.146301869361195 5.8926587458699959 39.395881915161226 3.2346156809762761 0.40771813296487369 0.47759917321127421 14.168354956651457 2.1770008734893045 1.5276616984046996 1.1145098675042391 3.1002854899561489 1.1033399267471384
leaf_count=136 18385 803 309 284 3543 2926 1277 110 2284 762 76 64 553 452
internal_value=-0.000930763 0.00180565 0.00065719 0.00156385 -0.00407929 -0.0549733 -0.0151463 0.0199428 0.0102057 0.0265256 0.0152568 -0.00976957 0.000550084 -0.0046494
internal_weight=78.2082 75.4275 74.092 73.7459 44.6621 5.26623 2.03162 1.6239 29.0838 10.7118 8.53483 2.64217 18.372 15.2717
internal_count=31964 13579 12776 12640 8165 4622 1696 419 4475 1186 424 140 3289 2736
is_linear=0
shrinkage=0.0752388


Tree=76
num_leaves=15
num_cat=0
split_feature=0 7 9 10 16 5 23 2 0 11 24 24 22 3
split_gain=2.49531 0.823156 1.48962 0.657256 2.84917 0.927748 0.84919 0.714272 1.28849 1.76401 0.54719 0.87917 1.01132 0.516972
threshold=0.3013976416472342 0.76607142857142874 1.0000000180025095e-35 1.0000000180025095e-35 1.0000000180025095e-35 1.0000000180025095e-35 4.5000000000000009 1.0000000180025095e-35 1.0000000180025095e-35 1.0000000180025095e-35 0.31414473684210531 0.55050505050505061 0.23669467787114848 1.0000000180025095e-35
decision_type=2 2 2 2 2 2 2 2 2 2 2 2 2 2
left_child=1 2 -1 4 7 13 -7 8 9 -4 -8 12 -12 -5
right_child=-2 -3 3 5 -6 6 10 -9 -10 -11 11 -13 -14 -15
leaf_value=-0.12907337345038172 -0.07162665844933773 0.058562862295187416 -0.079488011419971291 0.0052984838911215859 0.002722708652326732 0.06586177485021813 0.057533632717998301 -0.077529347956154127 -0.12140792522865315 0.066936724078774809 -0.0033234569838051287 0.019581592049883724 -0.17845790122438165 -0.065748226431776288
leaf_weight=0.34573982129950209 2.5738024083275368 1.2587816022532923 0.60071150968906217 22.54685980556679 39.378600015614211 2.7635734848445273 0.73486081554438021 3.1552709560164658 0.37893086078474869 1.0738055686524604 0.44963878476119168 1.5051164581673218 0.17379757156595588 0.44265209470176969
leaf_count=456 15071 821 1136 2715 3554 1089 371 3956 1272 309 199 732 16 267
internal_value=-0.000924437 0.00164906 0.000555667 0.00143533 -0.00427287 0.0103047 0.0372562 -0.0557315 -0.0191893 0.0121555 0.00771125 -0.0121894 -0.0776528 0.00350568
internal_weight=77.3821 74.8083 73.5496 73.2038 44.5873 28.6165 5.62699 5.20872 2.05345 1.67452 2.86341 2.12855 0.623436 22.9895
internal_count=31964 16893 16072 15616 10227 5389 2407 6673 2717 1445 1318 947 215 2982
is_linear=0
shrinkage=0.0752388


Tree=77
num_leaves=15
num_cat=0
split_feature=0 7 9 23 22 2 3 18 0 10 24 5 24 24
split_gain=2.30789 0.755966 1.37542 0.592759 1.49912 0.869198 1.02175 0.659696 0.485824 0.781999 0.630565 0.493629 0.434762 0.676823
threshold=0.3013976416472342 0.76607142857142874 1.0000000180025095e-35 3.5000000000000004 0.43303571428571436 1.0000000180025095e-35 1.0000000180025095e-35 1.0000000180025095e-35 1.0000000180025095e-35 1.0000000180025095e-35 0.39230769230769241 1.0000000180025095e-35 0.29705882352941182 0.68990384615384626
decision_type=2 2 2 2 2 2 2 2 2 2 2 2 2 2
left_child=1 2 -1 5 8 6 -4 -7 10 -10 11 -5 -11 -14
right_child=-2 -3 3 4 -6 7 -8 -9 9 12 -12 -13 13 -15
leaf_value=-0.12580584929674307 -0.071297776278172326 0.057312186810717147 0.065372830899813245 -0.01286793820561387 -0.048763827806353792 0.044188964114091712 -0.032717860510917421 0.0010692156758361779 -0.1345765489015941 0.050486644459154406 0.010108616143553198 0.039285171261080394 -0.070520892576929062 0.024483934318830801
leaf_weight=0.33251893815395206 2.3985369153197089 1.1952727777825192 2.6438111411844178 14.891914775807887 3.7374950550947679 2.0486701449845013 0.66393105156021182 23.023931968215038 0.21628242900987893 0.33653199673062784 22.645221260767357 0.95558455087302796 0.83216853096018872 0.63987110742891673
leaf_count=456 15071 821 1048 1640 6434 87 196 1093 522 180 3359 486 281 290
internal_value=-0.000936437 0.00148098 0.000448631 0.00128935 -0.00415032 0.00974853 0.0451091 0.0048387 0.000132653 -0.0344453 0.0020805 -0.00937823 -0.0129246 -0.0308042
internal_weight=76.5617 74.1632 72.9679 72.6354 44.2551 28.3803 3.30774 25.0726 40.5176 2.02485 38.4927 15.8475 1.80857 1.47204
internal_count=31964 16893 16072 15616 13192 2424 1244 1180 6758 1273 5485 2126 751 571
is_linear=0
shrinkage=0.0752388


Tree=78
num_leaves=15
num_cat=0
split_feature=4 7 9 23 22 0 2 3 10 0 5 20 21 22
split_gain=2.13936 0.676481 1.26627 0.519648 0.901554 0.596693 0.775821 1.26958 0.709354 0.561411 0.500078 0.494948 0.444637 0.432915
threshold=6.5000000000000009 0.76607142857142874 1.0000000180025095e-35 2.5000000000000004 0.67424242424242431 0.031511901160000112 1.0000000180025095e-35 1.0000000180025095e-35 1.0000000180025095e-35 1.0000000180025095e-35 1.0000000180025095e-35 1.0000000180025095e-35 1.0000000180025095e-35 0.22474747474747478
decision_type=2 2 2 2 2 2 2 2 2 2 2 2 2 2
left_child=1 2 -1 10 5 6 7 9 -7 -5 -4 -6 -8 -10
right_child=-2 -3 3 4 11 8 12 -9 13 -11 -12 -13 -14 -15
leaf_value=-0.12291457328889956 -0.070540539206949804 0.05523747148034848 0.0079943345638696026 0.073341896680602578 -0.058230256364897932 -0.11777302066117519 -0.0021142712830199513 -0.029365584093224855 0.010998465256486975 -0.01211851298158432 0.048438155905985381 0.053869823601931294 0.065580264801133145 -0.05916679906652339
leaf_weight=0.31556219947560649 2.2655512492528933 1.1441479317727488 14.67130457321764 2.3575440833228636 2.020885608193566 0.34050411787939006 46.919963860014832 1.2172903969731121 1.2723553468968019 0.47865138573615684 1.8264082209207124 0.12929397412153765 0.40309809718018996 0.62744134443346422
leaf_count=136 18385 803 556 1491 2364 1285 5050 330 544 225 501 125 49 120
internal_value=-0.000905341 0.00137594 0.000412677 0.00120928 -0.00226754 -0.000286827 0.00141959 0.0323867 -0.0370133 0.0590369 0.0128749 -0.0483642 -0.00132856 -0.0148529
internal_weight=75.99 73.7245 72.5803 72.2647 55.767 53.6168 51.3765 4.05349 2.2403 2.8362 16.4977 2.15018 47.3231 1.8998
internal_count=31964 13579 12776 12640 11583 9094 7145 2046 1949 1716 1057 2489 5099 664
is_linear=0
shrinkage=0.0752388


Tree=79
num_leaves=15
num_cat=0
split_feature=0 7 9 10 16 5 23 2 0 11 22 24 24 3
split_gain=1.99111 0.63512 1.1693 0.527025 2.7468 0.756406 0.794119 0.561909 0.997965 1.53095 0.487679 0.653537 0.960467 0.455785
threshold=0.3013976416472342 0.76607142857142874 1.0000000180025095e-35 1.0000000180025095e-35 1.0000000180025095e-35 1.0000000180025095e-35 4.5000000000000009 1.0000000180025095e-35 1.0000000180025095e-35 1.0000000180025095e-35 0.12132352941176472 0.31414473684210531 0.55050505050505061 1.0000000180025095e-35
decision_type=2 2 2 2 2 2 2 2 2 2 2 2 2 2
left_child=1 2 -1 4 7 13 -7 8 9 -4 -8 -12 -13 -5
right_child=-2 -3 3 5 -6 6 10 -9 -10 -11 11 12 -14 -15
leaf_value=-0.11842054883359801 -0.070640184918617135 0.054755480048399863 -0.077530513570362142 0.0047967866985517207 0.0025984095747099128 0.064533045126774408 0.041783719862123925 -0.077059792847221573 -0.11414283472820078 0.065270791597674294 0.055852500561635078 -0.11465832045862728 0.007627755627002155 -0.063730640537649721
leaf_weight=0.31350826265770493 2.0938835173292309 1.0828104711690674 0.55860631162431562 22.342299433174055 39.207281571603744 2.4398819012567392 1.1177494403236781 2.9209311634440382 0.3425780228262737 0.90625075230491348 0.36181429203134019 0.46589368744753279 0.83951866999268532 0.41081130810198274
leaf_count=456 15071 821 1136 2715 3554 1089 1051 3956 1272 309 75 42 150 267
internal_value=-0.000868783 0.00126674 0.000351011 0.00111864 -0.00401794 0.00916296 0.0345454 -0.0572451 -0.0217144 0.0086367 0.00628467 -0.0190238 -0.0434529 0.00314287
internal_weight=75.4038 73.3099 72.2271 71.9136 43.9356 27.978 5.22486 4.72837 1.80744 1.46486 2.78498 1.66723 1.30541 22.7531
internal_count=31964 16893 16072 15616 10227 5389 2407 6673 2717 1445 1318 267 192 2982
is_linear=0
shrinkage=0.0752388


Tree=80
num_leaves=15
num_cat=0
split_feature=0 23 22 22 18 3 2 0 24 23 4 23 16 23
split_gain=1.84316 0.589891 0.605921 1.00538 0.55693 0.523296 1.33577 1.88993 0.845894 0.678308 0.512395 0.405291 0.424491 0.398869
threshold=0.3013976416472342 8.5000000000000018 0.22474747474747478 0.10263157894736843 1.0000000180025095e-35 1.0000000180025095e-35 1.0000000180025095e-35 1.0000000180025095e-35 0.4188596491228071 3.5000000000000004 1.0000000180025095e-35 10.500000000000002 1.0000000180025095e-35 4.5000000000000009
decision_type=2 2 2 2 2 2 2 2 2 2 2 2 2 2
left_child=1 4 3 -3 13 6 7 -6 -9 -10 -8 12 -5 -1
right_child=-2 2 -4 11 5 -7 10 8 9 -11 -12 -13 -14 -15
leaf_value=0.044636323996103046 -0.070263511524372615 -0.030492207693645985 -0.05397115575346513 0.0074004698196987436 0.073900315365978353 -0.037491953296137012 -0.00024958244331866805 0.037895163546901284 0.03957309845608388 -0.067331884492019545 -0.068653395181290794 -0.017491521994964183 0.07511282831008588 0.0015421674783193671
leaf_weight=2.9100808587390921 1.9529334953676869 3.8972637897313671 1.8209356487004695 1.0220133402617653 3.2088976039085528 1.7291098326750205 51.22919846046716 1.0817496596573621 0.32932120223995287 1.2597968132940875 0.47480613051811715 0.74585376463801356 1.0095425836698269 2.0349082049251592
leaf_count=363 15071 876 3204 288 1760 1219 5076 961 297 1046 879 217 79 628
internal_value=-0.000866781 0.00113932 -0.0173139 -0.00632984 0.00361431 0.00155913 0.00282781 0.0363321 -0.0103596 -0.0436503 -0.00107807 0.027397 0.0439478 0.0274801
internal_weight=74.7064 72.7535 8.49561 6.67467 64.2579 59.3129 57.5838 5.87977 2.67087 1.58912 51.704 2.77741 2.03156 4.94499
internal_count=31964 16893 4664 1460 12229 11238 10019 4064 2304 1343 5955 584 367 991
is_linear=0
shrinkage=0.0752388


Tree=81
num_leaves=15
num_cat=0
split_feature=4 7 9 24 24 0 2 3 22 5 23 16 19 24
split_gain=1.72491 0.547996 1.04956 0.44019 0.821522 0.698497 0.552259 0.983881 0.501387 0.500016 0.434203 0.436534 0.430869 0.39789
threshold=6.5000000000000009 0.76607142857142874 1.0000000180025095e-35 0.10263157894736843 0.39230769230769241 0.031511901160000112 1.0000000180025095e-35 1.0000000180025095e-35 0.57518796992481214 1.0000000180025095e-35 3.5000000000000004 1.0000000180025095e-35 1.0000000180025095e-35 0.78759398496240618
decision_type=2 2 2 2 2 2 2 2 2 2 2 2 2 2
left_child=1 2 -1 9 -5 6 7 -6 -8 12 11 -10 -4 -9
right_child=-2 -3 3 4 5 -7 8 13 10 -11 -12 -13 -14 -15
leaf_value=-0.11457308178213496 -0.069565812702665708 0.05239045458894781 0.0040312863622957926 -0.022229284770356489 0.062079450617808597 -0.044456570728966152 0.0045376591067785056 0.028152153931900684 -0.045134216891303355 0.04451058799659624 -0.06496504460476081 0.013695366694616937 0.066642839155381675 -0.061492103697257584
leaf_weight=0.29507120197740633 1.8573746618021676 1.0072037647623791 20.019167067759561 9.8859970628891443 2.0389710655290396 1.6046760779081513 30.568764898556765 0.34874579840106879 0.97376695854472894 1.9629803476873338 0.92095972328388587 1.8180406461469829 0.4907623207764108 0.55251543430676975
leaf_count=136 18385 803 1904 2458 1273 1317 2750 113 121 749 1710 90 29 126
internal_value=-0.000814356 0.00108983 0.000256825 0.000977053 -0.00304248 0.00191082 0.00408326 0.0345333 0.00133007 0.00965155 -0.0242153 -0.00810067 0.00601092 -0.027751
internal_weight=74.345 72.4876 71.4804 71.1853 48.7124 38.8264 37.2218 2.94023 34.2815 22.4729 3.71277 2.79181 20.5099 0.901261
internal_count=31964 13579 12776 12640 9958 7500 6183 1512 4671 2682 1921 211 1933 239
is_linear=0
shrinkage=0.0752388


Tree=82
num_leaves=15
num_cat=0
split_feature=0 7 9 10 16 5 23 2 0 11 22 24 24 3
split_gain=1.6055 0.514067 0.969646 0.462538 2.65597 0.64899 0.7047 0.421205 0.816315 1.30245 0.419255 0.545211 0.800399 0.394851
threshold=0.3013976416472342 0.76607142857142874 1.0000000180025095e-35 1.0000000180025095e-35 1.0000000180025095e-35 1.0000000180025095e-35 4.5000000000000009 1.0000000180025095e-35 1.0000000180025095e-35 1.0000000180025095e-35 0.12132352941176472 0.31414473684210531 0.55050505050505061 1.0000000180025095e-35
decision_type=2 2 2 2 2 2 2 2 2 2 2 2 2 2
left_child=1 2 -1 4 7 13 -7 8 9 -4 -8 -12 -13 -5
right_child=-2 -3 3 5 -6 6 10 -9 -10 -11 11 12 -14 -15
leaf_value=-0.11020692550309605 -0.069562802161076534 0.051835612818854376 -0.074761511001390848 0.0045132693318622862 0.0023332911546163453 0.063199685784870507 0.040514195950573283 -0.076599645786896042 -0.10946774767958353 0.063410796328760302 0.054407421968875665 -0.099779188161824656 0.0091464089729552008 -0.061323666851594731
leaf_weight=0.29470301791661668 1.7198347297144199 0.95614881557776144 0.51599232316402666 22.12488027536893 39.180243255614187 2.1842102620284995 1.0722283862414772 2.7079462670608336 0.32017815286599205 0.76267842462402768 0.33612513681873668 0.50808965461328603 0.85040269326418638 0.37551568414710246
leaf_count=456 15071 821 1136 2715 3554 1089 1051 3956 1272 309 75 42 150 267
internal_value=-0.000781027 0.00100101 0.00020924 0.000903699 -0.00391992 0.00852441 0.0327517 -0.0589391 -0.0249571 0.00562553 0.00666693 -0.0163279 -0.037559 0.0030085
internal_weight=73.9092 72.1893 71.2332 70.9385 43.487 27.4515 4.95106 4.3068 1.59885 1.27867 2.76685 1.69462 1.35849 22.5004
internal_count=31964 16893 16072 15616 10227 5389 2407 6673 2717 1445 1318 267 192 2982
is_linear=0
shrinkage=0.0752388


Tree=83
num_leaves=15
num_cat=0
split_feature=0 23 22 22 18 3 2 0 24 23 23 23 24 10
split_gain=1.48678 0.480406 0.548289 0.868364 0.46807 0.424884 1.07231 1.68823 0.681245 0.548176 0.346459 0.332782 0.369323 0.722579
threshold=0.3013976416472342 8.5000000000000018 0.22474747474747478 0.10263157894736843 1.0000000180025095e-35 1.0000000180025095e-35 1.0000000180025095e-35 1.0000000180025095e-35 0.4188596491228071 3.5000000000000004 10.500000000000002 4.5000000000000009 0.9772727272727274 1.0000000180025095e-35
decision_type=2 2 2 2 2 2 2 2 2 2 2 2 2 2
left_child=1 4 3 -3 11 6 7 -6 -9 -10 -5 12 -1 -14
right_child=-2 2 -4 10 5 -7 -8 8 9 -11 -12 -13 13 -15
leaf_value=0.056035250325040323 -0.069133407690603124 -0.028113252604360952 -0.051930492566623743 0.040415898491180664 0.073213355645874834 -0.034656845416617295 -0.00098297544313366916 0.035806074203425207 0.038417664658109085 -0.059556239956094645 -0.016453923406310741 0.0014045938605964905 -0.057614086585004949 0.069007975458484513
leaf_weight=2.1218431877641701 1.6056351214701852 3.9167615887299672 1.7121960110562211 2.076009794025595 2.7646742925280696 1.6554501051687101 51.380607208899164 0.99208279978483949 0.30273021585890081 1.2808248445526258 0.73626385958141316 2.0151725316536613 0.44696214173745819 0.29178382607642561
leaf_count=251 15071 876 3204 367 1760 1219 5955 961 297 1046 217 628 53 59
internal_value=-0.000780884 0.000893623 -0.0158022 -0.00566099 0.00315443 0.00125377 0.0023921 0.0339891 -0.0098552 -0.0390948 0.0254465 0.0251815 0.0410113 -0.00434784
internal_weight=73.299 71.6934 8.44123 6.72904 63.2521 58.3764 56.7209 5.34031 2.57564 1.58356 2.81227 4.87576 2.86059 0.738746
internal_count=31964 16893 4664 1460 12229 11238 10019 4064 2304 1343 584 991 363 112
is_linear=0
shrinkage=0.0752388


Tree=84
num_leaves=15
num_cat=0
split_feature=4 7 23 22 20 5 24 24 1 10 24 1 2 3
split_gain=1.40482 0.502429 0.398528 0.734986 0.345705 0.316007 0.293862 0.499957 0.448147 0.343162 0.588726 0.358803 0.288519 0.559993
threshold=2.5000000000000004 0.76607142857142874 2.5000000000000004 0.51190476190476197 1.0000000180025095e-35 1.0000000180025095e-35 0.39230769230769241 0.23303167420814483 0.0069572606557367607 1.0000000180025095e-35 0.68990384615384626 0.26850016307921803 1.0000000180025095e-35 1.0000000180025095e-35
decision_type=2 2 2 2 2 2 2 2 2 2 2 2 2 2
left_child=1 2 5 6 -5 -1 7 -4 12 -10 11 -11 13 -8
right_child=-2 -3 3 4 -6 -7 8 -9 9 10 -12 -13 -14 -15
leaf_value=0.0076440950031327068 -0.051234904766964774 0.05653981887455943 0.00046900334615893627 -0.046934882436225712 0.041627843537590949 0.043571412516600204 0.066599564272146985 -0.025111268082133313 -0.10205931248713204 -0.081357507257791589 0.033054192781412479 0.023425624961254495 0.004514560720451451 -0.017814395253542756
leaf_weight=13.964223165268773 2.8368361264292608 0.77137360881897521 14.194426124654457 2.5140139159830137 0.15845029312004033 1.4025300515349961 1.0219491792668183 6.0645836764178958 0.18275032804285607 0.54744042564561823 0.6560075721827161 0.17383468863226881 27.873899238202284 0.63056676950873214
leaf_count=470 19838 749 1815 3186 167 501 903 882 317 151 253 50 2509 173
internal_value=-0.000722716 0.00142665 0.000691111 -0.00235584 -0.0397177 0.0113197 -0.000299191 -0.00731909 0.00428909 -0.033174 -0.0147592 -0.0564231 0.00642897 0.0356067
internal_weight=72.9929 70.156 69.3847 54.0179 2.67246 15.3668 51.3455 20.259 31.0864 1.56003 1.37728 0.721275 29.5264 1.65252
internal_count=31964 12126 11377 10406 3353 971 7053 2697 4356 771 454 201 3585 1076
is_linear=0
shrinkage=0.0752388


Tree=85
num_leaves=15
num_cat=0
split_feature=4 7 9 10 16 5 22 2 0 11 23 24 24 0
split_gain=1.32615 0.410169 0.856753 0.349992 2.42889 0.443019 0.560863 0.343405 0.698891 1.03309 0.329998 0.250143 0.657237 0.239015
threshold=6.5000000000000009 0.76607142857142874 1.0000000180025095e-35 1.0000000180025095e-35 1.0000000180025095e-35 1.0000000180025095e-35 0.080128205128205135 1.0000000180025095e-35 1.0000000180025095e-35 1.0000000180025095e-35 4.5000000000000009 0.31414473684210531 0.55050505050505061 0.239620675373032
decision_type=2 2 2 2 2 2 2 2 2 2 2 2 2 2
left_child=1 2 -1 4 7 -5 13 8 9 -4 -8 -12 -13 -7
right_child=-2 -3 3 5 -6 6 10 -9 -10 -11 11 12 -14 -15
leaf_value=-0.10564414021295274 -0.068147575103795377 0.048456987359787033 -0.07244245863925812 0.0029047940983756211 0.0022520221186683163 0.059603487577802629 0.04486293525420413 -0.076144735765873731 -0.10294501283271186 0.061463099767928679 0.033019247604358086 -0.080395616491568456 0.0128352374994531 -0.016032630842489376
leaf_weight=0.27785725721150711 1.4599290475543956 0.85721448513504483 0.39948190022732821 22.300271461506785 39.098537370706254 2.1746553301636591 0.59570737869944457 2.441377530049067 0.3042859361758018 0.64668378233909607 0.37474575336091209 0.58314782357774653 0.93993788020452484 0.19999472412746389
leaf_count=136 18385 803 110 2041 3543 1891 91 2926 1277 309 98 52 183 119
internal_value=-0.000677826 0.000848638 0.000164698 0.000813208 -0.00341626 0.00747196 0.0276686 -0.0596878 -0.0252232 0.00761634 0.00221334 -0.013518 -0.0269337 0.0526495
internal_weight=72.6538 71.1939 70.3367 70.0588 42.8904 27.1685 4.86819 3.79183 1.35045 1.04617 2.49354 1.89783 1.52309 2.37465
internal_count=31964 13579 12776 12640 8165 4475 2434 4622 1696 419 424 333 235 2010
is_linear=0
shrinkage=0.0752388


Tree=86
num_leaves=15
num_cat=0
split_feature=0 23 22 22 18 3 2 0 10 24 24 23 24 16
split_gain=1.24352 0.400646 0.492696 0.75286 0.409993 0.365218 0.90556 1.50782 0.568079 0.373566 0.676957 0.306352 0.327615 0.314279
threshold=0.3013976416472342 8.5000000000000018 0.22474747474747478 0.10263157894736843 1.0000000180025095e-35 1.0000000180025095e-35 1.0000000180025095e-35 1.0000000180025095e-35 1.0000000180025095e-35 0.4188596491228071 0.71008403361344552 11.500000000000002 0.65686274509803932 1.0000000180025095e-35
decision_type=2 2 2 2 2 2 2 2 2 2 2 2 2 2
left_child=1 4 3 -3 -1 6 7 -6 -9 -10 -11 12 13 -5
right_child=-2 2 -4 11 5 -7 -8 8 9 10 -12 -13 -14 -15
leaf_value=0.0235740145489939 -0.068113363131826976 -0.026051194400563298 -0.049915661790942249 -0.020922659026174711 0.07269175925711982 -0.032781701035393747 -0.0009023319589669057 -0.092139191639219395 0.040312792972584721 -0.066408707230008482 0.029488560500574905 -0.024810955371608861 0.066508972950266407 0.043585478403175212
leaf_weight=4.8218752610227957 1.3627105466384808 3.9291554322908251 1.6159014731983914 0.77184105071864972 2.4333927123225285 1.5986458895004023 51.071569969386474 0.2418742442641818 0.87223747493771986 0.66152615091050371 0.72252166661928641 0.49062107099689445 0.91199401754784037 0.65429904815755435
leaf_count=991 15071 876 3204 214 1760 1219 5955 903 602 329 470 155 163 52
internal_value=-0.000675324 0.000766537 -0.0145356 -0.00515972 0.00284971 0.00105712 0.00210959 0.0323915 -0.00879009 0.00541946 -0.0183914 0.0237067 0.0347843 0.0100262
internal_weight=72.1602 70.7975 8.37381 6.75791 62.4236 57.6018 56.0031 4.93155 2.49816 2.25629 1.38405 2.82876 2.33813 1.42614
internal_count=31964 16893 4664 1460 12229 11238 10019 4064 2304 1401 799 584 429 266
is_linear=0
shrinkage=0.0752388


Tree=87
num_leaves=15
num_cat=0
split_feature=4 24 24 5 1 2 3 22 25 23 16 10 19 23
split_gain=1.15557 0.360589 0.575015 0.434538 0.398181 0.419402 1.12002 0.395095 0.445933 0.388245 0.388269 0.365615 0.360166 0.294142
threshold=6.5000000000000009 0.10263157894736843 0.39230769230769241 1.0000000180025095e-35 0.0069572606557367607 1.0000000180025095e-35 1.0000000180025095e-35 0.57518796992481214 0.2142857142857143 3.5000000000000004 1.0000000180025095e-35 1.0000000180025095e-35 1.0000000180025095e-35 3.5000000000000004
decision_type=2 2 2 2 2 2 2 2 2 2 2 2 2 2
left_child=1 3 -3 12 5 6 -4 8 -7 10 -9 -5 -1 -6
right_child=-2 2 4 11 13 7 -8 9 -10 -11 -12 -13 -14 -15
leaf_value=0.0034716377959040125 -0.067303753325029581 -0.018995093768627538 0.070354610141580259 -0.012798754937767953 0.028032626206678929 0.0051852060495249123 -0.027909192732404449 -0.043666733772341482 -0.048937749002955895 -0.063634543738646132 0.012538375852902796 0.059582414221868017 0.061350975752871524 -0.042174575438463695
leaf_weight=19.856263565029629 1.2898899094616343 9.853110726781777 1.4946282380988116 0.46612843562252115 0.30155653358815371 29.794294635586997 0.98218908999388066 0.92278621572768282 0.73531847992671728 0.80672504768153874 1.8390163024887443 1.4024918189970776 0.47632956182678654 1.6881019554739394
leaf_count=1979 18385 2672 1314 110 261 2554 269 122 233 1710 90 928 31 1306
internal_value=-0.00064186 0.000718354 -0.00292276 0.00862482 0.00124239 0.00307679 0.03203 0.000840253 0.00364455 -0.0223162 -0.00754515 0.041924 0.00527482 -0.0302941
internal_weight=71.9088 70.6189 48.4177 22.2012 38.5646 36.575 2.47682 34.0981 30.5296 3.56853 2.7618 1.86862 20.3326 1.98966
internal_count=31964 13579 10531 3048 7859 6292 1583 4709 2787 1922 212 1038 2010 1567
is_linear=0
shrinkage=0.0752388


Tree=88
num_leaves=15
num_cat=0
split_feature=0 7 9 10 16 5 23 24 24 22 3 0 2 0
split_gain=1.09427 0.358581 0.757415 0.344815 2.40482 0.495929 0.550334 0.317324 0.415949 0.610203 0.315164 0.273754 0.251204 0.510847
threshold=0.3013976416472342 0.76607142857142874 1.0000000180025095e-35 1.0000000180025095e-35 1.0000000180025095e-35 1.0000000180025095e-35 4.5000000000000009 0.31414473684210531 0.55050505050505061 0.23669467787114848 1.0000000180025095e-35 0.239620675373032 1.0000000180025095e-35 1.0000000180025095e-35
decision_type=2 2 2 2 2 2 2 2 2 2 2 2 2 2
left_child=1 2 -1 4 12 10 11 -8 9 -9 -5 -7 13 -4
right_child=-2 -3 3 5 -6 6 7 8 -10 -11 -12 -13 -14 -15
leaf_value=-0.099967399526916009 -0.067285700849820176 0.047142244789165753 0.00046930409780980022 0.0039536764443559866 0.0020234535977408921 0.069418754319481912 0.051610053779921491 0.0074632739930823979 0.017601409776813629 -0.11395400634292645 -0.057736077154287586 -0.017822414311433943 -0.075451236061604476 -0.097198119359842808
leaf_weight=0.27316144069845805 1.2140872444642798 0.77542147556596219 1.0015139372526385 21.803984511585448 39.075906785014013 1.6129889120929863 0.54774014919530634 0.49996024748543311 1.4207662951084783 0.26133151445537806 0.32661634617397695 0.1681358111090957 2.3407902842518524 0.28115234880260676
leaf_count=456 15071 821 1445 2715 3554 1031 371 199 732 16 267 58 3956 1272
internal_value=-0.000608314 0.00068492 6.53812e-05 0.000678263 -0.00350951 0.00737191 0.0296742 0.00747091 -0.00625989 -0.0462918 0.00265379 0.0604262 -0.0608466 -0.0290022
internal_weight=71.6036 70.3895 69.614 69.3409 42.6994 26.6415 4.51092 2.7298 2.18206 0.761292 22.1306 1.78112 3.62346 1.28267
internal_count=31964 16893 16072 15616 10227 5389 2407 1318 947 215 2982 1089 6673 2717
is_linear=0
shrinkage=0.0752388


Tree=89
num_leaves=15
num_cat=0
split_feature=0 7 7 10 16 5 23 24 22 24 24 3 0 2
split_gain=1.01371 0.326947 0.697552 0.299676 2.19911 0.447031 0.524169 0.296118 0.371851 0.473882 0.312472 0.291392 0.265002 0.255733
threshold=0.3013976416472342 0.76607142857142874 1.0000000180025095e-35 1.0000000180025095e-35 1.0000000180025095e-35 1.0000000180025095e-35 4.5000000000000009 0.31414473684210531 0.12132352941176472 0.55050505050505061 0.9772727272727274 1.0000000180025095e-35 0.239620675373032 1.0000000180025095e-35
decision_type=2 2 2 2 2 2 2 2 2 2 2 2 2 2
left_child=1 2 3 4 13 11 12 -8 10 -10 -9 -5 -7 -1
right_child=-2 -3 -4 5 -6 6 7 8 9 -11 -12 -13 -14 -15
leaf_value=-0.027790618863226473 -0.066746141983608676 0.04568031388272753 -0.096789450951657127 0.0036595845445395918 0.0018718595555146738 0.068953956024383589 0.05052911935790072 0.059346129230964793 -0.070885485273550791 0.0095886988211410455 -0.03195633574564466 -0.056557277858690448 -0.016964380762172229 -0.074885341261187649
leaf_weight=1.2737069135573613 1.1360433678300967 0.74606507643693376 0.266188139343284 21.796436476419338 39.074798147295951 1.5067808602761932 0.52164205760345828 0.5305070344184063 0.60239042062312342 0.84815423854161054 0.1936162959318608 0.31208164492272672 0.17096225370187301 2.1880342486074369
leaf_count=2717 15071 821 456 2715 3554 1031 371 549 42 150 206 267 58 3956
internal_value=-0.000622667 0.00059288 7.98301e-06 0.000594165 -0.00331466 0.00685556 0.0284005 0.00688824 -0.0062086 -0.0273997 0.0336198 0.00242742 0.059514 -0.0594637
internal_weight=71.1674 70.0314 69.2853 69.0191 42.5365 26.4826 4.37405 2.69631 2.17467 1.45054 0.724123 22.1085 1.67774 3.46174
internal_count=31964 16893 16072 15616 10227 5389 2407 1318 947 192 755 2982 1089 6673
is_linear=0
shrinkage=0.0752388


Tree=90
num_leaves=15
num_cat=0
split_feature=4 23 22 22 18 23 20 24 23 3 2 0 10 4
split_gain=0.940762 0.321285 0.4097 0.640389 0.352953 0.278506 0.360883 0.707046 0.277254 0.275337 0.58067 1.54013 0.409056 0.31153
threshold=6.5000000000000009 8.5000000000000018 0.22474747474747478 0.10263157894736843 1.0000000180025095e-35 4.5000000000000009 1.0000000180025095e-35 0.9772727272727274 10.500000000000002 1.0000000180025095e-35 1.0000000180025095e-35 1.0000000180025095e-35 1.0000000180025095e-35 1.0000000180025095e-35
decision_type=2 2 2 2 2 2 2 2 2 2 2 2 2 2
left_child=1 4 3 -3 5 6 -1 -8 -5 10 11 -6 -13 -14
right_child=-2 2 -4 8 9 -7 7 -9 -10 -11 -12 12 13 -15
leaf_value=0.072914424900023381 -0.065904455189857283 -0.024262453940961548 -0.047015089042248652 0.034468316315096989 0.071892135220954029 4.9091543441291318e-05 0.04336650382201257 -0.049300619926036224 -0.016158146551544461 -0.030192563650435485 -0.00073432957118756831 -0.085160144191442161 0.011606320972718746 -0.055394831368647347
leaf_weight=0.87188072377830317 1.0749596224395634 3.9454010039553378 1.4867503410541756 2.1400752109011596 2.1050205216888562 1.9830952131742376 1.3597099524813527 0.5295191275436083 0.73191644976850501 1.430662083919741 50.606710000407475 0.22915495311554002 1.9517022571235432 0.33034034924457945
leaf_count=93 18385 1002 1911 379 1760 482 138 79 227 358 5159 935 826 230
internal_value=-0.00061383 0.000534972 -0.0132171 -0.00497779 0.00242314 0.0218028 0.0366054 0.0156489 0.021402 0.000746026 0.00162861 0.026727 -0.0130838 -0.000958659
internal_weight=70.7769 69.7019 8.30414 6.81739 61.3978 4.74421 2.76111 1.88923 2.87199 56.6536 55.2229 4.61622 2.5112 2.28204
internal_count=31964 13579 3519 1608 10060 792 310 217 606 9268 8910 3751 1991 1056
is_linear=0
shrinkage=0.0752388


Tree=91
num_leaves=15
num_cat=0
split_feature=4 7 24 24 19 23 10 22 22 22 22 10 23 16
split_gain=0.907962 0.343745 0.276556 0.559289 0.282917 0.338644 0.676484 0.400051 0.281626 0.261214 0.530338 0.290145 0.253235 0.274365
threshold=2.5000000000000004 0.76607142857142874 0.10263157894736843 0.39230769230769241 1.0000000180025095e-35 2.5000000000000004 1.0000000180025095e-35 0.35504201680672276 0.51190476190476197 0.4045454545454546 0.31414473684210531 1.0000000180025095e-35 3.5000000000000004 1.0000000180025095e-35
decision_type=2 2 2 2 2 2 2 2 2 2 2 2 2 2
left_child=1 2 4 9 5 6 -1 -7 -5 10 -4 -12 13 -10
right_child=-2 -3 3 8 -6 7 -8 -9 12 -11 11 -13 -14 -15
leaf_value=0.001751642124752566 -0.047204783323711259 0.051613889750507083 -0.021950028982631258 0.0035919150671365916 0.057483776394169586 0.005329479596692081 0.04359990779949998 -0.026962648544431859 -0.03548729976260849 -0.059287845565811369 -0.0036473014634905532 0.066841199875767018 -0.048087213859291662 0.011403529475520724
leaf_weight=6.3380843187551417 2.1362785368055475 0.59758398908888821 7.7002071133529135 33.373136497969426 0.47205538706111738 8.3512012387391206 3.196720443374943 2.7661295728412361 0.93957868422148716 0.69469453284000415 0.66257364801276686 0.47872033736712183 0.96324025666945079 1.8618108100345125
leaf_count=213 19838 749 1070 4610 40 1000 394 806 139 953 161 39 1859 93
internal_value=-0.000591313 0.000966535 0.000405128 -0.00282769 0.00751708 0.00596141 0.0162482 -0.00296168 0.00136681 -0.0189269 -0.0148028 0.0303183 -0.0177296 -0.00534504
internal_weight=70.532 68.3957 67.7982 46.674 21.1242 20.6521 9.5348 11.1173 37.1378 9.5362 8.8415 1.14129 3.76463 2.80139
internal_count=31964 12126 11377 8924 2453 2413 607 1806 6701 2223 1270 200 2091 232
is_linear=0
shrinkage=0.0752388


Tree=92
num_leaves=15
num_cat=0
split_feature=0 7 9 10 16 5 23 24 22 24 24 0 2 0
split_gain=0.848471 0.268368 0.63072 0.239378 2.01219 0.386314 0.481723 0.277943 0.330806 0.400665 0.294423 0.260125 0.254239 0.441686
threshold=0.3013976416472342 0.76607142857142874 1.0000000180025095e-35 1.0000000180025095e-35 1.0000000180025095e-35 1.0000000180025095e-35 4.5000000000000009 0.31414473684210531 0.12132352941176472 0.55050505050505061 0.9772727272727274 0.239620675373032 1.0000000180025095e-35 1.0000000180025095e-35
decision_type=2 2 2 2 2 2 2 2 2 2 2 2 2 2
left_child=1 2 -1 4 12 -5 11 -8 10 -10 -9 -7 13 -4
right_child=-2 -3 3 5 -6 6 7 8 9 -11 -12 -13 -14 -15
leaf_value=-0.093322144428169718 -0.065426546409598288 0.043100813876144957 0.0012117119589165907 0.0021058003656215414 0.0018846908487928414 0.068287001032682135 0.049503902721648327 0.05844249700386038 -0.064963499712069273 0.0087072974001883921 -0.030412203886211131 -0.017192912809166204 -0.074375650986403488 -0.091550188806758429
leaf_weight=0.25495780133951385 0.97030201779125391 0.67438155398485733 0.96413243017741412 21.898812836270739 38.993903494641927 1.3668615159112949 0.49793331131513729 0.49776574785937588 0.62368182232603409 0.83739149390021339 0.19855389042641036 0.17015510122291733 2.0335860504528682 0.26082652905188297
leaf_count=456 15071 821 1445 2982 3554 1031 371 549 42 150 206 58 3956 1272
internal_value=-0.000551554 0.000499063 -1.45542e-05 0.000540818 -0.00295564 0.00618729 0.0266837 0.00631264 -0.00626957 -0.0259118 0.0321929 0.0581254 -0.0583696 -0.0264985
internal_weight=70.2432 69.2729 68.5986 68.3436 42.2524 26.0912 4.19234 2.65533 2.15739 1.46107 0.69632 1.53702 3.25855 1.22496
internal_count=31964 16893 16072 15616 10227 5389 2407 1318 947 192 755 1089 6673 2717
is_linear=0
shrinkage=0.0752388


Tree=93
num_leaves=15
num_cat=0
split_feature=0 3 2 0 4 10 4 21 22 23 24 24 16 24
split_gain=0.786939 0.287894 0.681656 1.69793 0.546137 0.500901 0.333266 0.315194 0.339933 0.528006 0.372535 0.566797 0.345296 0.313025
threshold=0.3013976416472342 1.0000000180025095e-35 1.0000000180025095e-35 1.0000000180025095e-35 1.0000000180025095e-35 1.0000000180025095e-35 1.0000000180025095e-35 1.0000000180025095e-35 0.34313725490196084 3.5000000000000004 0.9772727272727274 0.47213622291021679 1.0000000180025095e-35 0.81534090909090928
decision_type=2 2 2 2 2 2 2 2 2 2 2 2 2 2
left_child=1 2 3 -1 7 -5 13 8 -4 10 11 -10 -12 -7
right_child=-2 -3 4 5 -6 6 -8 -9 9 -11 12 -13 -14 -15
leaf_value=0.072248092340099129 -0.064813266166783193 -0.028989626034075379 0.0021285181898330389 -0.088309892639834811 -0.069214062598924722 -0.0039076090864662233 -0.055945687854836147 0.053925345573667412 -0.0058448588087425457 -0.035746122311454548 -0.051933813302743319 0.04430978642272021 -0.0038739722558448855 0.058418993567893929
leaf_weight=2.3493871288665096 0.90956425083095283 1.6792928401546294 48.314615268580383 0.26920964137025327 0.50412873167988337 1.7444499970151817 0.34208190166464181 0.44949227025790506 3.9829017753654608 3.5183539176450713 1.1393676241277719 1.703928731032647 2.532958572730422 0.45706652881926846
leaf_count=2257 15071 1844 3266 1445 1523 738 947 83 216 3988 121 126 89 250
internal_value=-0.000547925 0.000440667 0.0012389 0.0271011 -0.000970536 -0.0123864 0.00019571 -0.000242745 -0.000773893 -0.0115607 -0.00204077 0.0099486 -0.020263 0.0119824
internal_weight=69.8968 68.9872 67.3079 5.1622 62.1457 2.81281 2.5436 61.6416 61.1921 12.8775 9.35916 5.68683 3.67233 2.20152
internal_count=31964 16893 15049 5637 9412 3380 1935 7889 7806 4540 552 342 210 988
is_linear=0
shrinkage=0.0752388


Tree=94
num_leaves=15
num_cat=0
split_feature=0 23 22 22 18 3 2 0 24 23 23 0 22 4
split_gain=0.730131 0.26177 0.377822 0.560381 0.291357 0.263376 0.554694 1.20093 0.436651 0.335536 0.261133 0.317711 0.249303 0.24251
threshold=0.3013976416472342 8.5000000000000018 0.22474747474747478 0.10263157894736843 1.0000000180025095e-35 1.0000000180025095e-35 1.0000000180025095e-35 1.0000000180025095e-35 0.4188596491228071 3.5000000000000004 5.5000000000000009 0.061501463163091206 0.31414473684210531 1.0000000180025095e-35
decision_type=2 2 2 2 2 2 2 2 2 2 2 2 2 2
left_child=1 4 3 -3 -1 6 7 -6 13 -10 11 -11 -12 -9
right_child=-2 2 -4 -5 5 -7 -8 8 9 10 12 -13 -14 -15
leaf_value=0.01983584684882914 -0.064179728270401179 -0.022324469455135759 -0.045284492587977357 0.020449552059542336 0.070966522479787061 -0.029323158150113434 -0.00072493261493893882 0.050184274596437532 0.035948391383430041 0.02303747456663548 0.015782632522103216 -0.099352751950071969 -0.066581773675292805 -0.035765452482506302
leaf_weight=4.6803629922469545 0.85310773902256087 3.9401556984121253 1.4237987029027861 2.8599483264733863 1.7975343758589577 1.4670634843951109 50.222976596476656 0.64377995254471931 0.22269157250775595 0.086790070619826798 0.53252964052717289 0.47040929110335128 0.15100118001646479 0.12304738198326959
leaf_count=991 15071 876 3204 584 1760 1219 5955 381 297 115 266 294 371 580
internal_value=-0.000540705 0.000391206 -0.0120759 -0.00428079 0.00211492 0.00057619 0.00146478 0.0277976 -0.00931374 -0.032363 -0.0472199 -0.0794343 -0.0112489 0.0327433
internal_weight=69.4752 68.6221 8.2239 6.8001 60.3982 55.7178 54.2508 4.02778 2.23025 1.46342 1.24073 0.557199 0.683531 0.766827
internal_count=31964 16893 4664 1460 12229 11238 10019 4064 2304 1343 1046 409 637 961
is_linear=0
shrinkage=0.0752388


Tree=95
num_leaves=15
num_cat=0
split_feature=4 7 24 24 19 23 10 22 24 1 24 22 10 25
split_gain=0.712709 0.283999 0.227696 0.486474 0.250514 0.287311 0.58535 0.329408 0.242019 0.433099 0.410015 0.319773 0.378835 0.356644
threshold=2.5000000000000004 0.76607142857142874 0.10263157894736843 0.39230769230769241 1.0000000180025095e-35 2.5000000000000004 1.0000000180025095e-35 0.35504201680672276 0.75595238095238104 0.0069572606557367607 0.82843137254901966 0.29705882352941182 1.0000000180025095e-35 0.2142857142857143
decision_type=2 2 2 2 2 2 2 2 2 2 2 2 2 2
left_child=1 2 4 -4 5 6 -1 -7 9 -5 -10 12 -12 -13
right_child=-2 -3 3 8 -6 7 -8 -9 10 -11 11 13 -14 -15
leaf_value=0.0015675128632487334 -0.044936380415828252 0.049401454569446224 -0.017727241561815602 0.010306482459738454 0.054173623553306162 0.0045729152990286129 0.041200641966194454 -0.025128172644745816 -0.040204626374004751 -0.038943622558261691 -0.0041586675666777069 -0.021007966171313737 0.023902095922289698 0.046017879905615053
leaf_weight=6.272055569563241 1.8338502320048053 0.52076749019033641 9.4440123536323863 17.121370947086692 0.46300538616560416 8.2794324981414302 3.0356769988429733 2.6709209147165884 1.5236856448264031 0.92482560720918527 7.511161300898495 5.2510201525565199 4.0884349880943773 0.34722755640541425
leaf_count=213 19838 749 2223 3040 40 1000 394 806 440 432 616 1171 886 116
internal_value=-0.000519384 0.00078695 0.000297112 -0.00264136 0.0068218 0.00534234 0.0149501 -0.00291751 0.00129084 0.00747692 -0.00468434 -0.00121117 0.0059138 -0.0157392
internal_weight=69.2874 67.4536 66.9328 46.2117 20.7211 20.2581 9.30773 10.9504 36.7677 18.0462 18.7215 17.1978 11.5996 5.59825
internal_count=31964 12126 11377 8924 2453 2413 607 1806 6701 3472 3229 2789 1502 1287
is_linear=0
shrinkage=0.0752388


Tree=96
num_leaves=15
num_cat=0
split_feature=0 3 2 0 4 10 4 24 24 1 0 22 21 22
split_gain=0.650808 0.219211 0.564878 1.49063 0.493511 0.434771 0.291745 0.278039 0.45316 0.316323 0.33808 0.441824 0.272032 0.260914
threshold=0.3013976416472342 1.0000000180025095e-35 1.0000000180025095e-35 1.0000000180025095e-35 1.0000000180025095e-35 1.0000000180025095e-35 1.0000000180025095e-35 0.81534090909090928 0.21825396825396828 0.29329513257503642 0.239620675373032 0.12132352941176472 1.0000000180025095e-35 0.34313725490196084
decision_type=2 2 2 2 2 2 2 2 2 2 2 2 2 2
left_child=1 2 3 -1 12 -5 7 8 -7 10 11 -10 13 -4
right_child=-2 -3 4 5 -6 6 -8 -9 9 -11 -12 -13 -14 -15
leaf_value=0.071442799728582279 -0.063159865118996308 -0.025362074662465251 0.0018313891058650584 -0.08302748000794212 -0.067462100153635754 0.055384902473687887 -0.053934781152943263 0.057039120227044444 0.049385330126826887 0.042581040064662852 -0.10289937960242783 -0.044972977910342674 0.049938466738773307 -0.010254396411000531
leaf_weight=2.0632150449673636 0.77233969991493623 1.6710371030067097 48.148485281584726 0.25562668436214186 0.47113250319489353 0.39956666649959593 0.3088723438031592 0.42076193919638161 0.28316922452358972 0.19923306195414614 0.20142228085023817 0.66024163994006813 0.4537919802532987 12.637436006523783
leaf_count=2257 15071 1844 3266 1445 1523 333 947 250 260 34 39 72 83 4540
internal_value=-0.000475439 0.000374287 0.0010776 0.0255465 -0.000880889 -0.0111012 0.000728901 0.0115703 -0.00311173 -0.0243782 -0.0396711 -0.0137164 -0.000202127 -0.000700655
internal_weight=68.9463 68.174 66.503 4.79211 61.7108 2.72889 2.47327 2.16439 1.74363 1.34407 1.14483 0.943411 61.2397 60.7859
internal_count=31964 16893 15049 5637 9412 3380 1935 988 738 405 371 332 7889 7806
is_linear=0
shrinkage=0.0752388


Tree=97
num_leaves=15
num_cat=0
split_feature=0 23 22 22 24 23 18 23 20 24 23 23 24 3
split_gain=0.604412 0.220284 0.343941 0.374119 0.362767 0.272462 0.242184 0.236843 0.287185 0.630359 0.270407 0.207947 0.239037 0.203224
threshold=0.3013976416472342 8.5000000000000018 0.25657894736842107 0.10263157894736843 0.73508771929824568 9.5000000000000018 1.0000000180025095e-35 4.5000000000000009 1.0000000180025095e-35 0.9772727272727274 2.5000000000000004 9.5000000000000018 0.30384615384615393 1.0000000180025095e-35
decision_type=2 2 2 2 2 2 2 2 2 2 2 2 2 2
left_child=1 6 3 -3 11 -6 7 8 10 -10 -1 -5 -13 -8
right_child=-2 2 -4 4 5 -7 13 -9 9 -11 -12 12 -14 -15
leaf_value=0.014293267974120642 -0.062474757652982167 -0.020632583749922943 -0.052130970846266618 -0.028843468816076672 0.076036821593192125 0.0048952391698117515 0.0013139910252812866 -0.0018092373590185963 0.039574964191269171 -0.049113140538709452 0.099639806717166185 0.044762003050042617 -0.014908357999610345 -0.025798286121815853
leaf_weight=0.43010158011747912 0.72553525647117467 3.9533684732682541 0.86556240137542761 0.98108020225481674 0.55556454907309649 0.5743599146080669 53.568580376630052 1.9598661278960205 1.3305248930337255 0.50740641493757732 0.41186176627888926 0.5791438864498557 0.67406972542903532 1.4593566992843978
leaf_count=40 15071 876 3028 190 98 136 10019 628 164 89 70 158 178 1219
internal_value=-0.000458094 0.000343863 -0.0111155 -0.0052975 0.0128365 0.0447627 0.00193983 0.018162 0.0320775 0.013201 0.0649301 -0.00513996 0.0145338 0.000525559
internal_weight=68.5764 67.8508 8.18315 7.31759 3.36422 1.12992 59.6677 4.63976 2.67989 1.83793 0.841963 2.23429 1.25321 55.0279
internal_count=31964 16893 4664 1636 760 234 12229 991 363 253 110 526 336 11238
is_linear=0
shrinkage=0.0752388


Tree=98
num_leaves=15
num_cat=0
split_feature=4 7 23 22 20 24 23 24 24 24 1 23 23 22
split_gain=0.573644 0.254807 0.186712 0.523119 0.43028 0.179102 0.16969 0.199274 0.300472 0.232752 0.220269 0.216957 0.294 0.22667
threshold=2.5000000000000004 0.76607142857142874 2.5000000000000004 0.67424242424242431 1.0000000180025095e-35 0.53589743589743599 13.500000000000002 0.39230769230769241 0.23669467787114848 0.26969696969696971 0.0069572606557367607 5.5000000000000009 3.5000000000000004 0.26969696969696971
decision_type=2 2 2 2 2 2 2 2 2 2 2 2 2 2
left_child=1 2 -1 6 -5 -6 7 8 -4 -10 -9 12 -12 -13
right_child=-2 -3 3 4 5 -7 -8 10 9 -11 11 13 -14 -15
leaf_value=0.0078496488027622827 -0.042256244996038757 0.048046069136467771 0.00046667560829295919 -0.053500129393657586 0.085401592294431616 -0.022020740092045753 -0.032215431355924674 0.0055341675146504832 -0.038444223117752384 -0.0076630256424885541 0.025852024752843736 0.02242027549785661 -0.07358023624561387 -0.052479775226664728
leaf_weight=14.205286998047084 1.6541940634524497 0.48476257970469205 13.691993146619554 1.5316701550827918 0.074049857807039987 0.061601670979143819 0.77925412414469875 28.664274257296714 2.1668605193035537 3.7252895835608797 0.13984586628430296 0.70769464460317977 0.50156356627303467 0.15919280044818152
leaf_count=971 19838 749 1989 2295 64 58 342 3931 270 695 103 407 192 60
internal_value=-0.000423879 0.000704478 0.000249459 -0.00183553 -0.0414653 0.0507917 -0.000407049 0.00018816 -0.00569647 -0.0196682 0.00401715 -0.022671 -0.0510987 0.00286569
internal_weight=68.5475 66.8933 66.4086 52.2033 1.66732 0.135652 50.536 49.7567 19.5841 5.89215 30.1726 1.5083 0.641409 0.866887
internal_count=31964 12126 11377 10406 2417 122 7989 7647 2954 965 4693 762 295 467
is_linear=0
shrinkage=0.0752388


Tree=99
num_leaves=15
num_cat=0
split_feature=4 7 9 10 16 5 23 24 2 11 22 24 0 24
split_gain=0.544659 0.187251 0.557243 0.168504 1.81595 0.266411 0.354404 0.244326 0.215516 0.292821 0.160781 0.306669 0.20336 0.251384
threshold=6.5000000000000009 0.76607142857142874 1.0000000180025095e-35 1.0000000180025095e-35 1.0000000180025095e-35 1.0000000180025095e-35 3.5000000000000004 0.31414473684210531 1.0000000180025095e-35 1.0000000180025095e-35 0.12132352941176472 0.55050505050505061 0.239620675373032 0.9772727272727274
decision_type=2 2 2 2 2 2 2 2 2 2 2 2 2 2
left_child=1 2 -1 4 8 -5 -7 -8 9 -4 12 -12 13 -9
right_child=-2 -3 3 5 -6 6 7 10 -10 -11 11 -13 -14 -15
leaf_value=-0.089480410507509225 -0.061281104680432547 0.038638343539339731 -0.066199075717041117 0.0018239868557259084 0.0018622958949161073 0.060501647453774565 0.047119277659169866 0.059513320731576592 -0.07383874070582111 0.0076959151285015959 -0.047949946446625431 0.01263022342060682 -0.039914381914577385 -0.02038351055882873
leaf_weight=0.23971999588275039 0.6695948314945771 0.56169989952468213 0.38841462459231391 21.307681105779924 38.692611595972267 0.89971385453827579 0.59998310553783119 0.54901662065822199 1.8405861238907164 0.62824923988955561 0.70587073639035203 0.94528888136846945 0.11803185421740636 0.23513822116365191
leaf_count=136 18385 803 1210 2041 3543 762 467 648 2926 486 56 180 59 262
internal_value=-0.000416198 0.000322229 -8.52219e-05 0.000438083 -0.00250951 0.0052534 0.0225617 0.0094419 -0.0588029 -0.0254938 -0.00157097 -0.0151347 0.0218503 0.036138
internal_weight=68.3816 67.712 67.1503 66.9106 41.5499 25.3607 4.05304 3.15333 2.85725 1.01666 2.55335 1.65116 0.902187 0.784155
internal_count=31964 13579 12776 12640 8165 4475 2434 1672 4622 1696 1205 236 969 910
is_linear=0
shrinkage=0.0752388


Tree=100
num_leaves=15
num_cat=0
split_feature=0 24 24 5 10 22 22 10 24 24 1 1 22 6
split_gain=0.515332 0.180887 0.339102 0.282406 0.29204 0.250299 0.429889 0.230067 0.227686 0.386653 0.300724 0.317453 0.229981 0.328499
threshold=0.3013976416472342 0.10263157894736843 0.39230769230769241 1.0000000180025095e-35 1.0000000180025095e-35 0.4045454545454546 0.31414473684210531 1.0000000180025095e-35 0.75595238095238104 0.82843137254901966 0.0069572606557367607 0.26850016307921803 0.29705882352941182 1.0000000180025095e-35
decision_type=2 2 2 2 2 2 2 2 2 2 2 2 2 2
left_child=1 3 5 -1 -5 6 -3 -8 10 -10 -4 -12 -11 -14
right_child=-2 2 8 4 -6 -7 7 -9 9 12 11 -13 13 -15
leaf_value=0.0037187091705739319 -0.060965474194499131 -0.017509220965101178 0.009333918767126281 -0.013221837660280346 0.059623423182130944 -0.056162816175148178 -0.0021430399510857317 0.060521221538128576 -0.038695781295028174 0.004580321407217384 -0.048056683165900248 0.041400053786920174 0.0406070460476326 -0.019421622759280853
leaf_weight=19.577118116527348 0.63386764034294074 7.7673001583561891 17.260601114355271 0.37795431626727694 0.87817475195333827 0.62129443564344988 0.64676673646681571 0.5070050995782367 1.5821490769722029 11.67743066811636 0.85239076464222197 0.1624800149256771 0.42903621152981841 5.1199341641295177
leaf_count=2449 15071 1397 4208 88 914 1719 249 83 661 1754 1070 160 970 1171
internal_value=-0.000417765 0.000287571 -0.00231673 0.00609065 0.0386478 -0.0148457 -0.0110714 0.0292492 0.000954845 -0.00483756 0.00690689 -0.0301931 -0.00141517 -0.013817
internal_weight=68.0935 67.4596 46.6264 20.8332 1.25613 9.54237 8.92107 1.15377 37.084 18.8086 18.2755 1.01487 17.2264 5.54897
internal_count=31964 16893 13442 3451 1002 3448 1729 332 9994 4556 5438 1230 3895 2141
is_linear=0
shrinkage=0.0752388


Tree=101
num_leaves=15
num_cat=0
split_feature=4 18 23 21 21 24 22 22 23 22 3 22 10 16
split_gain=0.482383 0.1813 0.303891 0.428963 0.378253 0.302554 0.181359 0.216232 0.163731 0.176813 0.370672 0.401793 0.381445 0.513861
threshold=6.5000000000000009 1.0000000180025095e-35 5.5000000000000009 1.0000000180025095e-35 1.0000000180025095e-35 0.22474747474747478 0.47213622291021679 0.9772727272727274 11.500000000000002 0.23669467787114848 1.0000000180025095e-35 0.10263157894736843 1.0000000180025095e-35 1.0000000180025095e-35
decision_type=2 2 2 2 2 2 2 2 2 2 2 2 2 2
left_child=1 2 4 5 6 -4 -1 -8 9 10 11 12 13 -3
right_child=-2 8 3 -5 -6 -7 7 -9 -10 -11 -12 -13 -14 -15
leaf_value=0.028075106463350236 -0.060089650898057907 -0.049928495321418132 0.050907430964707463 -0.095199758109629329 0.083864658759608302 -0.015911734140515662 -0.034926386534023156 0.022855070753737879 -0.021856418970134531 -0.0059799873565560165 -0.037859217042358818 0.01807663496423613 0.01188511626973281 -0.0027415857414147108
leaf_weight=1.9672614882310879 0.60505828137638573 1.2495400972275117 0.38488888514075359 0.1415677959585081 0.39582190987493948 1.1910653352838378 0.61481074668336055 0.55877815549865772 1.8833410622223699 19.703166094474454 1.0863118779252534 8.6880538684927142 9.9385783157763417 19.490765683884092
leaf_count=269 18385 786 146 79 51 409 88 52 1177 5331 343 1210 3014 624
internal_value=-0.000394617 0.000276956 0.0134913 -0.0117789 0.0257429 0.00346282 0.0148693 -0.00795117 -0.000872555 -0.000161925 0.00268365 0.00394439 -0.000127482 -0.00592861
internal_weight=67.899 67.294 5.25419 1.71752 3.53667 1.57595 3.14085 1.17359 62.0398 60.1564 40.4532 39.3669 30.6789 20.7403
internal_count=31964 13579 1094 634 460 555 409 140 12485 11308 5977 5634 4424 1410
is_linear=0
shrinkage=0.0752388


Tree=102
num_leaves=15
num_cat=0
split_feature=0 2 3 0 6 10 4 24 24 1 0 22 10 4
split_gain=0.45718 0.187083 0.475714 1.33865 0.455455 0.364443 0.258573 0.246846 0.341662 0.267402 0.30837 0.349396 0.235539 0.327085
threshold=0.3013976416472342 1.0000000180025095e-35 1.0000000180025095e-35 1.0000000180025095e-35 1.0000000180025095e-35 1.0000000180025095e-35 1.0000000180025095e-35 0.81534090909090928 0.21825396825396828 0.29329513257503642 0.239620675373032 0.12132352941176472 1.0000000180025095e-35 1.0000000180025095e-35
decision_type=2 2 2 2 2 2 2 2 2 2 2 2 2 2
left_child=1 2 3 -1 -3 -5 7 8 -7 10 11 -10 -4 -14
right_child=-2 4 12 5 -6 6 -8 -9 9 -11 -12 -13 13 -15
leaf_value=0.070881811671167 -0.059745967744940995 -0.04211548862993441 -0.063691696355043556 -0.077571578239095731 1.193449743440274e-05 0.05244959895588789 -0.052350001574842264 0.055574069937777901 0.048123810263173548 0.041754344329046282 -0.092503440131490561 -0.036220316143154192 0.019378902392863925 -0.056506023275465798
leaf_weight=1.8801179265574308 0.57392890314122169 1.3362791228582853 0.36498344141818928 0.2361112025387232 59.728971767461189 0.33445193334773726 0.28021327571605059 0.38611489071627136 0.26393660603207514 0.19440573932661198 0.21614994335686788 0.69916918681701645 0.95383430911169853 0.30095096683817246
leaf_count=2257 15071 1838 1136 1445 7574 333 947 250 260 34 39 72 325 383
internal_value=-0.000386482 0.000255032 0.0126399 0.0250528 -0.00101269 -0.0100464 0.000949964 0.0111549 -0.00262274 -0.0199375 -0.0337288 -0.0096832 -0.0209672 -0.00297765
internal_weight=67.7496 67.1757 6.11044 4.49067 61.0653 2.61055 2.37444 2.09423 1.70811 1.37366 1.17926 0.963106 1.61977 1.25479
internal_count=31964 16893 7481 5637 9412 3380 1935 988 738 405 371 332 1844 708
is_linear=0
shrinkage=0.0752388


Tree=103
num_leaves=15
num_cat=0
split_feature=0 23 22 22 23 24 18 23 20 24 23 1 0 2
split_gain=0.424963 0.165772 0.307232 0.401637 0.208786 0.210341 0.188098 0.189691 0.255108 0.556539 0.230242 0.183511 0.268122 0.187466
threshold=0.3013976416472342 8.5000000000000018 0.22474747474747478 0.10263157894736843 10.500000000000002 0.44097222222222227 1.0000000180025095e-35 4.5000000000000009 1.0000000180025095e-35 0.9772727272727274 2.5000000000000004 0.29329513257503642 0.22721685743224204 1.0000000180025095e-35
decision_type=2 2 2 2 2 2 2 2 2 2 2 2 2 2
left_child=1 6 3 -3 5 -5 7 8 10 -10 -1 12 13 -8
right_child=-2 2 -4 4 -6 -7 11 -9 9 -11 -12 -13 -14 -15
leaf_value=0.01184905543915069 -0.058973262225315563 -0.018335163938771017 -0.041531810037948702 -0.0011365322328928933 -0.015297905464136376 0.045793152232180785 0.015568548544959215 -0.0019080160079885426 0.035555206545937572 -0.04849028436182716 0.090625659533351888 0.051866592493750668 -0.05045798196940985 -0.00076890269027568602
leaf_weight=0.41419022042828069 0.54097069084536897 3.9584273083751196 1.2738782053070279 0.83687127141638562 0.711069813987251 1.3381983899671466 4.1701785201021258 1.9478360975408575 1.3191154615924459 0.49199155261158023 0.42201187532918993 0.23607165006524056 0.43721080763498221 49.408912548392436
leaf_count=40 15071 876 3204 153 217 214 4749 628 164 89 70 207 327 5955
internal_value=-0.000386438 0.000219946 -0.0097559 -0.00306457 0.0177484 0.0288467 0.00161788 0.0159784 0.0285252 0.0107287 0.0594612 0.000360107 -1.05827e-05 0.000543311
internal_weight=67.5069 66.966 8.11844 6.84457 2.88614 2.17507 58.8475 4.59515 2.64731 1.81111 0.836202 54.2524 54.0163 53.5791
internal_count=31964 16893 4664 1460 584 367 12229 991 363 253 110 11238 11031 10704
is_linear=0
shrinkage=0.0752388


Tree=104
num_leaves=15
num_cat=0
split_feature=4 7 23 22 20 24 24 16 10 24 24 1 24 23
split_gain=0.411771 0.202895 0.153449 0.4479 0.400509 0.1564 0.146953 0.532113 0.504965 0.136176 0.280287 0.18571 0.167178 0.153325
threshold=2.5000000000000004 0.76607142857142874 2.5000000000000004 0.67424242424242431 1.0000000180025095e-35 0.53589743589743599 0.9772727272727274 1.0000000180025095e-35 1.0000000180025095e-35 0.39230769230769241 0.23303167420814483 0.0069572606557367607 0.26969696969696971 14.500000000000002
decision_type=2 2 2 2 2 2 2 2 2 2 2 2 2 2
left_child=1 2 6 9 -5 -6 8 -8 -1 10 -4 13 -12 -11
right_child=-2 -3 3 4 5 -7 7 -9 -10 11 12 -13 -14 -15
leaf_value=0.00061112111848104784 -0.038632865404213179 0.044920067456345227 0.00066941875207929573 -0.051944812388387371 0.07903161985726137 -0.021171113886686591 -0.035740531526951939 0.01529823256154314 0.038049164722501513 0.0048056278925038736 -0.034796435430034932 -0.021863797403655738 -0.0086282172024786819 -0.036299762818381043
leaf_weight=6.410722275169972 1.4018442771848629 0.42539895140362105 13.736404879042313 1.4289188256830119 0.083110951145499601 0.05840612751126173 1.68397017486859 2.9746918852615636 2.8418187815113924 28.56517065218214 2.1490809327415255 1.4983689392684016 3.8239546975191843 0.37188951437565165
leaf_count=219 19838 749 2071 2295 64 58 280 71 401 3974 278 791 737 138
internal_value=-0.000357511 0.00054206 0.000150779 -0.00173965 -0.0394567 0.0481525 0.00712108 -0.00369962 0.0125409 -0.000442217 -0.00529188 0.00270908 -0.0186762 0.00408957
internal_weight=67.4538 66.0519 65.6265 51.7153 1.57044 0.141517 13.9112 4.65866 9.25254 50.1449 19.7094 30.4354 5.97304 28.9371
internal_count=31964 12126 11377 10406 2417 122 971 351 620 7989 3086 4903 1015 4112
is_linear=0
shrinkage=0.0752388


Tree=105
num_leaves=15
num_cat=0
split_feature=4 2 0 3 4 10 4 24 24 10 24 21 1 0
split_gain=0.380888 0.143389 0.456893 1.23944 0.362988 0.316204 0.223356 0.228555 0.235631 0.195832 0.194622 0.192552 0.177398 0.252717
threshold=6.5000000000000009 1.0000000180025095e-35 1.0000000180025095e-35 1.0000000180025095e-35 1.0000000180025095e-35 1.0000000180025095e-35 1.0000000180025095e-35 0.81534090909090928 0.21825396825396828 1.0000000180025095e-35 0.78759398496240618 1.0000000180025095e-35 0.29329513257503642 0.239620675373032
decision_type=2 2 2 2 2 2 2 2 2 2 2 2 2 2
left_child=1 2 3 -1 11 -4 7 8 -7 -5 -11 -3 13 -10
right_child=-2 4 5 9 -6 6 -8 -9 12 10 -12 -13 -14 -15
leaf_value=0.070364892153848752 -0.057606099653040824 -0.00077353265549438583 -0.075025267595986003 -0.061227090594890392 -0.063677685881574506 0.040431421607160442 -0.05159648794926152 0.050533472148698265 -0.0081725455744816287 0.016808697347430866 -0.040268646267937067 0.041397047909186011 0.030091244731042976 -0.081628880207014046
leaf_weight=1.738258388664689 0.49850420617758473 60.070342365556826 0.23060587070767757 0.30884341412729543 0.36397717843828914 0.34962337039178315 0.27058656486224197 0.39204595124465402 0.97037058677233268 0.83372892151965061 0.36282115174253704 0.46653332251480506 0.2180217482818988 0.23481433818233199
leaf_count=2257 18385 7806 1439 110 145 352 348 257 332 263 98 83 50 39
internal_value=-0.000343343 0.000214319 0.01125 0.0296256 -0.000882031 -0.0115002 -0.00141336 0.00784553 -0.0048536 -0.0195637 -0.00309728 -0.000345192 -0.0188182 -0.0300551
internal_weight=67.3091 66.8106 5.90972 3.24365 60.9009 2.66607 2.43546 2.16488 1.77283 1.50539 1.19655 60.5369 1.42321 1.20518
internal_count=31964 13579 5545 2728 8034 2817 1378 1030 773 471 361 7889 421 371
is_linear=0
shrinkage=0.0752388


Tree=106
num_leaves=15
num_cat=0
split_feature=0 2 3 0 4 10 4 24 24 1 0 22 10 4
split_gain=0.362403 0.140807 0.412948 1.14797 0.38338 0.317896 0.224989 0.216996 0.274551 0.207715 0.221802 0.309464 0.197992 0.291871
threshold=0.3013976416472342 1.0000000180025095e-35 1.0000000180025095e-35 1.0000000180025095e-35 1.0000000180025095e-35 1.0000000180025095e-35 1.0000000180025095e-35 0.81534090909090928 0.21825396825396828 0.29329513257503642 0.239620675373032 0.12132352941176472 1.0000000180025095e-35 1.0000000180025095e-35
decision_type=2 2 2 2 2 2 2 2 2 2 2 2 2 2
left_child=1 2 3 -1 -3 -5 7 8 -7 10 11 -10 -4 -14
right_child=-2 4 12 5 -6 6 -8 -9 9 -11 -12 -13 13 -15
leaf_value=0.069896365134252514 -0.05724287482341537 -0.00031161891631547982 -0.061009564951420819 -0.072822826053898421 -0.063410979297334608 0.050319739342990173 -0.050059162795667723 0.05420806727682357 0.047521939416364879 0.038748011505530679 -0.075674655932909604 -0.032024604113371859 0.017673714160284498 -0.055182768897753857
leaf_weight=1.6236608337203495 0.47512828841581622 60.542612109305992 0.33490226645062615 0.22229458624360665 0.39734117731677443 0.29624774708645496 0.25024849408282523 0.3559660414175595 0.25527883192989953 0.18465997344173946 0.24580533892731182 0.72063472669105977 0.92770718797692098 0.285233383578543
leaf_count=2257 15071 7889 1136 1445 1523 333 947 250 260 34 39 72 325 383
internal_value=-0.000347432 0.000188149 0.0113333 0.0234896 -0.000880519 -0.00856239 0.0017586 0.0110798 -0.00165668 -0.0164617 -0.0281846 -0.00760223 -0.0204764 -0.00371399
internal_weight=67.1177 66.6426 5.70264 4.1548 60.94 2.53114 2.30884 2.05859 1.70263 1.40638 1.22172 0.975914 1.54784 1.21294
internal_count=31964 16893 7481 5637 9412 3380 1935 988 738 405 371 332 1844 708
is_linear=0
shrinkage=0.0752388


Tree=107
num_leaves=15
num_cat=0
split_feature=4 7 18 23 21 24 10 24 22 22 23 22 3 22
split_gain=0.337851 0.175243 0.135696 0.248973 0.410088 0.267011 0.125719 0.167435 0.324188 0.123025 0.372407 0.326683 0.245729 0.281197
threshold=2.5000000000000004 0.76607142857142874 1.0000000180025095e-35 5.5000000000000009 1.0000000180025095e-35 0.22474747474747478 1.0000000180025095e-35 0.82843137254901966 0.080128205128205135 0.22474747474747478 4.5000000000000009 0.43303571428571436 1.0000000180025095e-35 0.10263157894736843
decision_type=2 2 2 2 2 2 2 2 2 2 2 2 2 2
left_child=1 2 3 -1 5 -5 7 8 -7 12 -11 -12 13 -4
right_child=-2 -3 9 4 -6 6 -8 -9 -10 10 11 -13 -14 -15
leaf_value=0.022992936643575164 -0.037046650352645129 0.043170592693620946 -0.0011008107119565094 0.04857554624920702 -0.092901917005523665 -0.088304087916838525 0.018479557895325752 0.013545026885891752 0.013071387496311182 0.0026220818952644807 -0.0094046070169999454 -0.045300677566094162 -0.034454972424416495 0.013851000166797932
leaf_weight=3.4147880371856436 1.2381643366875312 0.38577530193288012 30.860828811274132 0.37709370273023513 0.14107532665366296 0.29204870451485454 0.33529244490682686 0.27804540382112464 0.24056013180506852 11.667908522298605 5.8548064630008403 1.8028606003545062 0.90183092789356933 9.0959760752648418
leaf_count=377 19838 749 3708 112 71 25 99 79 146 1215 1197 3055 264 1029
internal_value=-0.000351359 0.0004251 7.22372e-05 0.0116959 -0.0114698 0.00385185 -0.0148467 -0.0293751 -0.0498067 -0.000935798 -0.00585742 -0.0185762 0.0014052 0.00234267
internal_weight=66.8871 65.6489 65.2631 5.0789 1.66412 1.52304 1.14595 0.810654 0.532609 60.1842 19.3256 7.65767 40.8586 39.9568
internal_count=31964 12126 11377 909 532 461 349 250 171 10468 5467 4252 5001 4737
is_linear=0
shrinkage=0.0752388


Tree=108
num_leaves=15
num_cat=0
split_feature=0 2 3 0 6 10 4 23 1 10 4 24 21 22
split_gain=0.326884 0.136442 0.350399 1.081 0.346349 0.293049 0.206103 0.204799 0.421959 0.188089 0.270226 0.299082 0.164576 0.160649
threshold=0.3013976416472342 1.0000000180025095e-35 1.0000000180025095e-35 1.0000000180025095e-35 1.0000000180025095e-35 1.0000000180025095e-35 1.0000000180025095e-35 6.5000000000000009 0.017386890420927909 1.0000000180025095e-35 1.0000000180025095e-35 0.78759398496240618 1.0000000180025095e-35 0.34313725490196084
decision_type=2 2 2 2 2 2 2 2 2 2 2 2 2 2
left_child=1 2 3 -1 -3 -5 7 -7 -9 -4 11 -11 13 -6
right_child=-2 4 9 5 12 6 -8 8 -10 10 -12 -13 -14 -15
leaf_value=0.06946478318159692 -0.056076848979223735 -0.037387012021220384 -0.058921136428473832 -0.07064900644654401 0.0015704008356285896 0.029294751685059007 -0.048905320160805114 -0.082130776820089721 0.016955746233962055 0.045119474903005281 -0.053347328002571325 -0.032067373672033883 0.038669882311496331 -0.00812529171692568
leaf_weight=1.5233944696446986 0.43789141030720102 1.284588978863211 0.31276633627203376 0.21486098477498705 47.17611372419924 1.1820227186544805 0.23590669252826035 0.20591968631197222 0.63853673009725753 0.61042842559254495 0.2658966825247262 0.31853651857818477 0.46356540727629081 12.00699302880548
leaf_count=2257 15071 1838 1136 1445 2971 698 947 62 228 239 383 86 81 4522
internal_value=-0.000349381 0.000145664 0.0113198 0.0227571 -0.000890265 -0.00833167 0.00167973 0.0105829 -0.016084 -0.018332 -0.00223429 0.0178619 -1.07785e-05 -0.000412498
internal_weight=66.8774 66.4395 5.50827 4.00064 60.9313 2.47725 2.26239 2.02648 0.844456 1.50763 1.19486 0.928965 59.6467 59.1831
internal_count=31964 16893 7481 5637 9412 3380 1935 988 290 1844 708 325 7574 7493
is_linear=0
shrinkage=0.0752388


Tree=109
num_leaves=15
num_cat=0
split_feature=0 23 22 24 22 23 24 24 24 23 22 5 24 10
split_gain=0.304254 0.138082 0.268367 0.286882 0.293352 0.203906 0.1721 0.151548 0.388983 0.174828 0.155661 0.154978 0.358201 0.245979
threshold=0.3013976416472342 8.5000000000000018 0.25657894736842107 0.63961038961038974 0.087121212121212141 9.5000000000000018 0.73508771929824568 0.78759398496240618 0.82843137254901966 5.5000000000000009 0.39230769230769241 1.0000000180025095e-35 0.4188596491228071 1.0000000180025095e-35
decision_type=2 2 2 2 2 2 2 2 2 2 2 2 2 2
left_child=1 7 3 -3 6 -6 -5 11 -9 -10 -11 -1 13 -13
right_child=-2 2 -4 4 5 -7 -8 8 9 10 -12 12 -14 -15
leaf_value=0.0024484415845351425 -0.05524605428356931 -0.015345811841504849 -0.048096713561547676 0.031494744917736725 0.06518178645638989 0.01040575089698941 -0.027883960688883516 -0.04405056054374154 -0.0057034548621451835 0.018870653011598834 -0.026471410468891381 -0.0095812364273271874 -0.0073337868449911683 0.056084352702410412
leaf_weight=38.679624656688247 0.41424240633113996 4.6334220073845227 0.73663173993281805 0.235156853870649 0.57606070036126744 0.96737977041357226 0.89560033030466002 1.1581425986350957 11.72361197585087 3.0856592172226569 0.3579282448217781 0.36445942323189151 1.4726350472192278 1.288252696962445
leaf_count=6724 15071 1018 3028 57 98 237 226 383 1775 580 641 127 697 1302
internal_value=-0.000363623 0.00010634 -0.00903735 -0.0041961 0.0149077 0.0348778 -0.0132572 0.00139204 -0.00472672 -0.00131484 0.0132338 0.00378999 0.0195056 0.0420181
internal_weight=66.5888 66.1746 8.04425 7.30762 2.6742 1.54344 1.13076 58.1303 16.3253 15.1672 3.44359 41.805 3.12535 1.65271
internal_count=31964 16893 4664 1636 618 335 283 12229 3379 2996 1221 8850 2126 1429
is_linear=0
shrinkage=0.0752388


Tree=110
num_leaves=15
num_cat=0
split_feature=0 23 22 20 5 10 23 10 23 23 1 0 24 24
split_gain=0.283642 0.135576 0.412477 0.366098 0.156935 0.168162 0.143211 0.113334 0.134139 0.108671 0.176843 0.189993 0.162492 0.233337
threshold=0.3013976416472342 2.5000000000000004 0.67424242424242431 1.0000000180025095e-35 1.0000000180025095e-35 1.0000000180025095e-35 3.5000000000000004 1.0000000180025095e-35 3.5000000000000004 13.500000000000002 0.29329513257503642 0.22721685743224204 0.81534090909090928 0.65686274509803932
decision_type=2 2 2 2 2 2 2 2 2 2 2 2 2 2
left_child=1 4 9 7 -1 -6 -5 -4 -9 10 11 -3 13 -13
right_child=-2 2 3 6 5 -7 -8 8 -10 -11 -12 12 -14 -15
leaf_value=0.0044629399173777579 -0.054407622551159225 0.00015012909352361218 -0.065008034356686534 0.072821505037325346 -0.0079878090169208001 0.057761771034003921 -0.021223398628476491 0.020555556242871593 -0.043036653121855319 -0.026194465377611241 0.051476449087426074 -0.0043714321196018325 0.022752710800230565 -0.10764698604709654
leaf_weight=13.291191592103129 0.39218219686131206 49.050768215037351 0.90476892079459392 0.092438132858660427 0.2827579289441936 0.49659251043340191 0.059488079729362653 0.23065074085752713 0.24066044930123098 0.75904871073862423 0.22250485090671546 0.24997509871604862 0.091454612937013735 0.12239488300474477
leaf_count=655 15071 10235 3281 17 65 567 212 94 795 468 185 220 58 41
internal_value=-0.000346139 9.9322e-05 -0.00167595 -0.0383439 0.00661071 0.0365067 0.0438179 -0.0508859 -0.0145014 -0.00045412 1.76872e-05 -0.000371118 -0.041878 -0.0597521
internal_weight=66.4869 66.0947 52.0242 1.52801 14.0705 0.77935 0.151926 1.37608 0.471311 50.4961 49.7371 49.5146 0.463825 0.37237
internal_count=31964 16893 15606 4399 1287 632 229 4170 889 11207 10739 10554 319 261
is_linear=0
shrinkage=0.0752388


Tree=111
num_leaves=15
num_cat=0
split_feature=4 23 22 20 5 10 24 10 23 24 24 19 1 1
split_gain=0.265498 0.119584 0.337732 0.3455 0.145692 0.159601 0.141337 0.117509 0.122439 0.106122 0.242425 0.445903 0.175626 0.166869
threshold=6.5000000000000009 2.5000000000000004 0.67424242424242431 1.0000000180025095e-35 1.0000000180025095e-35 1.0000000180025095e-35 0.53589743589743599 1.0000000180025095e-35 3.5000000000000004 0.39230769230769241 0.23303167420814483 1.0000000180025095e-35 0.013669658821989348 0.0069572606557367607
decision_type=2 2 2 2 2 2 2 2 2 2 2 2 2 2
left_child=1 4 9 7 -1 -6 -5 -4 -9 10 11 -3 -12 -11
right_child=-2 2 3 6 5 -7 -8 8 -10 13 12 -13 -14 -15
leaf_value=0.0041697450986305897 -0.053483210603081796 -0.0015095524334412783 -0.064040346247619534 0.07168673707383455 -0.0076020042457212826 0.056959156710673073 -0.021407053536334018 0.020394950065686306 -0.040996160306256704 0.0035998716046862661 -0.020088353807620904 0.080605310498349167 0.033423679324203627 -0.020111653691669472
leaf_weight=13.268751479037743 0.37522691883850612 13.543428294596424 0.82061267510198266 0.094432420409248041 0.2831198476560538 0.46891817395226099 0.059201902829954633 0.23096390065620653 0.21898566734853375 29.144680252375569 5.7564758418320698 0.23217261042464166 0.23362264362367557 1.6311599597049724
leaf_count=589 18385 2620 2067 67 66 567 58 31 269 4506 983 41 300 1415
internal_value=-0.00033972 8.52683e-05 -0.00158138 -0.0358706 0.00621289 0.0354732 0.0430249 -0.0490033 -0.0123006 -0.000510002 -0.00479177 0.000742998 -0.0172223 0.00225003
internal_weight=66.3618 65.9865 51.9657 1.4242 14.0208 0.752038 0.153634 1.27056 0.44995 50.5415 19.7657 13.7756 5.9901 30.7758
internal_count=31964 13579 12357 2492 1222 633 125 2367 300 9865 3944 2661 1283 5921
is_linear=0
shrinkage=0.0752388


Tree=112
num_leaves=15
num_cat=0
split_feature=0 7 9 23 1 0 2 3 0 4 10 24 22 22
split_gain=0.252816 0.111774 0.459861 0.107637 0.16189 0.170226 0.154053 0.403115 0.704924 0.320486 0.296006 0.246077 0.342314 0.242866
threshold=0.3013976416472342 0.76607142857142874 1.0000000180025095e-35 13.500000000000002 0.29329513257503642 0.22721685743224204 1.0000000180025095e-35 1.0000000180025095e-35 1.0000000180025095e-35 1.0000000180025095e-35 1.0000000180025095e-35 0.55050505050505061 0.15587044534412958 0.21825396825396828
decision_type=2 2 2 2 2 2 2 2 2 2 2 2 2 2
left_child=1 2 -1 4 5 6 7 8 -4 -8 -10 12 -12 -9
right_child=-2 -3 3 -5 -6 -7 9 13 10 -11 11 -13 -14 -15
leaf_value=-0.082849991367017983 -0.053008942076609646 0.033096777982414775 0.068277274526215195 -0.025318577278864229 0.049860258109511064 -0.038212788890066011 0.00027212633416015287 -0.036261662202287707 -0.067595047214633913 -0.060432404624685875 0.039496893997908671 0.039934320074334118 -0.053078972149346523 0.028449535914770094
leaf_weight=0.22609098138946038 0.35863700879940452 0.42334129205846593 1.2710752037310151 0.76359357091109714 0.22354314133872222 0.48849218350619494 59.390085530933902 0.96661898675847602 0.19259940913661888 0.34371835416277363 0.23005662601190124 0.61343497322104668 0.43583888232751633 0.33452377813136991
leaf_count=456 15071 821 1789 673 244 408 7400 424 1049 1339 292 587 248 1163
internal_value=-0.000309352 9.93197e-05 -0.000190529 0.000288641 0.00065094 0.000361978 0.000748006 0.0146819 0.0305089 -0.000230391 -0.005458 0.0101073 -0.0196938 -0.0183837
internal_weight=66.2616 65.903 65.4797 65.2536 64.49 64.2664 63.778 4.04415 2.74301 59.7338 1.47193 1.27933 0.665896 1.30114
internal_count=31964 16893 16072 15616 14943 14699 14291 5552 3965 8739 2176 1127 540 1587
is_linear=0
shrinkage=0.0752388


Tree=113
num_leaves=15
num_cat=0
split_feature=4 7 18 23 21 24 10 24 22 24 19 24 24 19
split_gain=0.251823 0.137656 0.101847 0.209548 0.382404 0.230887 0.111586 0.142999 0.280527 0.103327 0.163017 0.345753 0.102827 0.100792
threshold=2.5000000000000004 0.76607142857142874 1.0000000180025095e-35 5.5000000000000009 1.0000000180025095e-35 0.22474747474747478 1.0000000180025095e-35 0.82843137254901966 0.080128205128205135 0.73508771929824568 1.0000000180025095e-35 0.23669467787114848 0.54195804195804198 1.0000000180025095e-35
decision_type=2 2 2 2 2 2 2 2 2 2 2 2 2 2
left_child=1 2 3 9 5 -5 7 8 -7 10 11 -1 -8 -10
right_child=-2 -3 -4 4 -6 6 12 -9 13 -11 -12 -13 -14 -15
leaf_value=0.012291206994300582 -0.034297900754954203 0.040100429489153988 -0.00086066968240389218 0.045484781099436607 -0.089696035614728428 -0.080625673247947463 -0.02011768143032025 0.01257709555475214 0.037314847998094029 -0.00062703190270463262 -0.0041688689224554133 0.078822614962691176 0.042451041632685031 -0.029241087185915109
leaf_weight=1.2215136407521638 1.0588312391423631 0.33605864747369096 59.630928855794537 0.37341417384322984 0.14140204787190658 0.30577533926270895 0.14046478884574753 0.27948758829006692 0.1628951380230319 0.95453994034687628 0.63087268896924786 0.60984515671043471 0.19117862206621794 0.076953679426878807
leaf_count=103 19838 749 10468 112 71 25 31 79 102 133 58 83 68 44
internal_value=-0.000310702 0.000321496 2.10291e-05 0.0100778 -0.011083 0.00366178 -0.0135692 -0.0270692 -0.0456867 0.0204614 0.028196 0.0388079 0.017963 0.0128927
internal_weight=66.1142 65.0553 64.7193 5.08834 1.67157 1.53017 1.15676 0.825112 0.545624 3.41677 2.46223 1.83136 0.331643 0.239849
internal_count=31964 12126 11377 909 532 461 349 250 171 377 244 186 99 146
is_linear=0
shrinkage=0.0752388


Tree=114
num_leaves=15
num_cat=0
split_feature=0 23 22 20 24 24 5 10 10 23 9 7 24 24
split_gain=0.229079 0.102932 0.337901 0.313473 0.137032 0.236794 0.12914 0.150206 0.109489 0.115916 0.0961773 0.361726 0.108886 0.232699
threshold=0.3013976416472342 2.5000000000000004 0.67424242424242431 1.0000000180025095e-35 0.47213622291021679 0.53589743589743599 1.0000000180025095e-35 1.0000000180025095e-35 1.0000000180025095e-35 3.5000000000000004 1.0000000180025095e-35 0.76607142857142874 0.39230769230769241 0.23303167420814483
decision_type=2 2 2 2 2 2 2 2 2 2 2 2 2 2
left_child=1 6 10 8 -5 -6 -1 -8 -4 -10 11 -3 13 -12
right_child=-2 2 3 4 5 -7 7 -9 9 -11 12 -13 -14 -15
leaf_value=0.0039175947408327414 -0.051790201225892944 -0.080260851226081661 -0.063662404236588213 -0.022584046232155146 0.10972402122165403 -0.021558766148419367 -0.0080447098474575995 0.055796809167168254 0.018480696645711735 -0.041022163289329762 0.0011078038031922777 0.022191345225381673 0.0028186195615732081 -0.016569873325186189
leaf_weight=13.236075579570748 0.33255824222282981 0.21554977700316058 0.79493584666602035 0.062870079458661965 0.043993044829221617 0.059852113294255105 0.27087290328927416 0.43255779024912044 0.23860927264104248 0.22198217541699705 13.594695399016475 0.30848024911392713 30.355147876503452 5.9458547078752408
leaf_count=655 15071 287 3281 103 22 104 65 567 94 795 2517 650 6422 1331
internal_value=-0.000285571 9.41606e-05 -0.00145192 -0.0357702 0.0379803 0.0662646 0.00579756 0.0341632 -0.0486199 -0.0132706 -0.000378774 -0.0285523 3.33681e-06 -0.00435799
internal_weight=66.114 65.7815 51.842 1.42224 0.166715 0.103845 13.9395 0.703431 1.25553 0.460591 50.4197 0.52403 49.8957 19.5406
internal_count=31964 16893 15606 4399 229 126 1287 632 4170 889 11207 937 10270 3848
is_linear=0
shrinkage=0.0752388


Tree=115
num_leaves=15
num_cat=0
split_feature=4 0 2 3 7 24 24 22 23 22 18 24 22 24
split_gain=0.215203 0.195228 0.364616 0.612396 0.167134 0.108336 0.365234 0.450347 0.28736 0.393938 0.320717 0.23745 0.202965 0.196056
threshold=1.0000000180025095e-35 1.0000000180025095e-35 1.0000000180025095e-35 1.0000000180025095e-35 0.76607142857142874 0.75595238095238104 0.72077922077922085 0.12916666666666668 4.5000000000000009 0.4045454545454546 1.0000000180025095e-35 0.82843137254901966 0.39230769230769241 0.71008403361344552
decision_type=2 2 2 2 2 2 2 2 2 2 2 2 2 2
left_child=4 2 3 -2 5 6 8 -8 10 12 -1 -7 -10 -11
right_child=1 -3 -4 -5 -6 11 7 -9 9 13 -12 -13 -14 -15
leaf_value=0.034693012434241513 0.060771473955799751 -0.059241016836864266 -0.059247493359348515 -0.053511752629235666 0.04793865643648295 -0.032080992155905527 0.061219091385003505 -0.0030310482220192838 -0.0041737089593503595 -0.049864362975619317 0.0035786247360630238 -0.002065161571942334 0.040783332542194142 0.043412849013812406
leaf_weight=1.9215023666201911 0.56003138958476373 0.49052708017075008 0.33607087578729988 0.28086424127013743 0.26390716718742524 1.4923023532273898 1.1253740743468363 1.1684221303867159 20.138751995012861 1.2638838699072028 20.154332997040001 16.345814648015676 0.43282974279463715 0.024875846255781542
leaf_count=152 452 17263 1523 1506 698 407 155 269 2584 2256 1910 2591 136 62
internal_value=-0.000282582 -0.025795 -0.00665283 0.0202424 0.000438226 0.000129034 0.00205104 0.0303448 0.000473899 -0.00562114 0.00650659 -0.00482723 -0.00293425 -0.0436554
internal_weight=65.9995 1.66749 1.17697 0.840896 64.332 64.0681 46.23 2.2938 43.9362 21.8603 22.0758 17.8381 20.5716 1.28876
internal_count=31964 20744 3481 1958 11220 10522 7524 424 7100 5038 2062 2998 2720 2318
is_linear=0
shrinkage=0.0752388


Tree=116
num_leaves=15
num_cat=0
split_feature=4 0 2 3 7 23 22 23 24 24 22 24 10 16
split_gain=0.205178 0.177743 0.336364 0.571645 0.1565 0.0969578 0.279262 0.242919 0.326148 0.231973 0.266902 0.125695 0.559037 0.503541
threshold=1.0000000180025095e-35 1.0000000180025095e-35 1.0000000180025095e-35 1.0000000180025095e-35 0.76607142857142874 2.5000000000000004 0.57518796992481214 4.5000000000000009 0.65686274509803932 0.47213622291021679 0.9772727272727274 0.9772727272727274 1.0000000180025095e-35 1.0000000180025095e-35
decision_type=2 2 2 2 2 2 2 2 2 2 2 2 2 2
left_child=4 2 3 -2 5 11 -7 8 9 10 -8 12 -1 -13
right_child=1 -3 -4 -5 -6 6 7 -9 -10 -11 -12 13 -14 -15
leaf_value=-0.00098761946085742808 0.05992286023211086 -0.058358410501712733 -0.058018272080027175 -0.05245120850335612 0.047088190227909013 -0.00028573017403501924 0.052489798322969315 -0.06170960032433933 -0.050401992894133801 0.062280603945847612 -0.046192551798660463 -0.036161390653538503 0.040567188695264898 0.014125954472782884
leaf_weight=6.3202819388825429 0.52860242174210614 0.46381957066819257 0.32118041623562021 0.26854749783842635 0.25168871915957325 48.970405227632909 0.093570835320859969 0.63741232878282961 0.38867609867065767 0.2917854695697315 0.28353626689931843 1.6150456728464622 2.4243751608737512 2.9659018963575363
leaf_count=205 452 17263 1523 1506 698 6519 95 2524 247 67 166 261 370 68
internal_value=-0.000258294 -0.0257908 -0.00689488 0.0197194 0.000430184 0.000135 -0.00137002 -0.0300839 -0.0056413 0.0249019 -0.013635 0.00580793 0.0110316 -0.00419785
internal_weight=65.8248 1.58215 1.11833 0.79715 64.2427 63.991 50.6654 1.69498 1.05757 0.668893 0.377107 13.3256 8.74466 4.58095
internal_count=31964 20744 3481 1958 11220 10522 9618 3099 575 328 261 904 575 329
is_linear=0
shrinkage=0.0752388


Tree=117
num_leaves=15
num_cat=0
split_feature=23 4 0 2 3 10 16 22 24 24 23 23 2 24
split_gain=0.196888 0.199264 0.161225 0.310346 0.533557 0.103712 1.56062 0.28137 0.348935 0.626281 0.653998 0.280077 0.19665 0.178591
threshold=16.500000000000004 1.0000000180025095e-35 1.0000000180025095e-35 1.0000000180025095e-35 1.0000000180025095e-35 1.0000000180025095e-35 1.0000000180025095e-35 0.069047619047619066 0.21825396825396828 0.36602870813397131 4.5000000000000009 8.5000000000000018 1.0000000180025095e-35 0.63961038961038974
decision_type=2 2 2 2 2 2 2 2 2 2 2 2 2 2
left_child=1 5 3 4 -3 6 12 8 -7 10 -10 -12 -1 -9
right_child=-2 2 -4 -5 -6 7 -8 13 9 -11 11 -13 -14 -15
leaf_value=-0.020887085268099074 -0.062580740634517379 0.059058028861064184 -0.057442072182622483 -0.056818085518431864 -0.051403393095604939 0.03185087443057761 0.0021643748563008871 -0.0088075803413023481 -0.10428359417695103 0.013972034308029336 0.035747164222097623 -0.054570577757534058 -0.07277033614018745 0.0089046673010794251
leaf_weight=0.74595610137589496 0.13298080149479474 0.49896599884232162 0.43795882094423166 0.30706025991639763 0.25680938866162251 3.7423072292076558 38.265247784258463 8.6570270699085068 0.42188593071477931 5.0263079918295261 0.44028977292327909 0.13823552764370106 1.6378864782655 4.9350454533705479
leaf_count=468 308 451 17083 1523 1489 1143 3374 864 121 1694 148 37 2744 517
internal_value=-0.000256615 1.51448e-05 -0.0257735 -0.00714686 0.0191924 0.000679695 -0.00161567 0.00465826 0.014294 0.00287425 -0.0473498 0.00727665 -0.0587699 -0.00234909
internal_weight=65.644 65.511 1.50079 1.06284 0.755775 64.0102 40.6491 23.3611 9.76903 6.02672 1.00041 0.578525 2.38384 13.5921
internal_count=31964 31656 20546 3463 1940 11110 6586 4524 3143 2000 306 185 3212 1381
is_linear=0
shrinkage=0.0752388


Tree=118
num_leaves=15
num_cat=0
split_feature=4 0 2 3 24 24 22 23 24 22 10 22 24 18
split_gain=0.185646 0.147054 0.286731 0.498871 0.0978454 0.319388 0.408696 0.261229 0.210334 0.190917 0.280431 0.174896 0.42923 0.412491
threshold=1.0000000180025095e-35 1.0000000180025095e-35 1.0000000180025095e-35 1.0000000180025095e-35 0.75595238095238104 0.72077922077922085 0.12916666666666668 8.5000000000000018 0.82843137254901966 0.29705882352941182 1.0000000180025095e-35 0.31414473684210531 0.47213622291021679 1.0000000180025095e-35
decision_type=2 2 2 2 2 2 2 2 2 2 2 2 2 2
left_child=4 2 3 -2 5 7 -7 11 -6 10 -10 -1 -13 -14
right_child=1 -3 -4 -5 8 6 -8 -9 9 -11 -12 12 13 -15
leaf_value=-0.00025458840561388036 0.058202241611281472 -0.056576469382728305 -0.055645638959615377 -0.050387074531722274 -0.030073280550519568 0.058834328919802378 -0.0028365142694411756 -0.014630938993552589 -0.0048841507840484029 -0.013644768609328633 0.019800304635908039 0.00027080703471814283 0.11150552956857449 0.022660803961488576
leaf_weight=27.925863115162429 0.47192887109849724 0.41558360261183214 0.29367495705628244 0.24593242363835088 1.4873053272635868 1.0912150806771017 1.1642926211266056 5.3601904362046744 7.3831204084433484 5.0928500035861353 3.83725353529735 7.0752874863728703 0.19416315885973778 3.2737112919426181
leaf_count=3258 452 17263 1523 1506 419 170 271 1980 526 1233 911 1627 56 769
internal_value=-0.000297832 -0.0257766 -0.00736142 0.0186877 0.000331446 0.0021611 0.0288387 0.000692875 -0.00438354 -0.00178417 0.0037102 0.00287747 0.0110586 0.0321285
internal_weight=65.3124 1.42712 1.01154 0.717861 63.8853 46.0847 2.25551 43.8292 17.8005 16.3132 11.2204 38.469 10.5432 3.46787
internal_count=31964 20744 3481 1958 11220 8131 441 7690 3089 2670 1437 5710 2452 825
is_linear=0
shrinkage=0.0752388


Tree=119
num_leaves=15
num_cat=0
split_feature=23 4 0 2 3 7 22 24 24 10 23 24 23 22
split_gain=0.183892 0.180867 0.133157 0.264805 0.466089 0.0905167 0.0825629 0.0744059 0.217649 0.197107 0.351262 0.358227 0.199397 0.262086
threshold=16.500000000000004 1.0000000180025095e-35 1.0000000180025095e-35 1.0000000180025095e-35 1.0000000180025095e-35 0.33108974358974363 0.23303167420814483 0.10263157894736843 0.26969696969696971 1.0000000180025095e-35 7.5000000000000009 0.23669467787114848 6.5000000000000009 0.23669467787114848
decision_type=2 2 2 2 2 2 2 2 2 2 2 2 2 2
left_child=1 5 3 4 -3 7 -2 -1 9 12 11 -11 13 -9
right_child=6 2 -4 -5 -6 -7 -8 8 -10 10 -12 -13 -14 -15
leaf_value=0.0042616700413424663 -0.076231323836392112 0.057321587821945616 -0.055649920228885069 -0.054499806137174187 -0.049376954077684145 0.035316313932481691 0.012470962850758799 -0.057473291116332446 0.00064038214882036607 0.05998763714093721 -0.039104678430382712 -0.010975485970351553 -0.0046627161251892139 0.0040990120395851901
leaf_weight=19.204346702842486 0.10282720205100204 0.44605496837902936 0.39299390881774343 0.28098965782419327 0.23545994928736036 0.26969633557018724 0.028162883835420871 1.3466962230995698 38.928805070706858 0.62068286890280411 0.59734774418757286 0.75819009807310067 1.4713153976585998 0.5033565248859303
leaf_count=2251 72 451 17083 1523 1489 710 236 74 6994 109 116 101 528 227
internal_value=-0.000269806 -6.20469e-06 -0.0257588 -0.00760492 0.0181671 0.000602085 -0.060713 0.00037002 -0.00132869 -0.0154108 0.00331889 0.023764 -0.026211 -0.0416857
internal_weight=65.1869 65.0559 1.3555 0.962505 0.681515 63.7004 0.13099 63.4307 44.2264 5.29759 1.97622 1.37887 3.32137 1.85005
internal_count=31964 31656 20546 3463 1940 11110 308 10400 8149 1155 326 210 829 301
is_linear=0
shrinkage=0.0752388


end of trees

feature_importances:
Column_22=221
Column_0=218
Column_23=195
Column_10=168
Column_4=162
Column_5=131
Column_24=131
Column_2=91
Column_3=75
Column_16=68
Column_11=50
Column_7=47
Column_1=30
Column_9=25
Column_6=18
Column_18=14
Column_20=11
Column_21=9
Column_19=7
Column_25=7
Column_8=1
Column_17=1

parameters:
[boosting: gbdt]
[objective: binary]
[metric: binary_logloss]
[tree_learner: serial]
[device_type: cpu]
[data_sample_strategy: bagging]
[data: ]
[valid: ]
[num_iterations: 120]
[learning_rate: 0.0752388]
[num_leaves: 15]
[num_threads: 2]
[seed: 20260926]
[deterministic: 1]
[force_col_wise: 1]
[force_row_wise: 0]
[histogram_pool_size: -1]
[max_depth: -1]
[min_data_in_leaf: 42]
[min_sum_hessian_in_leaf: 0.001]
[bagging_fraction: 1]
[pos_bagging_fraction: 1]
[neg_bagging_fraction: 1]
[bagging_freq: 0]
[bagging_seed: 19559]
[bagging_by_query: 0]
[feature_fraction: 1]
[feature_fraction_bynode: 1]
[feature_fraction_seed: 9132]
[extra_trees: 0]
[extra_seed: 31285]
[early_stopping_round: 0]
[early_stopping_min_delta: 0]
[first_metric_only: 0]
[max_delta_step: 0]
[lambda_l1: 0]
[lambda_l2: 0.152712]
[linear_lambda: 0]
[min_gain_to_split: 0]
[drop_rate: 0.1]
[max_drop: 50]
[skip_drop: 0.5]
[xgboost_dart_mode: 0]
[uniform_drop: 0]
[drop_seed: 31669]
[top_rate: 0.2]
[other_rate: 0.1]
[min_data_per_group: 100]
[max_cat_threshold: 32]
[cat_l2: 10]
[cat_smooth: 10]
[max_cat_to_onehot: 4]
[top_k: 20]
[monotone_constraints: ]
[monotone_constraints_method: basic]
[monotone_penalty: 0]
[feature_contri: ]
[forcedsplits_filename: ]
[refit_decay_rate: 0.9]
[cegb_tradeoff: 1]
[cegb_penalty_split: 0]
[cegb_penalty_feature_lazy: ]
[cegb_penalty_feature_coupled: ]
[path_smooth: 0]
[interaction_constraints: ]
[verbosity: -1]
[saved_feature_importance_type: 0]
[use_quantized_grad: 0]
[num_grad_quant_bins: 4]
[quant_train_renew_leaf: 0]
[stochastic_rounding: 1]
[linear_tree: 0]
[max_bin: 255]
[max_bin_by_feature: ]
[min_data_in_bin: 3]
[bin_construct_sample_cnt: 200000]
[data_random_seed: 5105]
[is_enable_sparse: 1]
[enable_bundle: 1]
[use_missing: 1]
[zero_as_missing: 0]
[feature_pre_filter: 1]
[pre_partition: 0]
[two_round: 0]
[header: 0]
[label_column: ]
[weight_column: ]
[group_column: ]
[ignore_column: ]
[categorical_feature: ]
[forcedbins_filename: ]
[precise_float_parser: 0]
[parser_config_file: ]
[objective_seed: 2641]
[num_class: 1]
[is_unbalance: 0]
[scale_pos_weight: 1]
[sigmoid: 1]
[boost_from_average: 1]
[reg_sqrt: 0]
[alpha: 0.9]
[fair_c: 1]
[poisson_max_delta_step: 0.7]
[tweedie_variance_power: 1.5]
[lambdarank_truncation_level: 30]
[lambdarank_norm: 1]
[label_gain: ]
[lambdarank_position_bias_regularization: 0]
[eval_at: ]
[multi_error_top_k: 1]
[auc_mu_weights: ]
[num_machines: 1]
[local_listen_port: 12400]
[time_out: 120]
[machine_list_filename: ]
[machines: ]
[gpu_platform_id: -1]
[gpu_device_id: -1]
[gpu_device_id_list: ]
[gpu_use_dp: 0]
[num_gpu: 1]

end of parameters

pandas_categorical:null
